original,renamed,sha256
1206-cornwell2901b.jpg,the_valley_of_silent_men_by_dean_cornwell.jpg,bb28b1d4d1688501edc9d00187a8c3f672544c6007727e172e2fc0269947d262
145ersgnuifh1.jpeg,3d_medical_scan_of_obese_person_s_skeleton_and_organs.jpeg,12777f54ceb5f6990edc5aca0a1d9e577bf1cb61e223459c344f1ad947c9277a
1500-Cornwell41152.jpg,painting_of_historical_figures_carriage_and_castle.jpg,023126feef1ebff0282571ce8b6757ca8153d711dda95c47bace92f44b0d7b4f
1690387428230210.jpg,photograph_of_an_urban_industrial_landscape_at_sunset.jpg,dcb418c50aa9b4346c4d0a5da94378199ec9b4a6f9c037900ea5f10060680b72
1690736230577770.jpg,painting_of_a_palm_lined_street_at_sunset.jpg,5b0da17d7792c8ef63896467349b83148b2d3a10b212cebf62ab37e10cbc9e31
1691483060405403.png,modern_glass_skyscrapers_against_a_gradient_sunset_sky.png,3e4084823d56978b6613d00d0a01c0cfbbb969526d99be7f51aba138edf2e58e
1709081159157806.jpg,zilog_z80_z0840004psc_1982.jpg,e6b51318d21dd5f9e20f44694f3bfa0127b4e60b65c1089befa2aa8d04941f68
1710996289718025.png,anime_schoolgirls_assembling_components_on_a_circuit_board.png,07a41134fc2b465383fa51a93a42542dcde21d7f03e62a58ee487afaaa15c13f
1716840465885855.jpg,snowy_street_at_night_with_person_walking_away.jpg,a7a64d9516f5b907356deb9c53ad7e60328bae0b98c49b84dbf304165f24c17b
1716840841366695.jpg,person_sleeping_in_bed_overlooking_a_neon_cyberpunk_city.jpg,9ed57aedad586ca5dcd0314b7e2044b7b2cb2586c4de6ae89ecc167570e92aad
1716841028019914.jpg,figure_walking_past_apartment_buildings_in_snowy_night.jpg,76d69c70e65891f54663324757b2bc50963bf5a3392c4229f968db1217f95ca7
1716875580662680.jpg,photograph_of_a_rainy_residential_street_with_cars_and_houses.jpg,90efdce843823d48853304ba631cc3209e4d1e80a6d52a09f7b433dcfbc644fc
1717661357360018.png,webpage_displaying_autogenerated_4chan_banner_list.png,8225fb2acf9442a64e816c6c38963610f3992b0ea9a0284079a960760b657144
1718810707030181.jpg,a_painting_of_cranes_in_a_misty_overgrown_landscape.jpg,d3c1c888de24217347b5fa2f268cc493f5bcb6706f1ffd583e080006b585228f
1718810825962903.jpg,forested_lake_shore_with_dry_bank_and_calm_water.jpg,f98ffcda1cf16ad6f744d1bf976e79882d751a5d780bfa39af2a01cc8f5cfd68
1718810909184722.jpg,photograph_of_a_snowy_city_skyline_at_night.jpg,baf76a92d7453f099f8228e6d523b2e01098055c4ced44b50575d92970a22c2f
1718965363339367.jpg,grand_hall_overlooking_underwater_city_with_people.jpg,ff59a94268bc1dbc3e9aac182c5ede167a730a70d72947b6168557ecc4055c67
1718965443999981.jpg,photograph_of_a_lone_figure_walking_on_a_snowy_frozen_lake.jpg,4cea9515d3db226656f951a38d63e20b276d120c9e3968e228874c7f683d0c37
1718965525185818.jpg,the_crimson_forest.jpg,f6e28963af106cee328476eff5abc9fb632e474fd5e69bfffbeef3be6646cd0a
1719120011352912.png,photograph_of_bare_trees_in_water_and_on_shore.png,80c2d081d6a453d4c4562b2f47178f11968a4571b4fdf2f4618a7160bc6757d9
1722965622510131.jpg,detailed_white_electrical_schematic_diagram_on_black.jpg,d9857750affb98e0f981e1b97956028c8f3f071f8b6a1dd099b8a890e50f88ba
1724239777966969.jpg,dark_winter_landscape_with_snowy_cabin_and_bare_tree.jpg,ebe72d0725085458184f9d1154c132f92c27c4a7e22dcf9cfdad81397ea3d18f
1724533141780277.jpg,graphic_design_aesthetics_1980s_to_2020s_starter_packs.jpg,d365a0ab981e10c8845eae45ed01806f66a53d5e7a97e51737cbfdb34c5a9acc
1725222245180858.png,pixel_art_sunset_over_rocky_coastline_with_castle.png,6623a6ec118264156cd1105311f8933726eca3cbc3c0ba894f25689cca3e6008
1725481004929917.png,white_ascii_art_text_bedrock_linux_on_black_background.png,671e4a342a70e06e732de177c662fd58f78a5949b4057120a77a36d9495b6ab7
1727851268820224.jpg,blue_toned_illustration_of_a_rainy_cityscape.jpg,af558b23f259a5c661c05e4ef1cf9079605ce47a53ca3eeb9305225948b3f04b
1729040313010703.jpg,miniature_person_hitting_circuit_board_with_hammer.jpg,d07e752543fe2913509f348d63e5c7e29742063547e0a11059336e23d1457921
1729897045154532.jpg,white_symbols_on_pink_gradient_background.jpg,9294a110ae58fde800f51a5a353609a4bd9317ece0e4bf2b28932a4970518287
1733043385299096.jpg,close_up_photograph_of_pink_flower_buds_on_a_branch.jpg,eabd6d0d500882029740dcd490629faf23519ac823dc362856daef13fd893da8
1733543937626316.jpg,integrated_circuit_chip_walking_on_dotted_lines.jpg,185293a0a8a48b1b3983d1bfd62e5725d287dfa895e5e88b8c9e20d18d44aa76
1739126459051179.jpg,photograph_of_two_large_geometric_white_buildings_facing_each_other.jpg,cc8734f7c3b36170e4c007d443dff652c692020451add318f34dbf73a7c8747d
1741311906631989.jpg,photograph_of_two_folding_chairs_in_a_dimly_lit_room.jpg,b74febc7b444370cb984fbb0afa2daea8498fa8bb80b5f3971ffda760cb959b2
1741784462828087.jpg,single_tree_in_yellow_field_under_blue_sky.jpg,216f43e1bb98c84c7ccd5a864b3b50997521a29793915fb8207b34b36c6d5917
1741784525091204.jpg,calvin_and_hobbes_comics_exploration.jpg,24cc5d4dc5a46e14a3138f3fadfce10a3c71709a950b109ac9356af21d91cb8b
1742033379355822.jpg,monochrome_photograph_of_elevated_walkway_with_two_figures.jpg,666b55379ca3d4eddc73e60a2948973d4a88a0f5230f299fab3f634de1ff6b91
1743624222913490.jpg,photograph_of_apartment_buildings_and_green_trees.jpg,b29d6cea53a7836e3cdba047fc6855509ad090e2bd00f75c0d25989f527bc586
1743887028047024.jpg,black_and_white_photograph_of_a_drooping_flower.jpg,ad1f93cdd315aa8e5b93d2ba21dfb19982b093b8459458e60a917b6cb58b2425
1746389977612858.png,pixel_art_exploded_hamburger_with_floppy_disk_patty.png,06ef9e4094b3cbbbc0cd25af158772d87a84e203f65058b992522080d41352b3
1746390505638752.png,pixel_art_of_snowy_mountains_and_ancient_temple_entrance.png,835d48a5f372829a19d84be82391f186061901a998d492466464fb0bf79424ac
1746390604415598.png,pixel_art_landscape_with_pine_trees_pond_and_rain.png,69c72fad38871a4c41f9a2a4ea2afcf6348daf52643ca89d6c66c16334419ad5
1746390732912849.png,pixel_art_landscape_of_snowy_mountain_evergreen_trees_and_reflective_lake.png,6026abd97066557908519844cb96975fcccf6a6cfd9fe45ec618265b893d9de3
1747577976560389.jpg,the_migrant_mother_1936.jpg,6fe73de4ffdf0a6a38f2d6a9170c7c147a9c8fd879d0cf3ddcd3de657d5ffa3a
1748214835799563.jpg,photograph_of_a_foggy_town_with_distant_lights.jpg,4080bf0059dcef2811069dc9a8381f2679e7319b238a1c042016c730bd9fbda1
1749301652622784.png,diner_booth_with_breakfast_by_a_large_window.png,82ef22c43126283da13289d7409847f64f9f674c4d1313fcab9536a29358cdf8
1751451563911397.jpg,line_drawing_of_ancient_warriors_fighting_over_a_fallen_body.jpg,0c473989af59ad9bd3be7f000836f89cadaad2030505b28ff8daa02d8faafafc
1754175944708371.jpg,black_album_cover_with_white_circle_and_tracklist.jpg,c58220919f2317af009df2852e49440b6fc7d3605049ba59fcc933c8e8cfd687
1754744902422424.jpg,sextant_by_herbie_hancock.jpg,7b0716135a43319fc50a51fcae785a19777664b1647ee6e5f0185446db9fb5e4
1755652333080807.jpg,pink_flowers_and_buds_on_dark_green_bush.jpg,7211e174ab4ea3e87281579588a24c5185d50f1d7169be21379671f34a093de0
1759866093583414.jpg,photograph_of_two_buildings_at_night_one_foggy.jpg,1841f0f5f2a5b329f8d7723a09e60eefd925c734b85417c2e36d45b4ac739b04
1759868264529578.jpg,photograph_of_utility_pole_and_power_lines_against_sunset_clouds.jpg,86bbaf57201ac9942b5846f62dcafd05630d22a3e55eade6e32d7fb24101c177
1759869482038306.jpg,gothic_by_andrey_bakulin.jpg,38614577681db7d55c2985017677668be7abced8b704b3b31e56224092a6f3ed
1759937779921676.jpg,painting_of_a_woman_lying_in_a_boat_on_a_misty_lake.jpg,6052e7bf3ba708005bf222a91f1c66b231781329fd7a87d74c75b83b4b2c32f1
1760180921548951.jpg,person_looking_over_hazy_town_in_rain.jpg,62c7d06def1d7c11ad549feceb07799151f5cb172b70c5df78d62c42bc612035
1767673107384241.jpg,solo_cup_company_jazz_waxed_paper_cold_cup_by_solo_cup_company.jpg,21a133126d3387cc424b43f16dc8f00415a5f22ffc72e39dc9fc54aac0813ac7
1768014429854735.jpg,photograph_of_a_mountain_road_through_forest.jpg,146aa65f0e05cb284b43bd95a8654020935c2cbcf45c977a5493e7e9d1063a3b
1769132533793852.jpg,cozy_bedroom_with_snowy_forest_view.jpg,ec4884d018937504878367f9e62b4cc6fe37e598153cddb6ac0670453d07dec1
1771786642320200.png,dinosaur_boulevard_by_james_gurney.png,c10b3fc7d9f94fed929b260f19016d4d926456da797e94c4bc841b94559857c4
1773164317293189.png,abstract_diagram_with_black_lines_and_x_marks.png,4380be3c64acda45ac053206f0ed2dfe94c135915e411b7d04aa927eb76a04a5
1773377293896315.png,stylized_night_landscape_with_figure_and_flying_objects.png,b154c96e7d4eb5d7fb504f8237cfeb1d42069179deed5f8a07184b39389134d0
1773551952315125.jpg,abstract_glitch_art_pregnant_woman_silhouette.jpg,37e37cca8d7d30020dd76a8ec383b57831f22c8fb4f713ea3b4e0cdbd0432cc2
1775254359131328.jpg,centaur_fighting_wild_animals_mosaic.jpg,19d42c664d79f648f4d6124156059ea34f6212ac6f62f8f00dcb4310d23a52fc
1775255881581678.jpg,massive_dark_blue_cloud_formation_over_flat_landscape.jpg,e135d499b71e2b9d3bd9e84939482f173327fef89f7e2cb11464adeaaf5b53d1
1775256103506700.jpg,sepia_photograph_of_men_playing_baseball_in_a_rural_landscape.jpg,3f2139adad854954cc51ae619c232f0fdc5d035752d119b12ec28fa9049afd18
1775256894766458.jpg,a_cat_with_wide_eyes_lying_on_a_newspaper.jpg,8d246342e134316bf979cd1d2e439d0550952dd78cfb5a6c3cac340c354cc2a9
1775256927154887.jpg,photograph_of_engineers_in_a_large_industrial_control_room.jpg,c39afead1a1f311ffdd277012cb67ac47c6ce21cc319426376476b695e4ae46d
1775268385336452.jpg,paratroopers_descending_from_planes_over_a_landscape_photograph.jpg,c08786b93575931d8d5a39ed559ec53ba01e1ed20a537c468494487895779bbc
1775273787846237.jpg,photograph_of_worker_carving_abraham_lincoln_s_face_at_mount_rushmore.jpg,e93fd850037d166ce964b77ff99a4a4e5db673219cd0aa4e3372d9764ae2f2bb
1775274238670573.jpg,photograph_of_soldiers_marching_in_desert_landscape.jpg,a27803fec05d94236ebe6afd467dc04b1eaf90506fd9960bfb0aad5ea7cf38f6
1775274318819886.jpg,manga_illustration_of_a_person_on_a_boat_in_stormy_waters.jpg,b9eb909a48bb9142e95965d35b52902da27072c45deb32e29ac32dcee5ab334c
1775274670395524.jpg,soldiers_disembarking_landing_craft_into_choppy_water.jpg,ab42acea163a6d718bfbd1a5875ed59d38fda1907227f07fc31d20e896eb8a0d
1775277014103120.png,silhouetted_soldiers_crossing_a_bridge_over_water.png,d75a11414f0048216d648eed3df40fedb54d071e0dcb7d04946f51ad5b25e495
1775614347372401.jpg,painting_of_a_large_battle_near_a_pyramid.jpg,72d315a304d4a90b806476e029986a8c61cb50ed74fdf607fbbbc8e4195d893a
1775617884785918.png,cartoon_of_a_tiger_in_a_treehouse_and_a_boy_with_a_newspaper.png,e28c17905e00b82c430156d60e03b0ccfb02a37c49fc99dbf03026bc728d1f2d
1775618187258512.jpg,black_and_white_photograph_of_two_figures_walking_on_a_road.jpg,78a9df681a20056a70cd3180625a5a13be9d49cebd08eb1df814d15886f2468c
1775618737493669.jpg,painting_of_a_large_sailing_warship_towed_by_a_paddle_steamer_at_sunset.jpg,8104de21e7f4d43f7225e74e0548e8d93d50165bbab2d31066da61ec9613fd97
1775939539452095.jpg,photograph_of_a_person_in_dark_clothing_with_blue_green_lighting.jpg,2fee99b87e23246862c50c6260a00a602624438899757c8bd725573790f40caf
1775939692503852.jpg,green_lit_room_with_grass_walls_and_curved_seating.jpg,14165f1dac67a1a6c544cf8ca9a42490328d9c47584b8da051ed068a6a89ad7a
1775939949744060.jpg,long_green_grid_patterned_hallway_with_benches.jpg,40acfe7ff1bf0f1a39782fb530fa2663765597c911d2525f39531f5e769b8c34
1775975716622281.png,the_night_of_the_hunter.png,508dbb8b9c0ec067e0451a2a5fb59c0c54ff1e2b5194a86f5bf83490547d775e
1775975915571617.jpg,painting_of_a_couple_on_an_icy_stormy_shore.jpg,d66838d0d6653d4db95e0e32d710b4419633aab2c8196ab89c040323faf85e09
1775976506790151.jpg,person_with_umbrella_in_foggy_cemetery_with_bamboo.jpg,3aacdf5811e2bcde8fc718b0cac00439fc8387d7d8bd6d0401bc8478ed0fc6b7
1776006824410368.jpg,dark_illustration_of_antlered_figures_in_a_forest_by_a_lake.jpg,060509527721330832081358a43e223c7e2e71bab6bca7b0e759650b1b9d6a5e
1776010400149810.jpg,man_with_prosthetic_legs_and_baboon_operating_railway_signals.jpg,b25f46e169ea4ded2faece4a458a7ce1c17faed71d2b001b5288252d2896588f
1776039936433883.jpg,aerial_photograph_of_san_francisco_in_ruins.jpg,0b5c837e8641a97161636fb76610ecce33c5547f1cb5986b6ccea65fda296920
1776212020825371.jpg,monochrome_photograph_of_a_person_on_a_rooftop_overlooking_city.jpg,a17b4e05ce6bf05c03916340311f98cb503d7a8f8d68be86cf8001a7de077a6a
1776429777481006.jpg,abstract_digital_illustration_with_blue_sky_and_technical_elements.jpg,50f909e0d0901d5ea27ea7f44107a18948196451e9274e9ea913447e6828e881
1776473794280930.jpg,sepia_photograph_of_soldiers_and_kangaroo_at_pyramids_encampment.jpg,13d0b672efc7d87073da588caf21f9914e2552fdc307df89d0550152eb19aa27
1776474681326665.jpg,soldier_silhouette_on_snowy_mountain_above_clouds.jpg,e03c1a35e90849602084672224bb5db372102fdfc0b5d29bf2019f2426be4f8c
1776475205428909.jpg,long_line_of_people_climbing_snowy_mountain_slope.jpg,b1faef3b1a53e88552f200c1e46f6f352aa3056161dd3eb2d999e5db931dec22
1776475318394752.jpg,black_and_white_photograph_of_a_mountain_town_street.jpg,e6e392aa25994c5c46ae02a889b0d2b72f40d6e150a052d2421fe0248e7f5421
1776557534194631.jpg,woman_leaning_on_tiled_wall_overlooking_cityscape.jpg,593d861affa112d16047405fa00632a859f4a2f9e2929538beb7c52654483bab
1776559104983930.png,painting_of_giant_crab_attacking_cars_on_highway.png,55748c4780c14efb091844caca69f99fd9fa296210109cec40859c0a4ce80f82
1776560132339405.jpg,photograph_of_volcanic_eruption_with_ash_and_debris.jpg,3cc39fb20836faac9aa9448ec5c1b5ff2d44c2bfdd7b5a5a5e6ae0acd8a50fd8
1776560195908046.png,photograph_of_a_parachutist_above_a_burning_object_on_airfield.png,c97a8dd28df6791828631b403c10a9611abf8e000c928cb042e98ab5a3cc2af4
1776564256766741.jpg,dark_night_scene_with_figures_lights_and_reflections_on_water.jpg,09fe8e60dbc5404186f8b5797d174d1f8daf78b943094621fb7701582c5d6177
1776564368218444.jpg,black_and_white_photograph_of_cavalry_watching_a_biplane_fly_overhead.jpg,3576c43fc77d0bced7fb001a45037cab676fac7fb6085ed6ee19e782c22a0269
1776564741692771.png,engraving_of_a_spiraling_tower_with_distressed_figures.png,b4104bdff6355840386cbb8d227e95158ed2590602833bd20b04dadffb24402e
1776565322932345.jpg,japanese_woodblock_print_of_ships_map_and_text.jpg,5e463a8b972a17c3b1f3bded4e30105e4a4b4257657e23b2a991998a1cb946e8
1776565527300281.jpg,medieval_manuscript_illustration_of_a_battle_scene_with_tents.jpg,255f7766a86a2e8839b19e87ddfc5622e3e2ed6f76bfd60dc9c87de204c78758
1776615613819143.jpg,painting_of_an_arctic_landscape_with_aurora_borealis.jpg,2a311eab5ba54b943c79838fd9b6886d0d21305acef25afbdca97518c44051f4
1776615678565180.jpg,two_girls_on_half_track_motorcycle_in_ruined_city.jpg,5da89c96150c59d2ee902336620c827605f50644888b9db215e9165abece6728
1776616679894165.jpg,rider_on_horseback_galloping_through_fiery_battlefield.jpg,cdf2c84106e0a8b78df74c5d4e21e1a735acc6178ff802ff4870a48f99c365ae
1776616742166662.jpg,japanese_woodblock_print_of_figures_fishing_by_sea_and_mountain.jpg,366025f3442fc37d54f140b86e806930683887a8f13477ce92a2bb819534113d
1776617268760406.jpg,photograph_of_silhouetted_soldiers_walking_along_a_ridge_with_reflections.jpg,a95e2869f6e38cb880df3ebff9eb00637ebe41becc927d95e1523a84d9afe843
1776617462613860.jpg,photograph_of_urban_demolition_site_with_world_trade_center.jpg,c869654669f7919516fb82266aebd7e0ff14af66b21ce0b3bda02d415386747c
1776617550538848.jpg,figures_with_long_shadows_on_a_desolate_landscape.jpg,b15a1c27a965e6d09bbb4b66225e907fd47b2ec91e0ee34ccf5a5709703166ca
1776617712633388.jpg,japanese_woodblock_print_of_people_walking_on_a_path.jpg,f69c88b90b5472842952f079bdad538c1165459ea7c9fb79fc5648deba4a66b0
1776618007700457.jpg,painting_of_a_man_and_green_figure_in_a_cafe.jpg,77c8a90d761eabea2488593a67b70ad272646f8f79077f3cd359cf14a1b8349d
1776618721875056.jpg,anti_aircraft_fire_lighting_up_night_sky_over_city.jpg,129d1df47e183b3636c33301acf0f03b6773f1ea9ada1639cb9b3dbd492de0c6
1776619147399814.png,black_and_white_photograph_of_man_leaning_on_desk.png,00c9632c1ad38f713dbcfa4b5ef41b063a00459647436d2e5eba85c5a9e9407d
1776619413737510.jpg,astronaut_and_lunar_rover_on_a_gray_rocky_surface.jpg,4006300e040b6b04584b89188e470881e066a044226ccceffb0310d41f584055
1776691266791513.jpg,nighttime_diner_painting_with_cartoon_figure.jpg,33c6545345b2647d22a78faa30d92442b5c42432cf807050a25bdb07593a9795
1777448110846522.jpg,dynamic_illustration_of_red_haired_figures_and_spiked_weapon.jpg,41014f70feea5c93cb9dc80db461dcb4eee0a31362d3cc6ec9f017f607b75c2e
1777463063396298.jpg,soldier_with_machine_gun_helicopters_and_cityscape.jpg,9aecd79297dfceea9413b6df7861539a7c962a415a5c1cdf24afd568b0653ee9
1777466857216316.jpg,detailed_line_drawing_of_a_fantasy_figure_with_weapon.jpg,5188e0da824d8924f869b147ffd81ebd50bceed344b9bb81911d58572f601b29
1777466936801110.jpg,painting_of_a_woman_offering_a_bowl_to_a_man.jpg,f813737bb18a420de2150cead2f01a8428495cf4d34f286cdf4180cd12de7041
1777468338395548.jpg,fantastical_landscape_with_airship_dragons_and_waterfalls.jpg,a3bd315ea1b40fa990314b247872339a066d5e082563250cb1fcb0de96c9df11
1777468378283789.jpg,painting_of_a_couple_on_rocks_by_a_wavy_ocean_at_night.jpg,9ce8fed58ad3cad072065bbcc9c54adf3122fece2a63a4e7e00cc9eca1993ee7
1777473929390231.jpg,painting_of_a_white_pegasus_flying_over_a_city.jpg,99973e28b2dade2c98315118ce6931cfb9de37acb3817378f6366dfb3ab289bf
1777474294424801.jpg,painting_of_godzilla_and_king_ghidorah_with_a_launching_missile.jpg,a0470e18f8e5a7328707b1d09845afa583cdaaac366ac310e85b9efe02467a1f
1777493626755603.jpg,santa_lilio_sangre_by_ayami_kojima.jpg,a0a58f051bb77814ceb9b6b1378bf2b9465b8c506df9cf38f91f6d083f6ba347
1777493687883583.jpg,painting_of_an_old_king_with_golden_crown_and_goblet.jpg,03af7c70e8612476f42e5096af3630a47733c50774ca2b8a4dcd09e54275b9ab
1777563694045535.jpg,vibrant_horror_comic_illustration_with_monsters.jpg,afb6d2012e7aa850ba026ec69f731763c0c017fc9a11f074d03cb20fe5c5ddbd
1777611990805351.jpg,blue_submarine_and_winged_figure_ascending_in_blue_environment.jpg,8f364ec6b97b5285d6dc93b1d6f9f0f54e9a43b2168506a17a5f61c87e3b7110
1777645182203023.jpg,illustration_of_mermaids_on_rocky_cliffs_by_the_sea.jpg,622dfeebb9f2abcd848ca53c13c0f7df8ed43d7691e67f53562c063547e94452
1777668046595826.png,four_stylized_digital_paintings_of_diverse_characters_and_scenes.png,7fed34f05681a90acdc38a1a9c5a10ef893ada685c2f722b843393fe14a35e34
1777668398247180.jpg,detailed_diagram_of_metal_gear_rex_robot.jpg,36c7018dcd35bce2be386c7865e96b6b3f3c889d4db64bd2f9ba799dc33d2b16
1777668550392424.jpg,detailed_line_drawing_of_a_bulky_robot.jpg,f7be316407e61873658384d38facd70f4b73cec41953c1c058024c0392f44672
1777668688355813.jpg,detailed_ink_drawing_of_a_large_robot_with_japanese_text.jpg,a311207240156879b7d65e5027ed517508d8ea61697958996af895514e2543b5
1777680872012469.jpg,vibrant_painting_of_life_s_journey_and_cosmic_wonders.jpg,64a05efad63e129a78b199fa3038103a83483fcdd874bab87b64ef9e81b99ee3
1777681598932945.jpg,black_and_white_drawing_of_two_anime_characters.jpg,64316d1a7d27ecc2f8c5fdf30ea9c0c06130c0b89aa28d066175a97a8b74c147
1777681678500117.png,stylized_painting_of_beer_cigarettes_and_sandwich_with_landscape.png,95f7b054c2931fe567d33c3e6f33a12beda73dfb372e765c1d604b38f1c63b43
1777681929404279.png,grayscale_pixel_art_of_crowned_figure_in_desolate_landscape.png,f1a1d8ee129037400570910f087333479b6d44e275070eacb8ff6d455de72a6e
1777698620220170.jpg,dynamic_figure_on_abstract_spiky_forms_painting.jpg,9775868e2dd3abf4dc5effce8c04a85f0dcc9af50b0314ef53cb5e5046bee92d
1777720320188848.jpg,painting_of_a_bald_man_in_black_cassock_with_book.jpg,7c62efe31ada711decd41d871c7579d199d1491a0b99a9d1cd8978534aeb8bf1
1777720419756308.png,painting_of_a_young_person_on_a_ship_s_cannon.png,c91d8dd26a2dfa3345d5cd9e38b529f43a71367d220c06b2e48a0552166903fe
1777720575778674.jpg,painting_of_a_woman_holding_a_distaff.jpg,6a253c8c94ee52c45d3eb17dc187891ffecea6a2d2a96b1722deb2e8dc9da0c1
1777731767326824.jpg,godzilla_vs_mechagodzilla_ii_1993.jpg,937b8cc3902b791533c2b0e860025c4fb262e2f986033fa5fedb551b3a3b8cf5
1777817158936356.png,illustration_of_nude_figure_encountering_antlered_centaur_in_forest.png,9ca0daa4680407c5e7c18654b4732c69abb904e047fa04ff52484b3ddd211db1
1777817240661409.jpg,line_drawing_of_a_woman_s_head_and_shoulders.jpg,e71eb041c48cb90e64127b1fcbdee4b0e47e2b776302e7df854c8ae06c06d9a3
1777827692161831.jpg,aerial_painting_of_red_roofed_city_with_canals_and_trees.jpg,bd229feac1a472c1edc83286f996884d4eafb06fe4be52be8264ec2b8f7903d0
1777827810464253.jpg,detailed_cross_section_illustration_of_a_busy_riverboat.jpg,2fd25dc48c7e215e4f83994f85793e99706cfacfb9a4f2bd33f87f62bba1ed9a
1778081305096581.jpg,stylized_illustration_of_a_figure_holding_a_staff.jpg,a9b1f9ad027b3969c3b380243336c718000163e06dd9fa226f7e4b18716acfeb
1778082301126018.jpg,stylized_3d_character_with_mask_and_pixelated_top.jpg,ef054fdf653dc715fa537d55f34f0dce9e92ffbd39407f931ab9308da8844ca0
1778098446370516.jpg,illustration_of_numerous_video_game_characters_at_a_feast.jpg,f18d68a4e1031f838b8d662e04e969b8b205a89a2cb1c3072dfa21a53eddaa56
1778157878610726.png,pixel_art_illustration_of_vampiric_couple_and_monsters.png,69ad64ac968215dee4c8e8855f08d85bf7edf9b91c21fbc653c5342c063fed80
1778238487483839.png,pixel_art_female_knight_in_armor_with_game_ui.png,fe309774539625c67017d671aacc4b52900bbc301a11d465b89959ce5a7b4414
1778240777272545.jpg,ink_drawing_of_demons_and_women_in_a_bar.jpg,8d5d58c393e071ba5ae2e7df576846aba7e6eefb947a9814bb9d452c14a70298
1778249549246771.png,multiple_pencil_sketches_of_human_skulls_and_head_shapes.png,35a1c69d2482ccd74ee24dc91856f2cbc7a854c84cc5b1ea4c9d53ed1802dec3
1778455406371508.png,painting_of_a_broken_futuristic_spacecraft_on_an_icy_alien_landscape.png,bc7e0adc75d8bc09e0b23f478d4a94d9a2d4f53bf1fdbc9897401cb5e3c61ec6
1778455659858142.jpg,nature_of_the_jurassic_period.jpg,b6d8f3905a6a5a5b74e21da83d726984f52352d55674f4fa57d6edad2c9e07fb
1778456235760397.jpg,illustration_of_a_person_kneeling_with_a_sword_on_lily_pads.jpg,6720c8d3d726756c22ee2d814e676f6bfe42dc5e3c5208cafdec025af942b9aa
1778456277293050.jpg,illustration_of_a_witch_riding_a_blue_dragon_like_creature.jpg,a61ac59b722d2910792769e2e6f1b16252021d8fd5a4bd496ab4b0a740cfcfd2
1778679574710664.jpg,photographer_with_camera_on_ice_next_to_ship.jpg,2dbe86bf4d2c60c6e22a84cc86fa4cb9d2a31b38f426b0260ef25e81c9e53b8f
1778732470943680.jpg,comic_illustration_of_superman_and_batman_eating_at_a_diner.jpg,95569df50c67c7a57f12be66bba50b4e023cd334694ffb9eeceb796723e6f752
1778939329202345.jpg,young_man_with_sling_faces_giant_warrior_with_spear.jpg,9ae36b0a417da453b1eaee246375c4bb06b3ad050fa39da15d24b4478f5f461b
1778961165725373.png,pen_and_ink_sketches_of_exaggerated_figures.png,97261175bd046157a67fe5c88e4caee36b88f7de83641900a07b4bbd1f3fff7d
1778970441670692.jpg,pencil_drawing_of_young_person_looking_up.jpg,6b56a68e92eb76aebf376b4d147793ac284686d79275b0bcdd4c22860af98635
1779018256718446.jpg,detailed_surreal_pen_and_ink_drawing_with_figures_and_landscapes.jpg,f82fa7c227246a51f7f4efe82ef5a07b32f4af06a84d2dcd24e356e884a790ed
1779121494571504.jpg,woman_painting_in_an_artist_s_studio.jpg,06a8ed752499e97787da22ddf8d02b3a5bd52148a2d41d247bc7c8c066ffeb3f
1779294151595511.jpg,painting_of_a_fantastical_dog_like_creature_carrying_a_figure_in_a_town.jpg,7c24fbb1799a7b3844b9b4edf95bcf57c2bd963be2e952d21bab9f675313cc37
1779294183150394.jpg,prince_kneeling_before_sleeping_princess_in_overgrown_castle.jpg,b95e70dc6d45097abf5dcb6be89f029a3897497afe18f03fedf9b987dcae96f0
1779294285356632.jpg,two_page_illustration_of_a_folk_tale_with_magical_forest_scenes.jpg,02e9672b85caa7f0b6c331082b1441f56a13ac0e9c43efa424ec95bf11c37e94
1779559574604472.jpg,rabbit_looking_at_laptop_screen_with_butterfly_sticker.jpg,6b4b9a7f5bf7d19c8f53f2c0cc5176c9a170793fe65f1d0c68cafece5216ff1a
1779646114851733.jpg,pen_and_ink_drawing_of_many_eyes_forming_a_frame.jpg,9a55916a0a44d95baef83e0d954bd63ae7b5ee8ec5b99f925ab7c3ddd910ae97
1779646372808171.jpg,black_and_white_abstract_lined_pattern_drawing.jpg,a5e2284c442649ceecedc03ad253a3aa21dabaec1deaff06822e2b11778f8e05
1779686186775052.jpg,detailed_surreal_drawing_with_many_eyes_and_mouths.jpg,ba8ef3b1556ca2a9a27dcba5bb415ae349593ad67d1d9d3ae0335b4f12e466ee
1779715596354163.jpg,surreal_grotesque_creature_with_text_nancy_reagan_your_15_minutes_are_up.jpg,c47eea533b92a03da4d9081cd9969f7fbabd8aba20030ee5011695f15cea584d
1779856129998293.jpg,woman_riding_mechanical_beast_overlooking_fantastical_city.jpg,1188bc820adcb541f913a3429b0f434b818d38e0afb87e287cd264ca33a7ba1c
1780195012118406.jpg,dark_surreal_painting_with_figures_and_organic_shapes.jpg,b443d370c4a778db95d56ec886675a4803a3657a99e45e5673e92eed8d66a7cf
1780307801446363.jpg,painting_of_two_anime_girls_in_sky.jpg,5241484eea2cc3f72c1f7eef55c5ce64e15ae1afc302e652c2693adcb5e14da0
1780407727661403.jpg,black_and_white_illustration_of_a_skeletal_figure_at_a_masquerade.jpg,f536f689ee386e214fcd6010faea874440bca6a72bc0442603207f9a64f767a5
1780678562077408.jpg,illustration_of_two_figures_with_books_and_map.jpg,cc6fe6d32da06726fd59fef3ef77d70d7e62fde79610e31345ef49da5eddb7f1
1780678618415547.jpg,poster_of_a_man_with_weapon_and_harakiri_show_banner.jpg,12cbf60f8bb77327a24e609d19adea779055a42c1445ca33b99d16c38d358c1a
1780678708309331.jpg,preliminary_colour_sketch_for_a_deposition_of_christ.jpg,df7466993e146bd4887f6de5d73641230055971759de85dbea2cbcade6245806
1780678821495786.jpg,painting_of_a_falling_figure_and_grieving_river_god.jpg,b5d027628e62e20b1148f476671e71a42cf57303df3acf407195fd67dbef8aae
1780678922775652.jpg,three_men_on_a_boat_deck_blue_ocean.jpg,759370ba567f2656328974ae6ea97c141808af2a9b346ffea37770995fa50feb
1781374732010454.jpg,painting_of_a_dog_looking_into_a_dark_open_doorway.jpg,6f46ad323bb044624289cb2aa03d87e3fa59b3b0dd73e619e44f58e0bb10360d
1781379418707178.jpg,painting_of_a_woman_in_profile_with_feathered_headpiece.jpg,8e62dd61231031b75b95fbe0fca46bec4f871b22235c32c3b36f8da82b69461f
1781379511668403.jpg,painting_of_women_on_a_beach_under_a_large_colorful_parasol.jpg,c226e96054ad8459586905556b24b785662a495c295b14fbb20cd66da0c549a5
1781379576520343.jpg,illustration_of_two_figures_with_swirling_green_patterns.jpg,4e5bc937f5490786409b639059e887670d29e894e1ad3fa06ed2529b6227b94b
1781461908920674.jpg,digital_art_of_glitchy_green_head_with_ui_elements.jpg,8b4795929c081487310e9af36103f23351e9ddb09418a0833e3da582635e2dad
1781594565361428.jpg,pen_and_ink_illustration_of_monster_and_scientist_in_laboratory.jpg,3a04b43fe1ae8a153e536d0079d881bb77e5b34fe54c9eaf76562601ccf97802
1781838106116883.jpg,two_cartoon_characters_in_green_outfits_and_helmets_walking.jpg,1ecc24aacea527bc051947aba6904a5c6b16e809601256cc3bce87ded21d24ab
1781838144570352.png,pixel_art_illustration_of_armored_figure_and_floating_objects.png,7437c5a612b873b2c6466ef00df8a9eb7c3a1cad37c2792ec86c4cffca29bb6f
1781838417772935.jpg,pixel_art_rainy_city_street_with_red_reflections.jpg,3c3708dad2a5921e40dc1bb4c69992376e50e56f79c486e6df5b3f61a3b916b1
1781838450604330.jpg,woodcut_of_a_bearded_man_with_halo_and_sword.jpg,b43ad486c0691686610abe6f661897c6c5a2dd6629e197c23b466c0082ef09e4
1781855494515640.jpg,anime_girl_with_pink_hair_and_sword_in_fire.jpg,d6ff06db97fe72ddb0ef7af034d6c969a8cfb9ba0737d0f52d75ee287f2f5b62
1781860703374374.jpg,textured_painting_of_red_and_blue_warriors.jpg,1816166e03e7a07067bd41a2886dac2baf2fa3a9c0e88254d7d97ef3c2f1c798
1781880728526505.jpg,illustration_of_giant_dinosaur_head_emerging_from_water.jpg,d549bd11f909ca7c028b76cb688c897788104c6c313c1a9bd125e660a57da95f
1781918792802333.jpg,anatomical_illustration_of_dissected_human_heads_and_ears.jpg,57bd781603a32dacfd53d21a510eeab3337715470097b09044abb2ff551995e5
1781969365404982.jpg,watercolor_drawing_of_a_person_with_gray_hair.jpg,485653769d5462c0da5c2f3fb1d620196b72415b296d417da157f16dd7b328ff
1781982130831697.jpg,at_rest_in_the_dark_wood_by_kay_nielsen_1914.jpg,6dd48481aacf5df93331b45830ac7b7b40efc18c310e1490506c02be452446a5
1781982318977764.jpg,three_figures_in_an_elaborate_fairy_tale_interior.jpg,ffc31aaa3f7cb8c95658b6e67770efd9dd7147c1202b5e0c24fed1dad15ab574
1781982598758965.jpg,the_fairy_changeling_by_dora_sigerson_shorter.jpg,19e86fd6d9fcde8faf54c58b628d9a8530d4ef28bbcde31c96b10eb98b6dcfa4
1782516016959448.jpg,black_and_white_drawing_of_cathedral_interior_with_kneeling_figure.jpg,506c6bae309289e2c83cf20b4fd85196e4ae16ba616f7e0e76d5609c69128a25
1782520655141093.jpg,intricate_drawing_of_skeleton_woman_frog_and_flora.jpg,e5725825a20b763f5bf7a9a1c3c85423e25a3efb7556d7f60ce4a35897fff800
1782520701859745.png,black_and_white_illustration_of_man_with_exposed_ribcage.png,6c27b84c83e446845113d44977d9780451b2c49b5121e643a56556997d566702
1782762155801529.jpg,illuminated_manuscript_with_figures_and_architectural_structure.jpg,c9de0b893d83fbb7740622fc6827a292b980d8eac10706a1580bfc11e05cf405
1782889321521395.jpg,blue_painting_of_two_figures_embracing_by_a_window.jpg,46ea204d506cbcb1419d80443c3993a11207101038daee1e130b80f32a5e2eab
1782889462036574.jpg,painting_of_two_figures_embracing_by_a_window.jpg,fed5e14da37e43a50e2bcc7d952033335e64857a3da1a98c2ea4b73787adb85f
1783147905569013.jpg,painting_of_nude_woman_reclining_on_bed.jpg,f265a1c285c9ac75f4cfd43f8fbe8b8a70af3808c4a233e157e392b347e18e37
1783211132847600.jpg,illustration_of_woman_and_octopus_in_ocean_at_night.jpg,2616c43ed850367cbacd4cc86be19def53c6e3fcb2c9935b10a4c58fd5e92dfb
1783216154632428.jpg,manga_drawing_tutorial_of_a_girl_s_head.jpg,33609af0c0c670255480e2c0701b5e1663e66b4a63da1b1a2a97e93e2d8dcb97
1783233441955218.jpg,man_in_fedora_holding_a_long_katana_sword.jpg,88c0ec51f472ddc6b25c40d6444929aaac23957b661977390c877037ef75d345
1783274752903594.jpg,painting_of_a_woman_with_dark_hair_and_blue_eyes.jpg,d732a53cb2a472cee36fafe8933a41c0c229141548aa727b546b084e347e6d66
1783283988506622.jpg,painting_of_three_graces_and_nine_venus_figurines.jpg,85c7b996cadf50ca95f23b5b92ab8d5f8e05037322659c6e2155c490090b2528
1783381510409584.jpg,aerial_photograph_of_a_sprawling_suburban_neighborhood.jpg,8daf53bfee7ad3248b26d7d94d4071d7777cce6fe874c684833b192cbd089612
1783392634769328.jpg,painting_of_a_face_obscured_by_dark_brushstrokes.jpg,52d970e0a941e7db4eee31c0475d301b1869eb663fad8251c607cce93fdd6a0b
1783515684731124.png,blue_cross_hatched_drawing_of_snowy_mountains_and_cloudy_sky.png,b1d4c4c96632d167631fd447344e0fa4c34d76b158aea54d8a7d7b496b97e662
1783524045042621.jpg,abstract_line_drawing_resembling_a_mountain_landscape.jpg,fc2e47aea26dec28180b3db8f25db640db73875ec46b9ed046b361e6acdf6ced
1783524814764061.png,drawing_of_a_hiker_on_a_snowy_mountain_slope.png,166071ff924ce632960efcdc75383edc676de3f4435b141f676ac8f0e619f0f8
1783595571786612.png,person_drinking_from_bottle_by_water_at_sunset.png,ec28c127ed0f3674a5ba40e6116870826341da3b14ce7493f8ef789641e5ff89
1783608922287726.jpg,digital_art_of_a_white_haired_figure_in_a_forest.jpg,ce1107c2478d9473af7ba25b19949356af25d98658c9f578f9e9e59a02b32a6b
1783615307372760.jpg,symmetrical_abstract_digital_art_with_glowing_blue_and_purple_forms.jpg,da2b522da67de1214ef566a3c7d56e113edc9f6d11fa48f8b5771d591a3f8953
1783632630575575.jpg,engraving_of_a_bearded_man_in_toga_among_ruins.jpg,e682b06c65d9baa0d139f07db5e99b00d519a4043c6d23c7e3f61c579a5fb3ef
1783643171756138.jpg,modern_interior_with_water_feature_and_decorative_branches.jpg,42d71057b4b9ee81e78f72aa7bbf2142b0045d106ef7a9f4af7d7e10c4f05952
1783674504040700.jpg,painting_of_a_man_in_teal_coat_and_wig.jpg,87be735c34f339c67868a6b3a1e1301bb87a46aa2df7e4a46212afdae3eae75b
1783692115855302.jpg,infrared_photograph_of_river_industrial_building_and_white_trees.jpg,5efda9003948507f3d1bec8d2c9380b5b504a32616045526d4958d75fda43eaf
1783776017836964.jpg,man_with_mustache_holding_cigarette_at_piano.jpg,16606ea99a3387ce0953054a85d729eb2d954574ed99d6ae9046dc1d0fa5b32f
1783784380605140.png,chinese_ink_painting_of_mountainous_landscape_with_waterfall_and_river.png,5388b6c1b1451cf7a300ee5fe55c30435bfbd406bbcc1ea1cb22ff23470cd5b7
1783805036253694.jpg,silhouette_of_person_on_windowsill_overlooking_city_at_dusk.jpg,edc0a3bc52f70806438a296d2a75715dcc76324346acda513c9abdf9924c3d46
1783838767308281.png,black_and_white_manga_panel_of_a_feast_and_celebration.png,450b59378fcc349e6d07d0602d22b3d14ad6bf6f42dee89eedddaa2313f73598
1783975029642601.jpg,symmetrical_dark_grey_rorschach_inkblot_on_light_background.jpg,994a69f4384ec09c6e6382284d075a60e1a9137b3c164af33d5cb03155d9db7a
1783984007406578.jpg,drawing_of_a_mushroom_headed_creature_with_open_mouth.jpg,10c281273f2fe9890a6e5654078c2eed6c01fe75de6ecc3a3163a0755d07641c
1784046960519574.png,painting_of_three_monks_toasting_with_beer_steins.png,cdec4d4b107ec86e132f7fcd725e17e4b89cc9fcc40d3c82d17261cf715a1224
1784059799954098.jpg,cow_wearing_vr_headset_eating_hay.jpg,d21b0b47f2de54bcc43c34e042dc00473e6fdf153655e988dfa5cbfa46de8983
1784069441592025.jpg,by_vasily_perov_1872.jpg,c23e9b2488f17bf97d71fb0b75e9e9978d57c828a704434e3f8eb4543b06b146
1784081763325994.png,anime_characters_and_screaming_man_in_car.png,1e30a1b9a56275c2623d498586816856c4b5582ec9233020cd1bc1e3cf656f37
1784139604037750.jpg,the_starry_night_by_vincent_van_gogh.jpg,c24e1f30a8390d5cb9d370722e68f7f65638c726751783cad69de12d1f7d3033
1784140150234523.jpg,stylized_human_figure_with_anatomical_labels_and_text_drawing.jpg,629e6c5cee48e0a9672bc3a19ef37e4fe168d5ea0e9889114a95ee554d7f9705
1784184001494616.png,photograph_of_flowers_with_explicit_quote_and_album_title.png,4045853972a8979387b6781d2387bdaf504b9755f8e4aa040d1445fe821af772
1784195470612157.jpg,painting_of_an_artist_painting_a_woman_s_portrait_in_a_studio.jpg,9a84457112983607c9ac07bd59b95843642126757b496468c2788da64aaa692c
1784218264305182.jpg,the_land_of_make_believe_by_jaro_hess_1930.jpg,e7f3d75ca792a9c3e453ff94e8b55cb99b887f74fbfbc6c1be3c5a13ee53031b
1784232011978530.jpg,bodybuilder_holding_dumbbell_on_parody_album_cover.jpg,1fe9073974dd69cbb17e883099a421d249c1c2d241df0f2efe7332f12762ef25
1784245595064796.jpg,two_men_operating_dj_equipment_at_night.jpg,9f54afb097b7a7d8c28c037771351e5658e857bd9c307671eca141f2f7d5e042
1784307379151782.jpg,german_crown_prince_friedrich_wilhelm_contemplating_the_corpse_of.jpg,94de9351b1f1c9e0fa156d5ba4f54a9109db432d09e4bb742d154a4db0d5eb7c
1784347660652149.jpg,cartoon_grid_of_literary_conflict_types.jpg,d3bcd2350840a4068a84b6ded418d11fdfc94f6e145af3b45c68bed5be54ee6a
1784422959366043.jpg,winged_figure_falling_through_starry_sky_above_glowing_planet.jpg,111130aa526cc74a81884890b7a5b7427826543f753fb5514020a0c96a1f1f8f
1784486023411143.jpg,ornate_stone_church_and_bridge_in_a_green_canyon.jpg,338e9e497a5e719dbcdff6d7c41ca1560a008877d31c3633c100c41e2d571c41
1784624910055046.jpg,painting_of_a_man_playing_piano_with_two_women_nearby.jpg,feb3eae14ac6bb9a0bc7042b20e5bd4c6269d55a905245d9f96610d52664c476
1784641571676562.jpg,painting_of_a_man_offering_a_golden_apple_to_three_nude_women.jpg,a03eb696e85b1f4a4589a0affce566f4cebd540d9540ea04c5b77298428df4d9
1784643856819060.jpg,painting_of_a_man_with_shaved_head_and_beard.jpg,5c01e1f28792774242846ba7f99b248c93922a89f92725d1862668b3d42b331a
1784651829416387.png,photograph_of_a_deja_vu_area_warning_sign_on_glass.png,a1c039e11dfe6b07a5dd2ce2dd07c2e37a83c75426a5fd10c3db39019c61223d
1784710207683293.jpg,underwater_photograph_of_a_beluga_whale.jpg,65e9ce238f3761e0ea86a59ef4b2efe1963e5138478f3f60e4159221128ae518
1784715857695961.jpg,watercolor_painting_of_a_woman_with_green_headband.jpg,319a19247436761cacfeff88bd8794d21e56918fcea2f2f6f45a0c7283570205
1784780415447354.jpg,comic_panel_of_blue_head_against_starry_background.jpg,d7cbe1cd8c672e7e6fe889e6739a89c5ae62b09ffbe1e8bf5bdbce2fac96e6d7
1784786575031729.jpg,man_reading_manga_books_at_a_table.jpg,1b69e2a4a11e380d5be665fd71256e3a437d39ab3dfedb273bbc0277d37fdeae
1784883770650155.jpg,anime_meme_with_do_it_for_her_text.jpg,a91d9fffd61010f0876a9d6c5732884e17c8c0c5de5ee95d177a9775a26954a4
1784932376297216.jpg,man_with_guns_and_machete_on_the_stranger_book_cover.jpg,40cc98f0cd12f4f01c843a7ff03595e3648305e89770a339b48d37bf5ab2ff24
1784994799318161.png,apple_s_lisa.png,a78dc54c05a65afab5f87972239a0f7b7b637476771df4aded5bebf80766b362
1785074844086065.jpg,diagram_illustrating_big_crunch_theory_and_universe_expansion.jpg,cf677d94e45d6487ac8fe00f647f745ada36575f953b7f4c211c5496ab87c3f5
1785195407567317.jpg,photograph_of_a_street_protest_with_a_stop_the_ai_race_banner.jpg,65ebd2f927774b8ae570521d5c7d2dfed1f7c68914b65965d92e23664487f23f
1785244101908707.jpg,the_muses_urania_and_calliope_by_simon_vouet.jpg,5c25b02b51c183809fbf65be2ec76810a56dbb3224e71ced05d73bbe6bb7cb54
1785678088077424.png,pyramid_shaped_concrete_building_with_towers_in_green_field.png,0066aed1add4681fb4bd7d6c62f15901ab4dd398d548742017eddd2caf9e9ba8
1785737523167693.jpg,black_and_white_drawing_of_a_man_with_large_hair.jpg,6199c276eabb08d851a32ad144d7461ae9e316c41f41ee29fd72661159b328f7
1785759027359699.png,pixelated_painting_of_mountains_lake_trees_and_campfire.png,1cf25b18ec6dbd717ea0a737642ac86fb3d7434c0f5c7c967a1da8506f48f273
1785809438196518.png,pencil_sketches_of_human_heads_and_torsos.png,d6d1c0ce9740ae27c3e37758ff7daaa78a794c98bbf262d776452b2129864cc0
1785868110800200.png,comic_panel_of_fantastic_four_and_she_hulk_in_time_travel.png,15277eb6d02623e49bff15aa366d8d58cefb59967a6c6989a8af59065f13f019
1785917129851288.jpg,justice_league_unlimited.jpg,1029106d9649de48a6e0bb90b6a5265825481d946de66e5dce5420b0dc802418
1786117587245216.png,black_and_white_photograph_of_man_smoking_cigarette.png,32efaba03177f7a5bd8d8228763daf54eb03f8de2f4eb2280975d6ea34c31fcc
1786267502751613.jpg,book_page_with_highlighted_text_and_handwritten_notes.jpg,4be77bf684f90522336380a8e128aa904b3de2503f0cdb07f816fcbbe07a7554
1786276980056884.jpg,hand_holding_open_book_titled_face_off_with_hockey_players.jpg,d88540784c8d6b04e735b2e920d61e403fd65b24ba1d5dbfe4d80adaa71b107f
1786459427355672.png,two_portraits_of_a_man_with_white_hair_and_sword.png,82984f00a3b54a32f8df5a9dae06ce90ce61098fa53b9143576490c6fefc38cf
1786463699862203.jpg,photograph_of_seven_people_looking_down_at_camera.jpg,f56e468d32d086bbf259e089fd919e7b7d544beb7480b51f7fa9f395a8d9afa1
1786464026279511.png,three_panel_image_of_man_explaining_sketches_red_comic_panel.png,7cbc8099e4da41bd80df94c197f8e2e3ef3fbb21801ed00fe249257432e90ffb
1786464948898928.png,comic_strip_showing_drawing_instructions_and_frustration.png,9531229918cb31cc22e3331630d6f9fa95c5e87de0845bde69794177f9594965
1786465005395528.png,the_virgin_loomis_vs_the_chad_hogarth.png,4e03c066180e06c1f6f5a95ae0662e0c40e4095f551762fcf895aa8b256a98e3
1786465672842984.png,man_painting_a_landscape_by_a_lake.png,827a815e12beaf7d1635a5c952b801a2038a2b26a838b237b3136c28f3bf92b9
1786479644219837.jpg,cat_reading_a_book_filled_with_meow_text.jpg,b2db4c76a2877fa73c8fda4c8f18c0e8d4bb08feac9672afe9ab09f3242f0205
1786536494505297.jpg,text_of_the_poem_be_drunk.jpg,3edc7a5da2c68748a7b64510600440ebc536dcae33c367a10985aab32bfe07e3
1786561215372232.png,iceberg_chart_of_drawing_concepts_with_illustrations.png,c685cf25ce2756ba1fbaf3c5ec9f2bc3b3f21459943a5e7dd4e5887ca0257bbe
1786679796118596.png,illuminated_manuscript_detail_of_a_bearded_man_pointing.png,0f606b00de4a58481cbfdac7078b858b3c6bf4a38c68be99624a598de64601ce
1786727550849495.jpg,tabby_cat_sitting_at_table_with_wine_and_candle.jpg,db511977217672e61e9e3e3f46c6073ceb8a853513b69e35abacaba35eabfd4a
1786822971482710.jpg,fire_ice_movie_background.jpg,dd1e82422b10be76bdf56c080f81d4dfcce586d52931bf64590d9108cb0529d3
1786908525879978.jpg,reading_girl.jpg,ceda641a9240fe34d5bbe87015d0b3335b893e17514b8e29d8f8d10d43370d7c
1786911260591956.jpg,painting_of_laughing_cossacks_writing_a_letter.jpg,af5953e0c9110d8f6a417fa5fa3c3e97d2b1450b5b42857dc0effbc42fa7cfb4
1786972277960436.jpg,painting_of_two_men_a_horse_and_dogs.jpg,60321b914b335a2344128d0856004b9962090763d23456604ab0110d202b9a3b
1786974659086996.jpg,first_long_suit_post_cover_by_joseph_christian_leyendecker_1937.jpg,cb97b5ca9c60957453ba6ab4aba07a006a93d5fc053e31fb7317177477e6c814
1786997745481812.jpg,painting_of_a_young_woman_in_a_blue_hat_holding_a_book.jpg,bbd8ba91e5223e12d3e30d1d9b0e39ec05bef5472f1ec33de0fc5cc1d9a97db3
1786999096122673.jpg,oil_painting_of_a_young_woman_holding_a_candle.jpg,93a6ba0299dc04e1218920c923b12b51ca3b3ff7624ff0527d6404e466f6aa69
1787002019185403.jpg,the_rose_of_all_roses_by_wilhelm_menzler.jpg,7b05507abaeadf2086c52142c902c77231f6a2690416e0560205289dac3c4d37
1787003293218104.jpg,skull_of_a_skeleton_with_burning_cigarette_by_vincent_van_gogh.jpg,7fdd3ebfb06a7b0d84fb29cccfc285e304601ec71c33299fa847a8b64a28fa41
1787004494074517.png,painting_of_a_child_holding_a_green_object_on_a_beach.png,64bc9d228aedf55895cbba6d2259e66b5ed9f578c6b39dc9f769ea50046bcd90
1787336992739947.jpg,monochromatic_biomechanical_alien_creature_painting.jpg,fa6cf43a529556f657e3f4a6f159233ddc9ebdc6399c149b1129ada8c1009296
1787439602578704.jpg,illustration_of_a_red_haired_person_in_a_cluttered_room.jpg,f8a3c4e657122726b84e34091e8339b61680ef30e3b1a2972424b64af23dc124
1787440698977382.jpg,painting_of_a_distressed_man_and_serene_woman_on_a_bench.jpg,be54b438fa84787e35301a91e04d876a2619fa801424edfd10d3c29188f0fcea
1787443156702355.jpg,black_and_white_illustration_of_three_faces.jpg,050ef6ee5a8ec59017cd7f56c640ae9caeb6350411f53e17dbaec235ec4e6cf2
1787446801230673.jpg,two_people_in_sunglasses_in_a_vehicle_comic_panel.jpg,8071fd7e43f386f1444b0d10a1499a8b1292cef6023351c9255d296c5bd65f4a
1787449013127750.jpg,cartoon_of_andean_person_using_computer_in_mountains.jpg,e4711bbfc278be5b9ee07e48e3018e623f89ed09e7828cac4da6413053b3a5c9
1787458158955125.jpg,comic_panel_of_man_slashing_a_painting_with_a_knife.jpg,938fce1231f9bd88a687ac2a01b57c51b760232948cb7c97e437eccc1ed97045
1787479263552926.jpg,collage_of_six_photographs_of_a_person_in_japanese_inspired_attire.jpg,09ab7377e08d4268c06a762cb1f0fd79cdaca9c20f33e135a1137aae53050206
1787590346471851.png,stack_of_mini_servers_with_network_switch_and_cables.png,a01275364563c0287783d4b51cc925cbf3037660c248429fff545bd72986544a
1788291554337675.jpg,young_man_wearing_white_t_shirt_with_text.jpg,6d9028c8ebf9c6a5401250a2916e8d5165a3cc331b6453fe260d39e0ba2c1802
1788315049732232.png,woman_sits_on_fence_overlooking_field_at_dusk.png,82f7374f2de24a2a4ca1a04cb724b4d2dfd34b722123f23528364040bfa45f6b
1788878220770997.jpg,painting_of_a_young_girl_sitting_on_a_floor.jpg,5febfce3f9ef4d2f7f235568ce948d9d38f31c4b7da2826b7cf9409c05caa20b
1788881060796427.jpg,orange_marker_sketch_of_a_woman_s_head.jpg,15f37c6de600c62ac4f28202ae23aa0f75d8fa1ee9c91409fef58b6df2f5f73b
1788885796887860.png,painting_of_a_young_girl_with_a_cup.png,f978c62dbc955183603ff3da66fbde4853011668c55fe28d1e70c0f9953638ed
1788948529039913.jpg,dark_alleyway_with_hanging_lights_and_reflections_at_night.jpg,4088fb12927a28c8c5a7bad9aa5235e4607d83f6675501e90a4c90d43e71e28f
1788948842847753.jpg,painting_of_an_orange_orchard_with_mountains_in_the_background.jpg,3f5a5bca93434484fc828be5212c6c25100e7377d80f894707e71a7b7b396253
1788949028906684.jpg,photograph_of_a_grassy_cliff_overlooking_the_sea.jpg,d7166d52c1cbef3a508b0cc69c62473ecaefb5ba68268b8653d2ec041ed8f3ae
1788949092241726.jpg,a_medieval_prison.jpg,354caef4446876767ed0bff1d759f790ee7df9125fb73fbcb5c0101408c32b02
1788949123379267.jpg,photograph_of_young_woman_crouching_with_bazooka_and_ammunition_belt.jpg,84bc8ccfc8336b9d34a125298afc98de1c445e233fd3f612f1d550c885f531c1
1788949154600376.jpg,person_walking_on_path_towards_hazy_mountains.jpg,7fae4568c9925a3f1fb6c4558fb42fb9d66126d1e80016d51943f357adc4ce2a
1788949185472707.jpg,wooden_windmill_and_figures_on_a_misty_dock.jpg,3a112789f63236186fffae24ef8cce419ad7623f408e1a5dbf7443ddaf3b4699
1788949274990728.png,office_cubicles_submerged_in_floodwater.png,d61c8a5cd16e23e28deeb12cca658ffa373b0d232203219f72b86fa6f41c793c
1788949306735947.jpg,brutalist_concrete_building_with_curved_balconies_and_green_ivy.jpg,8ef765120645406ee565ec042018e5168592e9c2a9717df8a6ecdd5d5b2881ab
1788949368606784.jpg,engraving_of_jesus_above_a_winged_devil_figure_and_concentration_camps.jpg,354dc7d97ac6f6dae008a454562d29a0f333021e8a31c4850c87de6ec8d86750
1788949444099603.jpg,molded_pork_loaf.jpg,4060ef7ed3c9d4811c7cd37ae144c493c6ed792703c9ba98f168dc13d89abbb6
1788949507250893.jpg,seagulls_flying_in_a_pink_sky_with_clouds.jpg,f32490155e461b923f60b9ab865cf999bfc9b7fd021c7864e85e50a36224b548
1788949693344775.jpg,white_domed_building_on_a_hill_at_sunset.jpg,bda1a94eb0d18c3dd56d84e6e0a2570627079c87a3b198c5f18c2377f38c37a5
1788949725337709.jpg,lion_sitting_on_cliff.jpg,24cbe604d33e47f8f00a786cf8a96b901b2eccca0813c7acdea72eeaf88bb1d3
1788949978908068.jpg,illustration_of_a_shepherd_with_sheep_under_an_archway.jpg,a32e6a502ef4e089e26602c52ed2f56b4787c9f9b6bbf824c9442e20b835390f
1788950102453066.jpg,tiled_room_with_bench_overlooking_city_at_night.jpg,4ee21966b6e5343906af617967fd26f32b0f1fdd0548ffefed823c8929e65f60
1788950133666836.jpg,illustration_of_a_small_figure_before_a_large_dark_rock.jpg,50c0192046a8d5606040c1ef753527597424ecd9c26739a0066104ac9b46431f
1788950403473175.jpg,person_leaning_on_wall_with_eiffel_tower_in_fog.jpg,e2311426aba877ee93126c8443e47e35fdd445a2c2a7d53f404161519efa37ca
1788950578457887.jpg,women_in_black_hijabs_training_with_pistols.jpg,1885ef48b3f229111f30c4557cc2cb8fe3c4a3ed90b328a5d42b22c262600dbb
1788950686559665.jpg,two_people_fishing_from_rocky_shore_at_dusk.jpg,339b5f838f8916c7ae3d62b6134b9f0e9144509e7a43a993b271340bf55dbf71
1788950779031957.jpg,the_sanctuary_by_gerard_trignac_1997.jpg,69abfab4247be57cabf441582c53ec18bf1b7b91ec191376f30163abc019931a
1788950859027959.jpg,men_hunting_a_large_animal_with_dogs_and_a_rearing_horse.jpg,d1ecd6f92e236676c5ee7cf93fe50fecc2f5ec71ce01c4c4bf83798cd6b88f80
1788951045339759.png,pink_cylindrical_building_with_dragon_sculpture_in_forest.png,092ddce2f51f7f87c283d1579ae9c901a207b8575fd040162da0a7142bfdd7ae
1788951109608514.jpg,man_in_suit_skateboarding_on_paved_path.jpg,1ecc238dd734fccd7a8195c366e8bcdc1d0f77fe2ebe5c7bc4fb306d23834f90
1788951202748240.jpg,photograph_of_man_on_tall_tracked_machine.jpg,e16b2580e0b142ad16fe35c79a1d052b81cd1f2a6f264acd403475aa290bc9eb
1788951513419132.jpg,world_trade_center_interior.jpg,a896aa002a25911013996ea49b7e9204c98e567cc5133dd0e8076ea4026788df
1788956620454900.jpg,photograph_of_a_horse_lying_on_a_bed.jpg,6a7a803c2abfdeeabd75dfdd781037b7940b0c02221b6a84431de54f8c8cf234
1788972447976424.jpg,germans_testing_a_messerschmitt_bf_109_e3_1940.jpg,9d3b23e5aedcab59e592d639d89954c89a742f201f5f137ea129b7ddc42fb791
1788972478965822.jpg,still_life_painting_of_pink_roses_in_silver_vessels.jpg,f530744060306e91b01e7111100c1fad236f0135d471092e73223ea38e7dc676
1788972602680216.jpg,woman_stands_on_road_as_tornado_forms_over_fields.jpg,acf93ca350e6b5f009fd0d535ae091504d28d16d23b5416350b50b25306a834d
1788972665657269.jpg,photograph_of_girl_and_lion_sleeping_in_bed.jpg,4539c5925142751bba2a5cb644e513706a254357e5f15db485317535c5e3bc2e
1788972774096754.jpg,g_cans.jpg,e7f5878ca853ae30896de2c157f4e3c20978e51cc54e94400e85ccbead4a9205
1788972898201477.jpg,campsite_with_tents_car_trees_and_mountains.jpg,3990bdb779c18f5a3ceca6981ce107ac52de71284bc474d0c1615330278f41eb
1788973644747529.jpg,man_sitting_on_desk_with_arms_raised_between_computers.jpg,be8db9b3afdba1b7991d3b41fdaf03b6e1d692fdb7f6b9910ddc185c5070e5a1
1788974806199219.jpg,bedroom_with_triangular_window_and_city_view.jpg,f3a0569ba3d58554829de8817fef42866366a7b3c0280c484fb1710c0d1b24ec
1788974838138469.jpg,photograph_of_soldiers_in_a_field_with_a_large_explosion.jpg,2dd1a88855d6f026f4539b397c90db613bb88289954d448944be340979e2ec58
1788975027368013.jpg,yellow_sports_car_with_spoiler_in_motion.jpg,3bc5ce40f2e54d5c7f0c2b8754b9e761b0506d9fb0b0f12b95d9b1a7054850c1
1788975435220875.jpg,photograph_of_light_streaming_inside_a_wooden_musical_instrument.jpg,298e46bd7efc6f06d9f4f4714250b8debf31bbe40a9e967e68b786badbea12cb
1788996398907321.png,woman_sitting_at_grand_piano_with_orchestra_in_background.png,9162392c4b70eae0b4df3f45a9a0d29a28a36f57637dab3a578a1826bde85dc8
1789178801269432.jpg,watercolor_painting_of_a_person_with_wavy_hair.jpg,1c448240235feae64d7c6e72d47ca90b599378b2d351c77a7f76dcf60de44cce
1789252578563035.jpg,rabbit_and_crocodiles_by_nishino_yoichi_1954.jpg,bf234c6408db1b45bee7ce5aa149a1588b886c068a2b26906351e68c016202d6
1789252624356543.jpg,the_boxtrolls_by_michel_breton.jpg,1e1fd5888021347d42e9d71c46ef090ee23fc185a3a3fd0148dc927c05a5befd
1789252838109123.jpg,nude_woman_riding_a_rhinoceros_with_long_legs_in_a_surreal_landscape.jpg,493b0d02e2e529f719354bb0b8e5cdc354273061d1cc8cdef06b8825bcb71fd5
1789265144322804.png,fantastical_ram_like_creature_with_branch_antlers_and_swirling_forms.png,f85c1e54e21c225657222cdd5c0fddb6eeb15e9fcb428ebb701ab1abc02d9bdb
1789266230293366.jpg,digital_painting_of_a_figure_with_long_white_hair.jpg,2c32adeaf8c4f204fef6c369dcd67dda944125df9ba9f8a569f23b4de6ed137a
1789266731032247.jpg,aggstein_castle_on_the_danube_by_luigi_kasimir.jpg,e313dca148de4622878522407f272fd492b9b44260a67fbc5911491c43321922
1789266796036554.jpg,illustration_of_headless_horseman_chasing_man_on_horse.jpg,44cdf89b62ba287052f019295625c1da4490e4370e9eaafdb0e652fe7d9cff0b
1790167420050081.jpg,painting_of_people_picnicking_by_a_pond_under_autumn_trees.jpg,c960023371cf7dbd590e2c2732471b69c40e8f33285846f16aca042967fe4e4e
26402-1-primary.webp,paris_by_raoul_dufy_1934.webp,ee7c0c575232ce3bbc8b74c1e359490e160f41f7eada62814f4c4101026d807a
26mag-interview-yarvin-03-mediumSquareAt3X.jpg,black_and_white_photograph_of_a_man_in_leather_jacket.jpg,5cd96d4c86dfa550ee5bd75b6551905074eefa97451d4be375f6043f0a302bc8
482214607_8085599078231655_4395913554757215261_n.jpg,abraham_and_isaac_by_titian.jpg,fd194778cbafb308cad942ffba099c0b72ab54bbcc5a68e19a36ac9e6723de99
495735176_1242815414518623_5513647986488866646_n.jpg,painting_of_a_diner_entrance_with_neon_clock.jpg,c10c278d6269c22cec8bd2f5dc0db5b0f153e01cdf7ede7f4167f3eed81d1cc4
499547181_10161686969139075_6315588261831856638_n.jpg,photograph_of_people_on_a_wooden_platform_by_train_tracks.jpg,da50acba0329797bcf45c0d28c32e36a6744e88f6d2a1eefdfee9bd183c4ab0c
555444724_10103561059135770_774765013740300798_n.jpg,painting_of_a_man_with_world_maps_and_globes.jpg,52828b987fbdd6386c59f92ad5f8e6cc33be8342b5cc5f808b8e59ffce1507b6
556278@2x.jpg,painting_of_piano_keys_and_a_boat_on_a_lake.jpg,e794d7ed168fc4d80b58cd13dbe4a9c9e184bc8ffef3e8ab48d3c817285fd2ea
6x9xtjm9ifhh1.jpeg,giovane_nudo_sul_letto_con_un_gatto_by_lanfranco.jpeg,31161300132e622b38deea83e992e2e7b867d418deca8195c15404dbe304ca88
731525223_18075570425689539_7440940388525499617_n.jpg,painting_of_a_tree_with_pink_blossoms_against_a_blue_sky.jpg,d344e5694cb8a7ea8fd8c6976e36872ffbcdb22e883435fd1801124ebb7f932e
738504168_1574995137315488_7564750294509103844_n.png.jpeg,four_panel_comic_of_a_person_and_galaxy_admiring_each_other.jpeg,1b5a9868ea1e61e9d92b58e9663a0b761f7760044a1660fd483fc4cf45f281dc
740335097_18335388937264055_3923959965188556572_n.jpg,black_and_white_drawing_of_person_with_red_graffiti.jpg,1b164722477e1426352d3eb95ea11b21b428ecc8c18ab4fd7f59e97793405ec0
740812631_27902440286111496_8225266519731867023_n.jpg,drawing_of_people_seated_at_tables_in_a_sunlit_room.jpg,fb03b6c0a3354d0ba86c09c12333f7da8eb92dd857424d493cd8ef286bb66c4a
742241777_1051421020897236_1748956133624875097_n.png.jpeg,abstract_figure_with_bandaged_head_on_orange_background.jpeg,2acbb8a8d8719bf32d672ad66694f142d84f5e9cf8811b68214d5584a324490c
742437052_10165106040935127_1457438934061831780_n.jpg,last_ray_by_stanislav_brusilov.jpg,d1ebec80eba8eeb6cb40159ab03de33c0133d013929ddb99720f80b5d2a15318
743327022_2004707233739326_9073750006780520346_n.png.jpeg,the_menaced_assassin_by_rene_magritte_1927.jpeg,f230e614c07195673b095f0ce1eee8ed6c1dbfcf3352521a500b8f42b9932c6f
743777430_1337716921783061_6755399779373136584_n.png.jpeg,musical_notation_diagram_with_ratios_and_arrows.jpeg,6295c2bd5e34e1e46c593cdbcc33d0cc89f17f3a1a98141c49c60f76df0d1fde
743942241_2342996059843736_4429003009774328873_n.png.jpeg,golden_ships_and_ornate_land_vehicles_painting.jpeg,096c869486149fc42c5827060bddd7975760da3447dbbe1f591917406e821e56
745010632_10243893285371308_6798577660834653872_n.jpg,long_empty_room_with_purple_carpet_and_large_window.jpg,5a4140bba58d18277120bd87a94e4e5bc93abfd9847b9102babb8701a3b3c8c7
745487759_881945281653638_7189038280167198296_n.png.jpeg,two_pen_and_ink_portraits_of_a_woman_with_curly_hair.jpeg,2009723ff12ca5dc463fe837da447405a6b92ed0bd3b6f4632d61a96752e6e6b
747379121_1930677137596232_3811564368895248376_n.png.jpeg,four_panel_drawing_of_faces_and_figures.jpeg,16f0e43a1da48636a6c7753b4e82fd4c626ee0f127f7626baed660c325a2513e
749161379_1490172183142942_8232676036462778859_n.jpg,heads_by_tim_brawner_2026.jpg,7a24c166e9d05733c5183dd638df4621f67ef646eb3426bea7e00b29485f152c
749258280_1376074004616676_7824214160244924871_n.png.jpeg,four_panel_painting_of_faces_with_changing_expressions.jpeg,8797cfca1cdce4a0ae5f86281dfab8ea98d008706e892f1ca48e0e85b139ff80
749355431_2437179900124452_2176607448850437883_n.jpg,ink_sketch_of_a_reflective_sculpture_and_cityscape.jpg,ffbe408749b975ccd79e1e94c4b81b52bcbdf053c89ea551fd1113d5880ed10e
749629508_1601065238358118_8132781842100716334_n.png.jpeg,movie_poster_for_koyaanisqatsi_with_circuit_board_background.jpeg,bcaa5aeae29f90f7b37fc928af36015be564dd40740c377023ffc91cb99f6382
750355919_1611972027010780_2043583026225072057_n.png.jpeg,drawing_of_a_clown_in_profile_with_speech_bubble.jpeg,8cc5460d107a1e2e34a55f8ae3074911af8f9e5aed0378688deb534897873fce
750594037_1580430650109066_4878187423502932626_n.png.jpeg,blooming_by_cy_twombly_2001_2008.jpeg,4205121bd66e27cbe27d095a9298cd40c5d11a4d3e5c274befa0abe73107abb4
750942123_1862121798123011_1136981757005599187_n.png.jpeg,four_panel_comic_strip_illustration_with_text.jpeg,0e91f0e28043c09e63bfdc94dab3a8fcb906a1f14e993488d10a3c423ebb8618
751155406_2023315058546750_8632990537322039748_n.png.jpeg,four_hands_holding_loops_of_a_continuous_rope_drawing.jpeg,836fc09f400eed035ba1c5d96ba2aaceebca7f378abe402e68790ed29e6e9372
751563560_799370423197953_6995896784124859416_n.png.jpeg,colorful_historical_timeline_diagram_in_a_temple_structure.jpeg,f7f4d1c8d8b268c6f37aa5089701584b2a4000751813cf2834ecb8f26ec03182
751720332_27629398813349115_2869516134115604250_n.png.jpeg,four_panel_comic_strip_about_dreams_and_tiredness.jpeg,a338e41576b2ac9905a9cccfc8011d540058eee2f60a910040521f4430c06afd
751726668_797963986676223_5564868984413122348_n.png.jpeg,four_panel_comic_strip_of_man_getting_angry.jpeg,675051ece9de7c164c64a148fecf0cfcbc57c59697b6f289f600e8e0876d8f86
751798793_899048063265398_6701732140559001146_n.png.jpeg,pencil_drawing_of_a_head_with_god_and_right_left.jpeg,730ee78344d7a7d9da84e19c011b8dab2905255f299fd49eca4bcdf114f03913
752296494_10175519431047037_1347767254715792636_n.jpg,vertical_arrangement_of_abstract_calligraphic_symbols.jpg,0eb244e4bdeabee57e065297e60777c3c9504b939bf1403d54c2bbbb03f0d5d4
753833376_1729826221501517_6960652718566806506_n.png.jpeg,painting_of_many_mannequin_heads_with_different_hairstyles.jpeg,20abacc95ef8fdd2ef897c84ff4867f854a29c5336943117b62223bb5c65345e
756148660_1463836259107074_6020720838380384508_n.jpg,blueprint_map_of_maine_forest_fire_station_view.jpg,fa396c021dae0d60da082cd07578d85f109c7da9fe7b5e158f3296ba5a8b3954
756779466_1572169724273404_18723922665580232_n.jpg,sci_fi_painting_of_spaceship_shepherd_and_towering_structures.jpg,27cf6ec9002c309edcb846020111b64de65e894cb27927f7a322cb9f1bae703b
757800214_10168788690754896_8751184901185425208_n.jpg,collage_of_pink_building_flying_bird_and_stylized_landscape.jpg,952983230ae575dfbba631ebeaf3433edc193adf3c6f463acd8772b1ea8c72da
758553897_1572169400940103_2821417447326566200_n.jpg,sci_fi_painting_of_antennas_on_alien_planet.jpg,c3a0cfb4155791efe616d06298a0d2525840b36cbb1ad18b440c85d3fe17c691
758707512_1028677276826983_8258632314190813454_n.png.jpeg,man_taking_records_from_crying_woman_comic_panel.jpeg,c8456d92ae68c761d2133ec161adeacbabbbded5189496b28ec5433e06185b6e
758929560_1572169510940092_3692645973473439703_n.jpg,painting_of_two_figures_approaching_a_crashed_spaceship_in_jungle.jpg,9e60fc947b8eba4b19f13a8e96d35667eaaff4dcafa901a0f52f151e75a3dad2
758943930_1572169770940066_1297859559435957588_n.jpg,sci_fi_painting_of_futuristic_city_and_red_planet.jpg,390248c8cce8b014fa4387b698bde0b3f89ad6222a8a83afdfb919a37bffcc44
759208606_1572169297606780_3107967926180341118_n.jpg,nighttime_city_street_with_neon_signs_and_splashing_water.jpg,c67e4ba40bf33c0f836ccd699a9cf09b604eb1fdd87e554944c5f7fc25716b81
759232858_1782515312881833_2697481760817130233_n.png.jpeg,medieval_manuscript_page_with_angels_and_diagrams.jpeg,f7c7bcde4ac4a301552c1b98016fd15eda5b26fa88317a6814d68c76723d2352
759433674_1572169660940077_1646952829061003784_n.jpg,futuristic_cityscape_with_flying_vehicle_and_figures.jpg,5d0f4dbb08b6b25279b35166c2fe47bafdae3000e5fc3b5aea21e8729650c72f
763778677_27999350876356199_2267696258254023530_n.jpg,pen_and_ink_drawing_of_a_library_interior.jpg,60889c7bc7ae72e09afdd61d4b33a6d4c48026284ad2cf9e98136a64166f834c
763861523_1586867412805280_3473258698615259948_n.png.jpeg,landscape_near_rome_during_a_storm.jpeg,6f27ede50847209c9cefbb19c7b7ff7d79d4c4881c33e39d85490a637518804a
767363776_1719945142646904_8579208471918138971_n.png.jpeg,a_painting_of_a_powerful_jet_of_water_spraying_across_a_room.jpeg,77796903e535ea2d1d78342a65e17e2477fda2705a213a834715d0d4efeb2153
770183012_1557476475763576_6677176170781849725_n.png.jpeg,painting_of_overturned_car_and_figures_on_grassy_slope.jpeg,3b94aa879cc2557d7b36ff7e2baea65cdf9287880ebe76b53c32f65f3de2efc5
772218200_18084829661679006_3907928044232216044_n.jpg,abstract_painting_with_red_loops_on_yellow_background.jpg,a25627e4a3499bc7f5c8cc40b12f677ab15f7dfdcfcbcea36b7478bf71fa5c2e
772444201_1571598027995531_7095118696223621688_n.png.jpeg,pencil_drawing_of_a_head_with_curly_hair_and_beard.jpeg,eedf1c3c0722110885959b5f86ef4140f573d244c7447c382916ba7e44f30eb3
772853870_27828546676813602_6312584960924583329_n.jpg,comic_illustration_of_bald_man_holding_bloody_crown_among_angry_crowd.jpg,91d3886bc32ab210b1f19d156fe49e8be0b85ba56763058ff47ccb5a981eb1b6
773291047_4393671530848450_6459471629902864224_n.png.jpeg,experimental_musical_notation_for_e_flat_bass_trumpet.jpeg,8d06a09ee472767ac8c820b5390c613d72000cc11275712eec2fe7dcea9fed66
773483714_2035742057144101_8593954191551648878_n.png.jpeg,musical_notation_with_colorful_circles.jpeg,eef334aebd89298b975f5986962285789b4bfc55b9f8454477a9a367859a790a
773995588_2310945523043666_6029932657362188162_n.png.jpeg,two_mice_observe_a_complex_geometric_maze_on_a_table.jpeg,6f14639d4b517a3be915e474de9a12617df12b9a806013842d1fa0bec2d02452
774167420_1028116486695667_1032990431344722243_n.png.jpeg,four_mushroom_clouds_with_musical_notation_and_calligraphy.jpeg,f75fc21c2a0c4d6fe4b2115e072a30fbeaa9e7b9e8171a0188ed8323da0f2428
774462952_4434234386850503_5886358485476246399_n.png.jpeg,photograph_of_susan_kare_with_pixel_art_icons_and_sketches.jpeg,7a7b3babe6b88843e72b056c5fa9eb03e7dc352da2a10a948c330c7065f39731
775333684_28153135450993485_7544164779497688505_n.jpg,person_holding_smartphone_sized_obsidian_slab_and_cigarette.jpg,1d8207cab986d50179e40bf0eedd9e3b7fe80f926ee1e77edb2f1f9d219070da
775524170_1089094540212201_1441342714542500321_n.png.jpeg,unfinished_oil_painting_of_a_person_s_head_and_shoulders.jpeg,483b7ac138ce08cbc0d86a96f7ced9d9b135af8d8b3867a0b7308acb456eafd9
776324104_2128574837872004_2207666405548737167_n.png.jpeg,oil_painting_of_a_man_s_head_and_neck.jpeg,981ae63a888586e268b38add86d4447ada776d3ee61c2ebe4e2437f994747a1d
776747228_1867441044418976_6392890836820621318_n.png.jpeg,music_notation_trema_text_and_rover_photograph.jpeg,6dccd1187a57ee64f62a3f28befca35168dead14061c33043dab8a891141d19f
777301467_1748612729546524_5395188181803196438_n.png.jpeg,oil_painting_of_a_young_man_s_face.jpeg,805e940b75e6fd26be0743e64587f7f8b39b9526e0bb2edbee5334104c27e79e
777447961_1075257588277918_5629129768770404411_n.png.jpeg,carved_wooden_chair_resembling_plastic_garden_furniture.jpeg,bc6f1aa50dfaffcaaee97774dee1bd21160fcef948465fa7d31512a227b71f7a
777825448_1489910486510749_2631414536853283940_n.png.jpeg,painting_of_tea_mug_and_peeled_grapefruits.jpeg,27210298095a5a61ccb7ba58f985a99ace394b167a2ec0d1ca140ec4a22adee6
777828079_1591197695997473_6838934878601779961_n.png.jpeg,oil_painting_of_a_woman_with_glasses.jpeg,b9af6c83f0eb727446a131ccad3da9daa6b256be12566956a9896c6c28c44049
778139633_1103111088729203_4975253558409514610_n.png.jpeg,oil_painting_of_a_person_in_profile_wearing_glasses.jpeg,f0dc4a289bb1508609b8990c7a767d9a233103644e3281e6d13d1b7828b85f95
778139635_26968951366115046_508372337055455040_n.jpg,stylized_painting_of_bull_and_matador_in_arena.jpg,941a0eb8baf48a8cf8923b7a36e82650fd6bc6d4cf8f05163266e394b778b8df
778296804_1394067349370712_190401977117174933_n.png.jpeg,unfinished_oil_portrait_of_a_person.jpeg,560bc4cebefb9c3b9bc1c6bd505c2ffb50e1dcd3ec4d17b5e37eb3ec93c73097
778543606_1387293023551872_6145049190310943106_n.png.jpeg,people_painting_outdoors_on_a_rocky_overlook.jpeg,25e1d78033e777c0cc6f66d456047ed66a581f341ca36dc80b42668249e43630
778569324_3556429767838664_7912090497985092971_n.png.jpeg,painting_of_peeled_clementines_and_segments_in_bowl.jpeg,dc7dc92865a1a8bfb92d0a73790b29428bb4c42c32a1e8aa5450d38e82cfa5bf
778984895_122134894659233291_5941704640167419327_n.jpg,sketch_of_a_mountain_with_structure_on_peak_and_rider.jpg,7c0128877b35f60f1bb841c40c4c54877a3ba13d1154515eb633eaec78e874da
778985015_122134894653233291_4661936129280255241_n.jpg,painting_of_a_mountain_with_gazebo_floating_rocks_and_blades.jpg,812016464830c24e9bbf60fc25ed7f8be0b6071b2bfb5de822d9d46d14f2aea2
778985319_122134894677233291_7445969200129260186_n.jpg,painting_of_a_fantasy_landscape_with_rider_and_floating_islands.jpg,0ea7e8b9b66b7b6f664b83c304b4f13d5d8e5c7b929255d2ccd37f5f8b912a58
780619809_986313557799226_3617886348464561626_n.png.jpeg,photograph_of_man_sitting_before_abstract_painting.jpeg,b8d5aaf98b53b85323447a658cf188376ab21334503432dd184166fb6a7e6056
781425478_18617610457011001_3415791474768945547_n.jpg,black_and_white_ink_drawing_of_seven_samurai.jpg,87636a058766bc342d7b8c72fe74493efb54cc0967cb6bf620d401399c1c0a83
782345006_1689379849864128_1328896814365668934_n.jpg,isometric_view_of_a_busy_amusement_park_with_roller_coasters.jpg,c45847e18e8ff70b0f285e501b20a232e1309c3cf6a2074c558e48d41b1388e4
782919978_1523409096496770_5951566330893825135_n.jpg,abstract_red_and_yellow_drips_on_green_painting.jpg,d3d92068bab1b04e28108472003c1b8ac45240138e12ec195791b8cd2d30e7b2
783012236_4460132650941853_8448695433947793214_n.png.jpeg,aerial_view_of_a_data_center_rooftop.jpeg,f9d53e2ceda9d061f019187879894a5a83ff5be7f5d2444cc9845346d442bc9a
783618992_1383020554035228_6894454541493942912_n.png.jpeg,painting_of_a_blooming_orchard_with_cypress_trees.jpeg,3150d0272c579fbc1b20240958615eb60b4afe3182fdb0fc24a3f63cd7f84219
784430471_1523408916496788_3133577051314333482_n.jpg,red_abstract_painting_with_dripping_brushstrokes.jpg,686e780c3b95f528cefccfb809ba05f8718fb7c3004abd284e0a26762f4c09d4
Cornwell_Priest_Spanish_City_1921.jpg,painting_of_a_bald_clergyman_seated_with_book_and_crucifix.jpg,05ec5caa31fbe696d80b8b74c703de0612f5adc9f9b2cc2923d9138a22d4425a
Cornwell_Some_Necktie_Lady_1916.jpg,painting_of_three_men_and_a_woman_on_a_boat.jpg,c7b6e8e59bbc8570d95a6e6823050c96810948da411ceb7429a1df747543ba0d
Cornwell_The_Red_Shawl.jpg,painting_of_a_woman_in_red_recoiling_from_a_man.jpg,0dfed16581135cd94e02c97636c557b0734249e79cfc6f1f411f60daea33b6a1
Dongen-Hat.jpg,painting_of_a_woman_in_a_large_hat.jpg,727556cf407ccda499068d5aea53cbfb74aed35bc441d43f38a500551ede769c
Fenetre_ouverte_a_Nice.jpg,painting_of_a_room_with_open_window_to_sea.jpg,022bfb32099b95c0e2afdcda56ee87ea240a577267e64b1817e003a35bc771e0
Fig-13.jpg,abstract_sketch_of_overlapping_wavy_black_lines.jpg,7ba233040fb9cc1b3d111022864686f7b2ee193551689768a5f8cde8f2e33b40
"Gottfried_Wilhelm_Leibniz,_Bernhard_Christoph_Francke-2.jpg",painting_of_a_man_in_a_dark_wig_and_cravat.jpg,59837470de87c44af9cbe15e1726dd466fb8e749bb28cd2480162bbcd711e9b8
GuU3gdPXMAATj_0.jpeg,police_officers_with_riot_shields_outside_cultural_center_at_night.jpeg,907bc48f95baff95e130dd15803d5d5c00cd56fa93f56d54f3e7dcf8f827ae53
HK3ovAbaoAMJqJl.jpg,abstract_etching_with_flowing_lines.jpg,21ef4dbbff92cd8191b0c27828d39a032b5d0b6c0ab4c0c7654cc2b32e054773
HL66XOQXQAAsELQ.jpeg,painting_of_thomas_jefferson_s_office.jpeg,e4d53db646b7c03e1b2ba5c540949560c4883e4e4c4ce5f66898c1263b478ee7
HLVsuVGboAAP4JA.jpeg,devils_horns_sunrise_during_a_partial_eclipse_by_elias_chasiotis_2019.jpeg,d351422cabd58fd80cbe5baae7ace5bab61582c9db39dd10815cdaf1d3b63277
HLVsvJiaQAAp8Q9.jpeg,photograph_of_pink_devil_horns_sun_over_water.jpeg,75b813e0f2a339aa61ed53b4c4ab8e31a2294c6c941e307908860bfa02184184
HLVsvw2acAAVPCV.jpeg,annular_solar_eclipse_over_water.jpeg,d4e31c21b6a50f46cc459b8ba09f9a45482479531a6e89da078447329945384e
HLVsxjrbEAApFVQ.jpeg,pink_crescent_sun_over_water_with_birds_and_ship.jpeg,70fc17abae3a041b600f62c698223ceedb605e95500cba39ffe2aed09f4e91ce
HLluXYVasAEKMWA.jpeg,pixelated_hands_reaching_with_nokia_logo_on_green_background.jpeg,1b5f4785699c66ff54c2401fa598116dba441b32e185b49c421a6b349ea1c8ff
HLodWbObgAAYLWG.jpeg,cartoon_orange_cat_playing_computer_all_night.jpeg,017bbcd909e821683a00f27a3c672401614e208b43ff1891f626f3b37d65d12b
HLprwCdXYAEu21k.jpeg,painting_depicting_a_human_embryo_and_radiating_light_over_lily_pads.jpeg,f1be1fe8d08a0197cad752003b3d5d1125d2dfc4ce6bf3d2480fa6d7fa775ada
HLtR1iabkAAyw9u.jpeg,winged_angel_kneeling_on_clouds_with_radiant_eye.jpeg,0b40161dc69182a0a7f20bcf3190ad2fe03572f17e5e9c8e1d9a1fe8cef1ebac
HLw4tm_WgAAA9vW.jpeg,painting_of_the_assumption_of_mary_with_saints_and_angels.jpeg,6cadda114f6b6f37a4572f62d9a7b9990649dde6f908ba966663852754d67857
HM0HBOqWwAAjsky.jpeg,digital_painting_of_a_landscape_with_large_clouds_and_trees.jpeg,bcc602ff4a7b7d23de150cdb54c8f6720a5fa5e9f9fcb8dd21789ba41c0b7908
HM44zQBXcAAO0GD.jpeg,swimming_pool_wave_illustration.jpeg,5c7743519d3d1633b16e7e711bb9f9ab58487c551e9936c27d50b35e7d4a1570
HM4GYjIWIAAxVci.jpeg,person_in_traditional_clothing_dining_outdoors_with_horses_and_mountains.jpeg,cb1ea719b29526533b89c469a3219cbb9ca848b345723d2bf6c3a0b5cf5c4008
HM4ezqaXYAAlQU6.jpeg,photograph_of_woman_aiming_rifle_around_corner.jpeg,7143babbf80599daa8a8404fd19fe00343a64d24343f66aac87a5a3144d95cb8
HMKQa6_WAAE-okq.jpeg,two_people_hanging_a_banner_from_a_tall_building_spire.jpeg,90c69f991600569a27701ba1b4ed54138d9b51a370856de1da09d3b755764d45
HMLLl42XMAAR8EQ.jpeg,pixelated_interior_of_a_modern_train_station_with_monorail.jpeg,607b9b44f641782a5ea660374ea6f9b8151b58ddd535c6b2b4a95143fdd48d05
HMLLl4fW4AAuFql.jpeg,low_poly_rooftop_pool_area_with_city_skyline.jpeg,4867cbe46c84b19c98d447856ccf2ce634a30ba85200797657acadd5530a486d
HMLLl4lWwAAM9n1.jpeg,3d_render_of_an_underwater_aquarium_interior.jpeg,29462df1773f55107d8fb0df16a2f30fe8b4e7d97ab618b0851b18b46342c22c
HMLLl4nXoAENtVi.jpeg,stylized_interior_of_a_modern_living_space_with_aquarium_screen.jpeg,06f0fcbe0e35977904f6ebc0a035fd71ec44255d2292b53c106eaa7fb8839781
HMPCcGYX0AAJtz_.jpeg,calendar_for_2023_2024_and_2026_with_abstract_background.jpeg,e28060c317a219f9112128f344ee69c04be2a5f300157f4d03f3076913ff2978
HMPJ4WHaoAAZlYR.jpeg,a_white_sign_on_a_textured_wall_with_text_about_city_pop.jpeg,5fc116b02ae6cbd0202a04b25b32501a6094839f1e54f35124e1b8a0eaf39d92
HM_CcNqXoAAlZ8f.png,two_blurry_unsettling_humanoid_figures.png,5f8a270946887788240c288404c246952ad5ab584615a43811547c2c8f6428d2
HMgTNUCXUAAxxQB.jpeg,four_panel_meme_comparing_historical_figures_to_modern_internet_personalities.jpeg,108ccfa2624c64d376b8a07eeb4b5a53a02f06813a5e9f67b02568bf01ac83d6
HMjcqjhbcAAxlL9.jpeg,photograph_of_a_grid_of_distorting_glass_blocks.jpeg,d3d8be34aaf359a3c760ea5509968c939d67970cc7302870659dbd10224c4512
HMkeHRCaQAA9g7c.jpeg,prometheus_bound.jpeg,98449788520b48d748eb5ff892877a3680f37cf9066d1edccb438ee99d6cdd1d
HMlNYf2XwAAgKmS.jpeg,the_rise_of_dopamine_culture.jpeg,c8671675c3e03ba5df19f7926969bf0133d18d757a9715fb1788cb5dbe6e8174
HMn3rioXgAABP88.jpeg,meme_contrasting_idyllic_childhood_with_stressful_adult_life.jpeg,794ff5e94de9f28cbe86852588894b6fbd9b4a7ed2f78fd06a0e19544cdc0011
HMnPskaXoAACe5c.jpeg,grid_of_black_and_white_circular_sigils.jpeg,6fbc2e29a93ed12fa1635cf16765bdaf25ec10b6f96afa9358be1d32f77a2e71
HMqP_bKWgAAELXw.jpeg,digital_painting_of_trees_stream_and_mountains.jpeg,15cfe4660a57fda4e1d1a9dbc462e1bd37ecf9aebe8377884457334967cdcb13
HMqP_bLW8AA-hDS.jpeg,digital_image_of_a_sandy_shore_with_dead_trees.jpeg,19ec11fcf650e928b2a1e8f892d7d8a6c77ecf76d3e041974784df733b898fd3
HMqP_bQW8AA8ODt.jpeg,a_christmas_in_paradise.jpeg,d8c762dbebc38d4d6eb58ecbb5162e4b3ea3174d1ff509e224e9a5c1a0421454
HMqP_cKXcAAitqZ.jpeg,misty_autumn_trees_with_red_leaves_by_water.jpeg,b0ef53c3af0cb17f09f424e793f84f2c814578f42a1b3324f62d4ef53ea688ca
HMqykbVXwAA3EEB.jpeg,man_in_camouflage_smelling_flower_in_poppy_field.jpeg,d64587e99285d427c3e91b2bc268857f6252282e339090b2766fd13eaf841dbe
HMsbrCHbUAEGZ4y.jpeg,painting_of_a_landscape_transitioning_from_night_to_day.jpeg,6a46a2034244d163d053871fb5506747d5f4a35781f89bc3c008dc911c687c36
HMu9w3SXAAAzxrV.jpeg,elderly_man_in_car_wearing_seatbelt.jpeg,6a28cf4bdc5bb2397233bd9730a7d5f151891c9d9b3c035e708dbb6672f2cec0
HMvaS9ZWcAAPt_U.jpeg,tear_by_peter_demarco_1998.jpeg,b721e65da0be824cb55638c0c2e0befc92bacc89976d6a04bfe9c3a86353d647
HMw8uwQWYAA0lTf.jpeg,diagram_of_nested_biological_and_cognitive_layers.jpeg,3a2d549008c63342518996c23a38cbffced3381f29fee4d0a1b331ab8c998db4
HN1043JXsAAp0QU.jpeg,black_and_white_drawing_of_a_first_person_video_game_screen.jpeg,b06308287ea4ce2595d9874aa3a8684e5dcda4fac9195475ed9948a6f0a7bbbb
HN2JQ_Qa0AA6-vw.jpeg,photograph_of_a_giant_cyclops_puppet_in_a_cave.jpeg,2e4e9898fe2aa2958f3ab103a8c3e6c091b4b48f536912abe0be651193d287e0
HN3DT4KWEAE9yTD.jpeg,person_at_computer_with_illinois_secretary_of_state_screen.jpeg,cd12650d393250ac6001f1572e0cd7637d6ccc20755a3645c985bba5da73ba89
HN3RoYWbQAACATO.jpeg,political_cartoon_of_muscular_man_in_grey_sweatpants_at_white_house.jpeg,04603a4a6f7b3c99f74bef3f01515f6b2c088e3d82f200bb744fc6ea212d2809
HN3aaqKbgAALFWT.png,meme_collage_comparing_corporate_memphis_and_ai_slop_poster_aesthetics.png,273e34a73dce762b1322c5172412aef0008fe08e78a334bac362b88b9265ec3c
HN5-LK8aMAA7KoD.jpeg,chaotic_collage_of_pyramids_aliens_dinosaurs_and_lasers.jpeg,3a375b5ade58226711fd4705cab95a6d1124bf30de8f24895904cf0ff255a1c8
HNBUSZ8bwAAh5mT.jpeg,colorful_diagram_of_consciousness_levels_in_an_inverted_cone.jpeg,1847e6100e48dc9cc5b303dd2a0096a88efb35c1f644373acfe16e9b8ac856fc
HNDZzsaWoAA6KmG.jpeg,blue_snake_in_desert_with_stage_bubble_and_pyramids.jpeg,239e0c7ba8a9bdff9c077744fee78e65d558aece4957e86e4ed60c4b8d8426c9
HNHz43IW8AAuPXt.jpeg,black_and_white_photograph_of_man_with_geodesic_domes.jpeg,95c670fe47152fc631663dcc8fec16e4e7b90aeb48fb8a7270d66dd85930bed6
HNIJ6RCa4AAqS_t.jpeg,illustration_of_two_men_dueling_with_pistols_outdoors.jpeg,60f994aaac073bb673980c500fd383e81a6ade47e7a1a8f5e3ce9940a8445a45
HNIJk94aoAA9h3S.jpeg,two_people_in_casual_clothes_standing_by_escalators.jpeg,79a28591effed2e901d970c2a6e63acc355c2a570bff29089f06a7d364d4ce9a
HNIU-vIWwAEqxaH.jpeg,fireflies_near_the_ny_ct_state_line_by_juliancd38.jpeg,db23d3e27307712ab424a15b7a56e886d634e9448714662dc0714cc0cd4d7db0
HNKVr18XYAAYBaC.jpeg,two_men_holding_glowing_particles_in_split_image.jpeg,0c5e5f1373e879fcf55256e61acacdaf274168b655fb5333d5f25a55359ac990
HNKeVu6WUAAZ7R0.jpeg,four_iconic_computer_assistant_cartoon_characters.jpeg,451423b921d4452fbe7254826f30d9158a755a393f5b4fbc2a3f1467556dcbdb
HNMre7yWAAAqQ41.jpeg,white_dog_sits_before_painting_of_meat_blocks_and_fork.jpeg,46c2e97adfa941944168b8e64d82897cb19df71e8a94860d61472a820f6cb1e6
HNSVU1jXQAAF8oT.jpeg,fresco_of_two_figures_one_with_mask_one_with_lyre.jpeg,b577ef821a7e97994f5c1bac84c5740682c4c3755791361a01991e7b01ef727f
HNSjkuXXsAAmcTS.jpeg,abstract_night_photograph_of_a_city_building.jpeg,144fc971b38be6d63cc77ff5d8e8d351d49b100d2c455569dba33c07c139899b
HNTSOAFbcAEcxKm.jpeg,digital_collage_of_conspiracy_theory_scenes.jpeg,bf7b2bdadca750febbaf0ad26fe68de3a8c190f4c50f844e23679d5ad20f2acf
HNXbiH8bgAALrDi.jpeg,photograph_of_man_speaking_into_microphone.jpeg,6e4baaba20a1b7825fa6f9f74fabf45299f45e32a11869522aa25aa40f7f9226
HN_RFL8aUAA6YdR.jpeg,painting_of_water_reflections_in_green_yellow_and_blue.jpeg,dee493cd5c27dd2801919d5f7086341b4e1c284a87183a62ccb0073c3ab4ab22
HN_RFl3agAAoSXV.jpeg,green_foliage_reflecting_on_rippling_blue_water.jpeg,8c2605bc0e4d5d76008c3c22cc911241bfde9a6ca0fb72c7d770a22e17e49489
HNalWmnaIAAQJfM.jpeg,cartoon_illustration_of_faceless_figure_being_photographed.jpeg,58f0efa7b874d89a6304a53c0e401d374a517c7d86af771ad505dba6d7846121
HNdQIXUWwAAgAjV.jpeg,diagram_of_online_attention_across_platforms.jpeg,4cbdcb5861a013c1be2d2add9a45d498d470b52a4558c024f25455330e7fe5c1
HNgma9sWwAA-xNe.jpeg,collage_of_chinese_foot_binding_images_and_diagram.jpeg,7c6ef2eba0fa9d73eabae16ec97adf0c943143082e847ebe789507a8f50b7fc1
HNhxj_qaUAACIM8.jpeg,person_kicking_an_orange_bowling_ball_in_a_neon_alley.jpeg,a46a1a36a6235d79f0224ba99bb0f4d1d8277534dc6b15b444721d8e07f3666c
HNi8NPHXkAAnyjb.jpeg,golden_madonna_like_figure_on_a_blue_circuit_board.jpeg,c18b0614d84564f28bee318d44f0ca3fda150e1a751cb163a6121789ceb76ec1
HNimNZtX0AAj9Vx.jpeg,photograph_of_a_person_on_a_beach_with_threatening_text.jpeg,f21672191cc732ff3990b14915095480b72e2b19c0b389b365501d5b2e9e2b85
HNip80TasAAupu6.jpeg,photograph_of_a_tall_palm_tree_against_blue_sky_and_clouds.jpeg,8d3753d04fba46eca259bf6ab88c43a6d6612ea7b6e847fcb0b6548032c74047
HNjRt-IaUAAJpAu.jpeg,photograph_of_a_forested_mountain_landscape_with_a_ravine_and_field.jpeg,7895dfaba8964e309921781a95e77de4774869774d86103b73d093fcceda0441
HNjbMQTWcAApk7P.jpeg,digital_illustration_of_trojan_horse_and_soldiers_in_desert.jpeg,0a712af5c3761ce59e093eb59e134fd97b18d5c2ebcc754b8e51e9887288ae48
HNlgLCPaQAA9Vfv.jpeg,abstract_painting_of_blurred_city_lights_at_night.jpeg,59a19cf0bda0d258bfb64e6bc7c1d3db7ac4ed220450525b06bd240da7c17d7f
HNlm1FbXcAAvQ1l.jpeg,forest_fires_and_aurora_borealis.jpeg,e5dda7122a365d840e070e20c390a585f25e376ea6d474f87f998ccdcc4c95fb
HNmZ545bEAAl19_.jpeg,simple_drawing_of_person_wearing_kimi_k3_branded_clothing.jpeg,022bb359fd677c452057e3eb8b49285f11e769c6824f6103f291514a117b58c9
HNnAycmWoAEmi57.jpeg,sixteen_black_and_white_japanese_emblems.jpeg,a3ac54d9d4024ab8df015ab666989790fee9e5536d7e5d11b5aa129946bb886c
HNqoclCbUAAiflY.jpeg,ideal_conditions.jpeg,42984b7c8842e8ff8c57fce026cfcc5435cad70786640513a3dc614b415adc5f
HNuCJmuXkAEenb_.jpeg,gray_scale_drawing_of_bearded_man_hating_coloring.jpeg,c0dbbe6ccf668427867cbe57d6ff7e2123ffc78c5801579f66a85b58e1029196
HNxg2kvXsAAifuL.jpeg,a_shanty_town_in_new_york_city_s_central_park_1933.jpeg,95dc597f1fe2b9f9f227ee4f4244c7d5991d6eb94d62c08f7db89d1382354206
HO-U2QDXcAAgQ-E.jpeg,cartoon_of_a_grotesque_man_holding_an_ai_food_menu.jpeg,9cf589f7da455430c23b6c83a1cf6fb7603a62be28f1d9c71453fbcef76fca49
HO-hRi7XwAAYJ7n.jpeg,pyramid_diagram_of_philosophical_memes_and_figures.jpeg,7a6b6c692e0c3320bd87a75240675270e3c710d36a53e7a493ba66584bc4ea1e
HO3t8b8WAAA6Iez.jpeg,photograph_of_man_playing_portable_game_device_on_set.jpeg,9887eb09d460cdee5afb16d41742743deb060e172f1799e3a70166a8d65013c2
HO4TXQUasAE0Sfb.jpeg,black_and_white_illustration_of_bookshelves_and_two_people.jpeg,6cc32a97c90ff1d959246d8eafadca582af557640d1f20f87f513073637f0860
HO4ffkuWIAEvO-3.jpeg,angled_photograph_of_library_bookshelves_repeating_infinitely.jpeg,c81838eb397711d98aada007de77afb98008607cf75de8208b3cbfadae5239ff
HO52C7_W4AAAfzx.jpeg,photograph_of_a_list_of_top_five_regrets_of_the_dying.jpeg,c561d82791f7ec7f3c878263476d7c1203b21c5d3bc78bb198768cbe4e37009d
HO5KCXgWwAAutFh.png,diagram_comparing_human_and_angelic_perception_of_books.png,13dee1940329913e02e2d4fe82ef3e78d86469f84b0f0da238b68727404591f7
HO60tf6WAAAI2ql.jpeg,photograph_of_a_man_in_a_dark_kimono_kneeling.jpeg,93df3d4765dc521b8c34312f33e8cb0da3121c267db163a0974de9339a43f76c
HO7qjyCbsAAbPUh.jpeg,google_maps_screenshot_of_san_francisco_neighborhoods_with_humorous_labels.jpeg,be3b1947bf89c659f4092e9e636f308d43c62234b5dc7d5a14de22a6555d9e1f
HO7x-0ybAAAWOP3.jpeg,white_rabbit_candy_wrapper_with_rabbit_illustration.jpeg,91d80d36620e61e177d28e4564994c7f6237f4d76ab43f374dcbc5ec8cfe5085
HO897n6W4AAzrlv.jpeg,man_with_spider_man_3_posters_and_meme_text.jpeg,eb9678495e600cce15ae62f4948b48f11f7a84eb4a153427499deaf4407dad19
HO97OW4aQAAovZl.jpeg,diagram_of_dominoes_illustrating_steps_to_destroy_public_services.jpeg,4b840996399a1cc1aad9368c7a590361919a2d8dbcf0949c11c896bbe85e45b6
HO9JN9-W8AAMcrg.jpeg,monochrome_photograph_of_a_man_in_a_trench_coat.jpeg,d99382ee4a6367d45338269f88c96cab8137ca9a92cde8593862ce26e4cbce79
HO9y3luXcAA73Mo.jpeg,pen_sketch_of_a_rabbit_with_red_eyes.jpeg,e5915b2c6bd9f045680672345b422bdf6b0478871a56551086ba259e0804a09e
HO9zca8WkAE0OD3.jpeg,painting_of_a_man_surrounded_by_aliens_with_medical_devices.jpeg,3da016f8a448142f75ac67c6fca20e0a70764aad9925e1b5522b12222ac1a638
HOBY8jQWcAA7ZT6.jpeg,photograph_of_an_alley_with_overflowing_trash_cans_and_debris.jpeg,283bcd4295decd18d5924e18f2f4eebba734a6561c2c8401a0a63deef2c3fb3a
HOBZBJ9WgAAuMdT.jpeg,president_george_w_bush_meet_with_karen_hughes_left_andrew.jpeg,4917f7f172a83e1f8a3f5b1f2133e0f854f2b946d2bbb1cd9e6f5bea275c82bd
HOEk1lpWoAABFyf.jpeg,white_cat_lying_in_courtyard_during_rain.jpeg,ba85324e760cfbeeb6368c89273d1b91d5ff4eeeab445575e6a84d62cf090b0c
HOEylVtXEAAZdDN.png,change_da_world_my_final_message_goodbye.png,ffe01c0ced4be5ebe8b80edae7eeea2e673c24462ac740d674ddd85939914772
HOFl83VXEAEUrnl.jpeg,detailed_cross_section_diagram_of_a_ship_with_team_zissou_flag.jpeg,606b0711f066cadc52d21e950420f9ad41bcbab14344d04278bc9706b09ff5c7
HOGbKmZWkAAaZ3S.jpeg,painting_of_three_men_in_violent_struggle.jpeg,9debdf51ea563ecb0e1f7a02fe99062038740635313449d49c46370a2c65fa83
HOH0J3WXsAAEd3J.png,diagram_of_hands_with_photographs_annotations_and_digital_paintings.png,555338989dbfbf0828949aaac323479806340690ae81a5777d969566975cf270
HOKb8wAXQAESGUT.jpeg,musicians_playing_instruments_inside_individual_green_tents.jpeg,b58ada48519f750bc95d18604c59a0c5100ebd3a637f474e4353003fde5d8a0c
HOKoPlFbMAAVqA9.png,people_wearing_pool_noodle_hats_at_outdoor_cafe.png,d092127b91ba77b4ed10e32265e3a0c756e0bf747785e0b34cdacb62d394b24c
HOLBN1vWYAAjV3u.jpeg,interior_of_an_old_truck_with_bench_seat_and_text.jpeg,f2b95a236ab4d4d71f6d6bf393603bd9177297adc84ab03191e42448fded2175
HOM9a7BXQAEc4qQ.jpeg,wholesome_old_laptop.jpeg,bfb364f36866eafe2a99f3a6688842fe2347663976b44f5e811ddfdfb260d113
HOMF5hRXAAAm3s3.jpeg,newspaper_page_with_internet_memes_and_hindi_text.jpeg,8277e6b5966b34f0dcc2ab1ea6935aa2135e31c653b33a56f8f99793c86eae3c
HOVCEENWwAAir69.jpeg,photograph_of_a_curved_3d_printed_house_with_yellow_porch.jpeg,7c39a92af78a1d58ecd5e333b9f9c67d3448708d2c2939eb7aded68379282cc9
HOVGyW1XYAAU-0l.jpeg,large_warehouse_interior_with_rows_of_books_and_boxes.jpeg,4fff5987ea89dc6e2eb1399ebde5607cbc75630672de692be0572fea2f96a5ec
HOYkuLPWsAAdPLq.png,painting_of_a_futuristic_city_with_glowing_buildings_and_outdoor_dining.png,8a99654cd25c328fe0278c45340db3acb81e4cc0becd4a3b3e877e2d5c7b0184
HOYkxafWkAAAhWk.png,art_deco_cityscape_with_grand_staircase_and_dancing_couple.png,90a481ba840eb02da6c80de10a0b5807535dac59f397da771470509f77eb7c87
HO_LP5rbIAAEHjT.jpeg,holographic_cigarette_pack_with_karl_marx_portrait.jpeg,80215c2545042b93bb179f0b16e13193826ea3939287032cf2d19709a7ce37ed
HO_cFUpaAAA_zaw.jpeg,pencil_drawing_of_a_person_s_head_with_electrical_wires_inside.jpeg,6127447ef8d50ee9fb5ace5697585a95995a7d2afdc5cb87068c2d8e7f302c82
HO_cFUwbIAA19Hn.jpeg,pencil_sketch_of_person_s_head_with_utility_poles_and_wires.jpeg,d149e3725121ef0fb4ce172f175f7158ef6f0097e1951af35849252c99d82301
HOa0lsmXIAANvPW.jpeg,modern_data_center_and_classical_relief_sculpture.jpeg,7529574b85f65aa7ccd86ee64465cd2624a6382d6b04f6d7a7ed704e527d6338
HOa0lsuXEAE2hTc.jpeg,golden_embossed_landscape_panels_with_blue_background.jpeg,cb751e8a7dc369871b351ee2a6844e5e3ef07ac0e26a5629bb16e5b29d6ef5e8
HOa0lswWAAEIbAv.jpeg,gold_medal_with_three_figures_on_blue_circuit_board.jpeg,091551567417b2e8b01832c8f5212685f9ee66a57f186ddfb69fa75f3b9cf8f3
HOa0ltFWgAEQOHZ.jpeg,golden_relief_sculpture_of_figures_and_city_on_circuit_board.jpeg,a942e745ad052a65d6995deab4635314c2ecc9f6113cfba119850fd3470aa2d4
HOawUPOaMAA5Gse.png,meme_showing_age_progression_with_text_and_a_man_s_face.png,28da3d4dca07f6fc732314359a3fc853a1f26689d1279f3421b4682e73b97ae6
HObRuhMWgAAyMZz.png,text_with_three_quotes_about_invention_and_motivation.png,851ff6d03cb73ea4c8bb6fbc22d0b3f1002d042f55881b52a384dab9f2d39368
HObu_bIbMAAM_je.jpeg,white_cat_wearing_red_plaid_bow_tie.jpeg,8758d595ee91562225ff0b9042b5977578a15e389a4fa78ad26e17bafde47c88
HOcN8_TaQAASZPs.jpeg,cartoon_man_hanging_from_object_over_san_francisco_map.jpeg,20556b5a343060e337b56f96738d2ae3207a1cad70e4d527801fbb44826e1c8d
HOdRhrdWcAAznzT.jpeg,a_four_panel_comic_strip_depicting_two_people_regretting_their_career_choices.jpeg,6b69b2af5f5650e21faae2f3d8819cc5f8a6a4b564cbfef29a0e768c9aff9479
HOelTgDWYAAsBhs.jpeg,four_panel_comic_of_a_drawing_being_added_to_a_pile_of_content.jpeg,a737fcfba461410fbd8243b14e5fd5b1129c82149e4462cbc0c1364e30803c0c
HOfU_M1asAApBxr.jpeg,four_panel_comic_of_man_and_cat_with_creepy_grins.jpeg,93cf463f6bce6b80458e15d42bc758151823d3d16035ef6183868183a9c9562f
HOfz9TfW4AAu44H.jpeg,no_more_bananas_this_ape_only_wants_powerade.jpeg,814c7baebd38c4531aac995c57b2bfe5f4d3f09cd5c6783a011500241759184d
HOgghRoWAAA8nuo.jpeg,diagram_of_color_picking_for_shading_spheres.jpeg,a728da490ce321fdce3b87d2f610b0ed2b728bd51dc5c53e8e7c7d9dc4349927
HOhjLTIWUAAdEQv.jpeg,painting_of_a_person_running_down_a_grassy_hill.jpeg,7699082a3352bf5603bcb619d5cac5f3f0ae5e54d22058cfe96d8c5d48a173b4
HOn68nnWcAAHapM.jpeg,fed_posts_worst_bait_ever.jpeg,87d894847aa7633859eccc3902cabaefad8d4b10e1cfab04494657bc0bb17969
HOnzhv7aEAAzhT3.jpeg,10000_by_ibsukionsen.jpeg,e095b17478820d40dd61cf904a625d0b2a4f61ffcc8f481da37075ebabf5cf1a
HOpVWuHWgAAE-5N.jpeg,newspaper_article_about_a_tibetan_teen_and_western_philosophy.jpeg,968a38e081cfa4694cf7d4c99bc0098846f723f7690e7e0f51184bdd164c9305
HOq30CJXoAA_cM5.jpeg,photograph_of_a_man_and_woman_looking_at_each_other.jpeg,c8811b339ed6cc1171b84c0d1c8f3adba6e1408e4912bf9fb31e5645bcab1768
HOqXXmCWsAAsujW.png,three_men_playing_poker_with_overlaid_text.png,cf95c6e3f09a2f15ff4e0526564f59ca506388c4cc9c65c7a4afb593c6608bbe
HOxNQU5akAAdtkn.jpeg,drawing_and_photograph_of_woman_in_blue_suit_pointing.jpeg,39e0d39477929404c3d39200975b32c903981fff92a4d612a2e57de671720c59
HOyoz8sawAAsU8S.jpeg,painting_of_a_rural_street_with_crosswalk_and_traffic_light.jpeg,5778ad289c112e918bc89ec93eb4a8e4a91862bdc3624ae7619b7a1dcb3130b4
HP1Kz5rW8AEerQ_.jpeg,four_digital_paintings_of_queen_of_the_damned_characters.jpeg,dda22e60e46a5a3a347e4c7be54eea4b52cf864e2a8e6a05de0cf8a0ea416962
HP3sqUSW4AAWaS4.png,data_chart_showing_intelligence_and_mental_health_scores_by_tattoo_status.png,9238563c2f9484f79814588a5b461cf2e3aca5cede6a0cca7537d8a6f28482d1
HP8YQWyXwAAUtRB.png,painting_of_a_deity_surrounded_by_lotus_flowers_and_text.png,195277f9b9ae1ec86f28832dca607cc35df4f252cb5ea20a5bea58d66cc1f28b
HPDG6VJb0AAhpb4.jpeg,movie_still_of_man_and_woman_in_crowd.jpeg,0a426615554d32fc581eaaae09aa0089e4dcb108210e81c229cbc7fea9fd84f5
HPGzaU4aIAAJIxn.jpeg,two_figures_in_a_movie_scene_with_meme_caption.jpeg,847e1eb22f17a8cc55b125d659f111002e439fef364be4732eebb16bc22ea14e
HPMa_3TWIAA64RX.jpeg,social_media_post_with_two_images_and_comments.jpeg,f8c887558b0d6d602a010233efb32f5ec6332554cc2d35ea844e1292951bfcc2
HPrgERRWsAEn1Sf.jpeg,illustration_of_two_angelic_anime_characters_with_ui_elements.jpeg,f2a8443d9c98a22d26e98c9efaae7d21a1739a1f0d34e0dfa160bfd5c8db851e
HPy-QOXbgAACvDg.jpeg,sketch_of_a_cafe_interior_with_a_person.jpeg,db683b7f9a73ce06582f9f1e2b0318baf375438a23da30014afcea31dca982fc
HPy-QOZb0AAtjxP.jpeg,line_drawing_of_a_cafe_interior_with_seating_and_shelves.jpeg,3075755998f430b69f5a5b6815e0fa630159e0190b6ebea30c2c87d8269facaa
HQ0MsoEbAAAdCK0.jpeg,blue_toned_photograph_of_a_cat_holding_a_computer_mouse.jpeg,a9bc51f6e167d66535e9b37cd55afc99cc0b01834bc67700503598a1ae261df4
HQ0oXq0XQAA1YYX.jpeg,cartoon_ant_carrying_bindle_with_opentowork_sign.jpeg,be825cb720d4c913bc2f846816df3e229634b29fdc79f05cec49b9094ea4bf1c
HQ1BwUNaoAAPQ6I.jpeg,billboard_with_typo_and_graffiti_slogan_above_storefronts.jpeg,10b9f744d699b6379a88cb07947138e10bd31a691c6cb8e783efd5372d6a9258
HQ1z0oYXMAAj-WC.jpeg,digital_map_interface_with_incident_report.jpeg,239ffb712ebc61f531c8ead923d3e05b26349cf86579a0c2c4f5232923176880
HQCrRGAXkAAiFDA.jpeg,idea_no_262.jpeg,429d424f0c3d37397872c75d259783fdaac9403ebc48b4ab6b459c6dc99517e1
HQCrUNxWMAA8fjV.jpeg,idea_magazine.jpeg,277fa9f57ad172583a9e41712c1ed6415580ba248f0e733e09c423f18a0d376e
HQCre7MWwAAZTVH.jpeg,magazine_cover_with_person_and_text_overlays.jpeg,350ad7a276455e9a2cf14502259b0b5cad4a7734aacf85fd796a5b23debaacbb
HQCrhXUXEAA886C.jpeg,abstract_geometric_design_magazine_cover.jpeg,aa164e85d983023533902dce9022ef068fd23e99ccbb844158815dba267a8e6e
HQpvLuhWsAEVAqu.jpeg,3d_heatmap_of_new_york_city_and_surrounding_areas.jpeg,5d05d90aa9ba1b8cc6a9136081d3b5b8af85f9c766f009d7de3f58eeb2ce5f38
HQscIgVbwAA0mqZ.jpeg,night_photograph_of_a_city_harbor_with_ships_and_mountains.jpeg,4b2e2812c5afbb7cb044651c4db67d7623409eae28eb08e3d7338c9b52bb1f28
HQwQujcagAEKfJo.jpeg,a_person_eating_at_a_fast_food_restaurant_counter.jpeg,ecb7eac18fbb7b725bb18bfd7758a68dae78ec85e477a96966cb882c24771b85
HQzh57EWcAAD8Qo.jpeg,colorscapes_by_rik_oostenbroek.jpeg,ed6fd0bd8dd1333fadeb85c84a2205b97c97e5a69f5806a4c829976e6cc8a317
HQziDCXXgAAMNcB.jpeg,colorscapes_by_rik_oostenbroek_2.jpeg,b82840a64a82026dacba530facb1683ca06a6b7a8cf1e74924e3dd0372570547
HR-IGjRXgAMbk4k.jpeg,barely_a_map_of_the_west_coast_by_peter_gorman.jpeg,834b7a1a0f7aa371110b39cc01ee46f4a1ebc8690e38bd9a756236cea50fcd40
HR5wWPEbMAAB3qY.jpeg,white_text_you_wouldn_t_download_a_fruit_fly_on_glitchy_background.jpeg,31c3ae7f211da84e20105e9c0c459f90c2a42b0e85013889e2a1039dc397561f
HRAcuCHWYAAtPA9.jpeg,fortresses_of_the_mind_by_michael.jpeg,0ac9d84af536a864e1bd93a7450a35191fdf4b247c133064555999cb2394b366
HRAgb34WUAIfuvg.jpeg,modern_museum_interior_with_sculpture_and_lightning.jpeg,4c7800182cd0e4293724d9b090bfc7a358e407d5800fcdfbee6945473a346d71
HREtUt5bUAA1myK.png,black_and_white_cartoon_of_an_artist_asking_for_a_grant.png,e922ac1ab40b868f954fd7ac2506bb3de291a038b41fe60fc1528b299fb543a0
HRGGi0ZasAAo-M9.jpeg,photograph_of_a_cityscape_beach_and_snowy_mountains_at_night.jpeg,74a619672bf265bb0e6a232b0daca24c3d628f62049233eb13278fa3e4f8960c
HRGZg2WaAAAPwyX.jpeg,night_photograph_of_illuminated_mountain_path_and_town.jpeg,fba9b1f9de9866df4dd074a828894d5152ae4979d82a271f324597ba535186a1
HRJJ0mKW4AAPpfv.jpeg,original_2001_ipod_in_sealed_box_2001.jpeg,636916b9c443b61611c7a1ef4597ce43d40798c90d3b078dd1231b65a9450ef7
HRM_r5eWMAQvBf5.jpg,line_drawing_meme_about_misogyny_and_male_gaze.jpg,e34bb5479b3f4d4a101f686fc9429507e61426f5689e817fac944fae0c3d0ec4
HRPZHqLaYAAB8hX.jpeg,screenshot_of_a_news_article_about_photo_compression.jpeg,ba951aae29101cc9f5e1356a473320201168110d359888389028b20a564f2583
HRQPOWWaIAAyAE9.jpg,photograph_and_diagram_of_stratocumulus_clouds.jpg,7e29cf920c12a5b2ccdfda603c126e9bbf2f34152d8515267b4d61fb8e51d6f4
HRQPOWYaEAA7kyv.jpg,photograph_and_diagram_of_a_cumulonimbus_cloud.jpg,4a0e99364814fceda9b9d672d2320445cb5c2fd1818568c26e1a231cb74e9686
HRQPOWZaQAA3G7l.jpg,photograph_of_a_cloudy_sky_with_corresponding_cloud_diagram.jpg,805a545540bad13874143901ab031d10952d2ed43986e6b80161df5f91251e35
HRQPOWZboAA_wTf.jpg,photograph_and_diagram_of_altocumulus_clouds.jpg,c167721c5d5565be623f542b60e909e2f5714f55aff6ecf88cc60b50062ab35e
HRSTSIQbgAAj5gF.jpeg,dark_corridor_with_blue_neon_lighting_and_curved_floor.jpeg,ee956d098931ca563f794356739005d0a0ce1156437e423f0f61be4ff3aeea3d
HRSTUw_aYAAGiPR.jpeg,indoor_room_with_glowing_blue_display_and_screens.jpeg,3c88904c2bc17616a66dad690e8e765f14e77dc619ebf7821a8fe04946f00cb3
HRSkfCpW0AAZuba.jpeg,meme_comparing_corporate_memphis_and_ai_slop_poster_aesthetics.jpeg,a4735abfaf0a0dc76ffbb3b9f198f29701b202893ed35cc695c42ae876718f09
HRejQgiXgAI9aGl.jpeg,collage_of_smoke_fire_and_clouds.jpeg,2152f0b8591f30c160c04b9657780c3a3a045baecaac13ed1eebdb5e3278cb19
HRgUuevXcAIOr4j.jpeg,raw_salmon_fillets_swimming_in_a_river.jpeg,8de34a2bf4ae855def52994f137a191ff190661fa6d1cd8470bda399145c3b41
HRj9XVlbwAAZVDd.jpeg,dilapidated_white_house_in_a_rural_field.jpeg,61d9b9b8f94088c4b949f78dbc8da8f00bab8a1f28f0228376923c8f87b3d024
HRkoWaMXUAMfnYE.jpeg,satellite_photograph_of_mexico_city_at_night.jpeg,d6577ff20f47af04b22855c9d6e61dc79855720c587e6c2dbe125a43091e8fcd
HRkpwp0WgAAigvX.jpeg,aerial_photograph_of_a_sprawling_city_at_night.jpeg,df459f2f788248dae39747bc92242a2471ebb3697116bccddc54233574467689
HRkslpTXMAEebzA.jpeg,seoul_south_korea_2025_vs_2011_city_lights_weave.jpeg,c95d6f1e8c9a40735b8b0a5de8019b7750ee80d4f549a07edf664e5c1fa47827
HRkvnqwa8AAQPPy.jpeg,aerial_photograph_of_a_coastal_city_at_night_with_grid_lights.jpeg,81897dddc40f4056525a30f3aa7810c9e6538c6dfde9d290ba929deb348ad0d6
HRkvovCWkAIBg9s.jpeg,aerial_photograph_of_a_city_at_night.jpeg,8c66f05b3ebbb03836955479b840b873646793057979accb28b686af3bc1d824
HRkweZ8WYAU1BER.jpeg,photograph_of_miami_at_night_from_space.jpeg,f14bb4ffec21c9212cf016b8924c72cadb140cdaa331427f58c1b5b96dd3103d
HRkyza7XAAQ6Qsg.jpeg,satellite_photograph_of_las_vegas_city_lights_at_night.jpeg,9877399b30701ba57036c4f0b826107d1a5c9daeb74f3c94d696a8de6e52cd29
HRnIEIYaQAAk7Xn.jpeg,painting_of_a_bright_sun_over_a_rocky_landscape.jpeg,c6819863201ac3f9601bbdf34ef59d1acb7785d17d965831787c49675926e269
HRutGhBbUAAc6Zl.jpeg,diagram_of_a_head_wearing_a_wizard_hat_with_labels.jpeg,534bcc2d8d64bb5503da1fea44d6104881f6e38b3f29fec8e85d662c1f302567
HRyNmvfXsAAsLHV.jpeg,gray_spiked_ball_hanging_in_a_window.jpeg,87f56c1773540ffe9623f00602366cc7b71d218878478b55f8e3cf07293f821a
HS1epCxWsAAPS6J.jpeg,three_young_men_with_exaggerated_features_holding_food_plates.jpeg,2ed255e1bd1f8722059d9973efe468bfa8a732fd430640130e7c9a3f8123e34a
HS7-9bZXAAAONSh.png,photograph_of_a_suburban_street_at_dusk_with_houses.png,2c7222edc08c632e69c9d08b1dffdd89efdd4e08b6420902f352bf27696eebf4
HS7fAaKaoAA4kRs.jpeg,page_from_a_document_listing_sabotage_methods_for_organizations_and_conferences.jpeg,2c248fdcda4dfcc62c279360221cff28026da655f18c7beff03ce610da2729ba
HSCkz62bAAAkrfI.jpeg,microscopic_view_of_an_integrated_circuit_chip.jpeg,5907a8bace2ebfa69b2aec5baf10bc9c23f7674622d983502ed2268e4d3c257f
HSEZSizbcAAwo7M.jpeg,distorted_cartoon_characters_staring_at_a_table.jpeg,731fba5d71bff4e76d6e221ba213d7716270ceb72e8386634824a92dd09fe961
HSFOfXSbMAAhSd7.jpeg,painting_of_batman_and_alfred_in_the_batcave_with_computer.jpeg,ac2298bcec1988ed7060bf9230d0af2ffe30882875424042d535a6f9e03e879c
HSGdqiqXsAkvFKv.jpeg,painting_of_a_man_in_a_mid_century_modern_bedroom.jpeg,00c6f5ee2f3e5da7a460ce48454ca5ef47439e7e797e0dd6495c3d389c0512f4
HSIxRufXMAYz8ud.jpeg,coraline_s_dad.jpeg,a1f7d8828620b260d94bbaf100acb3e830eef5c137284e64cf4ac621c5b57239
HSKN7JcXkAQ6yT7.jpeg,three_panel_meme_of_sleeping_person_with_face_drawn_on.jpeg,34b2965dbbd3847d93c504c189c6a0e1e4032dcdf0792e9d337b95a220fd32b4
HSMoAgdXoAEz7A0.jpeg,the_word_gone_on_a_dark_underwater_background.jpeg,4fc629f2fc6186df2b6bb5e8eb983f3f035ea915513ebaafad580d7ea1b2c34f
HSNdv7xWkAAkVUD.jpeg,older_man_in_wheelchair_with_two_attendants.jpeg,013505e058b58b7f387c58ab7ec2c43983128851b631e7bd7839f10860ce0768
HSQz8wTa0AA4Vp_.jpeg,photograph_of_a_snow_covered_city_with_a_tall_tower.jpeg,17aea1e985f1ef1fe0a59103819832a4e0d0a0188a68d0f770343a307a018781
HSQz8wVaUAETf37.jpeg,black_and_white_photograph_of_golden_gate_bridge_with_snow_covered_hills.jpeg,92dcd148d56c53faf3daaeeb2e6f93653689dd1f34b5a55cfb6541a463cd3d55
HSSMhskXoAAoiO_.jpeg,grid_of_fifteen_32x32_pixelated_portraits.jpeg,c2ff989561ffd5f0dbc4b1f035937ade8c213c6fd42ed43a7be320f35bcaee08
HSXiA4NW8AAML2J.jpeg,black_and_white_photograph_of_man_with_iq_test_results.jpeg,34a790bb90ea9064663db1732d51ec65a9318b52f900acda6b1de351023e6096
HSeSOXsbcAAZBYk.jpeg,person_in_furry_mask_walks_past_person_lying_on_sidewalk.jpeg,11225ef57e3e60ac6abc319634fbbb41e8b4608c00bc6e0deb10d556fc36e7e2
HSjEkMTWkAA4YIY.png,black_and_white_photograph_of_a_chimpanzee_typing.png,bc3ca4207bb40f5a69f4a2b126dba8de6042e04134eb8ef4918ecfe42ac4b42b
HSjeC_HWgAAw_Jg.jpeg,heroin_by_jim_himes_1974.jpeg,1734dfdb055cf964afbe9a71ba9190baa7ed324108f8b7f85e14d8f9de767b23
HSkEBbObsAAk7_4.jpeg,illustration_of_complex_geometric_structure_with_animals.jpeg,c92a5415c41dc61ace1249671cab193dcbd205decbc23af768ab02a0b6007c19
HSkEBbQaUAAqko0.jpeg,geometric_drawing_of_a_star_polyhedron_and_shapes_on_paper.jpeg,f72b6d32ca84fc5578f096449dbae1b1f6d2c90ec77a59712147a61da4097eb0
HSkEBbQagAAoq0t.jpeg,geometric_composition_with_pink_pyramid_blue_cones_and_bird.jpeg,c42c3eb6b24adbcfbe2102939b1ad05cdfd2fcab52beed2ba2c40ceb57e7fb4f
HSkEBbQasAASJYX.jpeg,painting_of_a_tall_spiky_geometric_sculpture_on_a_base.jpeg,a96c3c896d80f437ada309de7197b0ab935d6311a98946327f6d4cd55be4d148
HSlK85cWUAAmroD.jpeg,woman_standing_next_to_a_large_white_ford_f_750_pickup_truck.jpeg,de7a6d9f222908afd65e632f03faa383f42467549891aead72d3be55dbf52a7d
HSsms09WoAAL-MC.jpeg,two_men_at_pentagon_briefing_room_podium.jpeg,30ef57c1380019b41f0f7fd9b843a11ea901179fb0ab30931434e796d82f1ac7
HSwYiwHaIAATmz_.jpeg,nighttime_city_view_from_window_with_curtains.jpeg,2ec83d299ee3a69e12451f7e44621a845e3df898a3c61921d069781d33f92bba
HSwfm8JWoAAsImM.jpeg,the_jetsons_lied_to_us_by_twonks.jpeg,9b45ba4bdcafd86bd4e6aa14517f39bf6935755b1f1cf0afa0f267a92ce77ffe
HTA0dX_W0AAovvA.jpeg,black_and_white_photograph_of_a_cat_wearing_round_sunglasses.jpeg,c0bf108c9d6829ab6fb3b2525e9bb23ffdb1a09b76ee0a63cd9f223cc2a61026
HTErwwXacAEDutl.jpeg,two_panel_comic_of_cows_thinking.jpeg,78de4e2e07f3bd096069da26462d0c1a2a6f89192a047e662525befaece66933
IMG_0036.jpeg,watercolor_painting_of_a_string_quartet.jpeg,0f4916a346579232a89c518126404e11def5c5896ad9d7c26d66e55a746634a0
IMG_0043.jpeg,black_and_white_woodblock_print_of_three_figures_with_scenes.jpeg,561ede9f9230f6f908f46776d3bcda6492637cde4fca227b5f97987721b51711
IMG_0060 2.jpeg,pen_and_ink_drawing_of_victorian_house.jpeg,ab35f908d729c9e467ef161b15581bc02f576ad4bd9160dcb531e32fc7a686a1
IMG_0060.jpeg,pen_and_ink_drawing_of_victorian_house_2.jpeg,ab35f908d729c9e467ef161b15581bc02f576ad4bd9160dcb531e32fc7a686a1
IMG_0062.jpeg,painting_of_adobe_buildings_with_red_ground_and_shadows.jpeg,41bf8ce42a1386994c8fc6f764597f74e1481adfc1a9e918dfa3ead9c03580b0
IMG_0063.jpeg,colorful_painting_of_three_figures_with_a_drum.jpeg,309461758e6c2c9807791caed25a197dffaddcdf155d9fc588ab933ec9f358eb
IMG_0064.jpeg,colorful_painting_of_a_native_american_dancer_in_headdress.jpeg,93614a1e302e8feaa13c45d85ff73e6225b42ebdd1e5c31b70aeb4d31a42418d
IMG_0065.jpeg,abstract_painting_of_a_person_beading.jpeg,9ac7f065b7777641c37de50e9976ad0bdf7042c58d8f4f7f85edc414647e4fd0
IMG_0066.jpeg,painting_of_a_figure_in_traditional_attire_with_feather.jpeg,ace044d44a8bddec81bf38cc047214e73520b91909b6dd6deb5799872017e623
IMG_0067.jpeg,graphic_print_of_native_american_man.jpeg,acaeffc65239118e1a0739727d2128fba1a5f381f62901237e4e6941f1fafac6
IMG_0068.jpeg,painting_of_a_colorful_landscape_with_hills_and_mountains.jpeg,516db57f90949d7245dc17631c8dc97ef95e579a0407170baaca81fb52ddefcc
IMG_0069.jpeg,painting_of_a_desert_landscape_under_a_pink_and_purple_sky.jpeg,4bf94b261c04e0cacb45cb54ce98fa47aaaf4d33f0dbafe815c9008ee0d405cf
IMG_0072.jpeg,pencil_drawing_of_a_person_with_glasses.jpeg,4a56b30a739e977d02ee7d23f620bfdaaa58db5f5a7b92ac56d53ae52942af7f
IMG_0073.jpeg,painting_of_a_stylized_figure_with_birds_and_cacti.jpeg,80831f5ccdcd61f0f5a7f626255e88c6eb2f880acdf36826dbd42095a01dd1da
IMG_0122.jpeg,treemap_diagram_of_online_attention_distribution.jpeg,ed908bb3fd52a82c79bf0ac6bbe329d06c258163401d848264d4700063ba1974
IMG_0254.png,long_room_with_potted_plant_butterflies_and_landscape_walls.png,b0699f5ba5ad2503f6c095f9269f243651f468c8ccf18489bedcec9a2b544e52
IMG_0255.png,painting_of_a_rooster_and_chickens_in_a_farmyard.png,ec79bcdd4aee61325dc1a663c71474f3102486713a8b30a7b7fde6da5d39a097
IMG_0256.png,painting_of_three_women_on_a_balcony_overlooking_water.png,bf342536f72c23585d9044eb69dffda521b3325a482652d588be34b4e27892ff
IMG_0257.png,pangko_2020.png,992c0838735db674b84bd4ef00d86de787a8b9ea65c2f3e6e6518a3a11b99a4e
IMG_0258.png,elegant_woman_with_flowers_illustration.png,9f10603a21d7f2331404ddfe1475c773f1f9aed9493638fcf299c2be58cfcfbe
IMG_0259.png,illustration_of_five_white_fluffy_cats_on_branches.png,8e5d5f046ed4757d051956cd7582692dc643f77438ac9d9848dd4693fc84b100
IMG_0260.png,watercolor_painting_of_man_and_classic_car_on_city_street.png,3846dfd6756f273ced660bec6c897a6e1706f39ef17669f5b4b6b406685f284a
IMG_0261.png,watercolor_painting_of_a_hospital_room.png,746139674a5c8c39047addaee7c94acfda660ccdab2f434a89735e315f6ef31c
IMG_0262.png,painting_of_men_in_suits_with_neck_brace_and_flowers.png,618dbc67aa3aa42f4e4cc850927db110b039e4852a31f6c5287ff8ad7dbb8b93
IMG_0263.png,watercolor_painting_of_man_in_overgrown_yard.png,a32f26152c10415b1bb965c06a0ee63539b34fa9bddf375837e0dfe328278088
IMG_0264.png,illustration_of_woman_painting_toenails_with_cat_watching.png,73f2e4cc6d26c7c4780742d6fd2407ebfb7792d9a87738fcf021b386bd4f34e8
IMG_0265.png,painting_of_a_white_bird_on_a_sunlit_balcony.png,b605b50a81662b4020cf26bc685fd61fe55f9426975efa1714de09a7d49dcc76
IMG_0266.png,vintage_computer_setup_in_a_room.png,bd0fc1e9f997316e2f2a9d0b5aea846cadcc48fe4370f503301e5cc162f4bbb4
IMG_0273.png,stylized_illustration_of_woman_with_butterfly_on_finger.png,0bdc10a5212ff7afa7ee6a845e891b881e03db37401a555089791eb2bc67be69
IMG_0274.png,stylized_illustration_of_person_with_green_hair_and_bird.png,568313b89307b93648f4ffe6181c1fbd9d429cad7e44c20212fc1b6d304e1252
IMG_0275.png,painting_of_orange_segments_in_white_bowl_on_yellow_tablecloth.png,0a40c939c84ac3f965fd933b51b500c1a8f510dd63a4e0d1010362c74cd35bbf
IMG_0276.png,screenshot_of_micrografx_designer_4_1_showing_a_solar_system_diagram.png,4f150568f2d4647de168cf19f755a1602718015463615525bd1f543c3476df57
IMG_0277.png,painting_of_a_reclining_fox_with_green_foliage.png,1b6e875d1e3e427f3a7b1c58d9e3f34aa67f13f322ab034d99b52fa6069a6e1e
IMG_0284.png,painting_of_a_nude_woman_and_baby_in_a_giant_seashell.png,16aa27e7f245fd718b0a07c1ae929b08378e52ad38050369124c5a7f4965f1d5
IMG_0285.png,two_kittens_on_a_pillow_lll_by_henriette_ronner_knip.png,aff3662fd19d32240802150f63d25242c4d5ad7af6080ec7625e5aca8684515f
IMG_0287.png,tinkers_resting_by_louis_le_brocquy.png,faebb1436dd4dd978d2956cf54f30001e3a286ecbf538074aef18cc9c5784e7e
IMG_0288.png,woodblock_print_of_fireworks_over_dark_trees_and_house.png,25aa64e04c2a3c49bb322550c02c6ef3436bbcfa9c5022cb477a8447bc358426
IMG_0290.png,road_sign_indian_writing_with_person_writing_in_notebook.png,5d4c3e84fdcdcc6f7113fcd99113890d7de321065e693d943cb4ccc51c3a34b4
IMG_0291.png,photograph_of_a_man_pointing_next_to_a_navajo_point_sign.png,56c5589f743550252bb16789273ce5c44c85684004cd492fd4479ac87b64b694
IMG_0294.png,lee_miller.png,24f8167d87fbc70fdb364fd79707442e103b168c7bfa1507936188d02dfb351c
IMG_0296.png,painting_of_a_black_cat_in_a_colorful_kitchen.png,cd7471e19847186caba9f581e7d012c33b2ca60cb838c80645660b304e56fcc4
IMG_0297.png,painting_of_a_girl_playing_with_kittens_by_a_window.png,d59f931a2fcc488f556f380d2922fd8e5483ffb99b38662bc91bcf4ac6639341
IMG_0298.png,black_cat_among_stylized_plants_under_full_moon_woodcut.png,4240eb73a0701c1ddc31ccfc0a7e9dba8c56e0b7b0511f20b55964058ef20d58
IMG_0300.jpeg,line_graph_of_healthcare_administrator_and_physician_growth.jpeg,cbce42db55d34336e3d0ab3146c23b975928b3535f4b429dfee321c3a47a8274
IMG_0301.jpeg,two_panel_meme_of_spongebob_and_thugnificent.jpeg,ea1c06c2e91ce0eb9ca08a5b6fcb3e3fdbe085f6e29ccd87bbe88dc948a46f92
IMG_0302.jpeg,medieval_painting_of_demon_and_person_in_bed.jpeg,bf203827e894bb565714e6d236a790c20b02f194c49eaa51557e87d59ce84633
IMG_0303.jpeg,cartoon_guillotine_with_village_background_and_four_portraits.jpeg,5338e86bae0b7df4b16d4df52c071de585b7d14276791740f485ceebde90360a
IMG_0304.jpeg,aerial_photograph_of_city_downtown_surrounded_by_parking_lots.jpeg,1a0708c43a9df03a551a48134a24fdb2be1b15c32ad1f80e33b2380fe759de74
IMG_0305.jpeg,man_flipped_upside_down_by_bison_in_forest.jpeg,aed3f19f50d56fb33685d5881a53cfbc4e0c571492e611bf0975e08447e491e8
IMG_0306.png,stylized_painting_of_a_black_cat_on_a_garden_path.png,2a70ac081df34ade3a443aa8057f0c2dd301c33967469860ad026ad09f800e78
IMG_0307.png,blue_and_grey_victorian_house_illustration_with_turret_and_gable.png,ff97adfee8b6537f741136b79b14c36c8fd7c26a8e8eaa820ebef6dd8c2e56b0
IMG_0308.png,painting_of_a_veiled_woman_holding_a_palm_frond.png,e8a372f6c773b2e6955f08faec9162f3c238496be3cfb28c571a5f7036e7aa04
IMG_0309.png,illustration_of_sun_faced_grapes_moon_and_buildings.png,45825ba4b3148fdd6338e850029d612e4928c536ede19c506fd9b99f554ffbc4
IMG_0310.png,red_victorian_house_with_bay_windows_and_steps.png,32bd686c983dea124407d94f03eab2461f1fe8b2695c77f710c9a285e78ce2ac
IMG_0311.png,abstract_painting_of_an_eye.png,b7051a4f565d5ae0f58076066ecb3716d4754af7f5fc3a4eb99f392d3d68541b
IMG_0313 2.png,illustration_of_a_black_cat_ladybug_lemons_and_flowers.png,663df75c0d3c21d09c79c58b8b11d2fd7538755cc8cfacb1cd9e167a1158c167
IMG_0313.png,illustration_of_a_black_cat_ladybug_lemons_and_flowers_2.png,663df75c0d3c21d09c79c58b8b11d2fd7538755cc8cfacb1cd9e167a1158c167
IMG_0314.png,woodblock_print_of_fish_swimming_among_aquatic_plants.png,8be2da1114d01ffb087101b8595d5a123b7d7c6e4f40ed1ac497d0ad713d5797
IMG_0315.png,illustration_of_a_woman_in_kimono_with_objects.png,7f1cf4841591ae63cfa29b63b45b5707bbbe5df9bc7a88335b45318c7025d57c
IMG_0317.png,modern_building_with_curved_colorful_sections.png,b03d9f538b32c82eff76406f77599a15a1826eaf140c3bae5894a0070a94f0df
IMG_0318.png,architectural_drawing_of_a_multi_level_indoor_space.png,71cc4b36291752b16cd1079d37dcf98a1476c88ec31f71cc8f407bf6c094c65e
IMG_0319.png,painting_of_a_young_woman_in_a_red_hat.png,28ffe1f66ff2fe988a5f7a4c7bbc7af756664f4e7939d119622a16c077325507
IMG_0322.jpeg,painting_of_three_figures_with_crying_child.jpeg,5e7edd03f8150eef1339e292ad20555a59257a8c86c285ce171f5854c13296a5
IMG_0323 2.png,painting_of_two_women_dancing_with_flowing_drapery.png,f183c8a015c1f2bf3e762fa81f1ad4f8a992dcfe8e4a5d179cef2280489ef510
IMG_0323.png,painting_of_two_women_dancing_with_flowing_drapery_2.png,f183c8a015c1f2bf3e762fa81f1ad4f8a992dcfe8e4a5d179cef2280489ef510
IMG_0324 2.png,a_painting_of_a_sunlit_alleyway_with_potted_plants_and_fabric_canopy.png,1bb2abbe653a22ba728b5fd5d596186533d26371686136cb2cb118676ee57eca
IMG_0324.png,a_painting_of_a_sunlit_alleyway_with_potted_plants_and_fabric_canopy_2.png,1bb2abbe653a22ba728b5fd5d596186533d26371686136cb2cb118676ee57eca
IMG_0325.png,deconstructed_tree_installation_in_glass_boxes.png,7f2c9fe4efa2a139eea70cb29e29d72349e0905729c0b08ea1575ec98d1cc4fa
IMG_0326 2.png,illustration_of_a_woman_watching_a_burning_car.png,56483fd249e719861d52c37fb3c580de3eff71e019bc115b1ed9342e8cafcea3
IMG_0326.png,illustration_of_a_woman_watching_a_burning_car_2.png,56483fd249e719861d52c37fb3c580de3eff71e019bc115b1ed9342e8cafcea3
IMG_0327 2.png,the_edge_of_the_woods_by_charles_courtney_curran_1912.png,d218c628953e1893d1a3d9946445e759069b613890348b2a631d6ff8eb059d79
IMG_0327.png,the_edge_of_the_woods_by_charles_courtney_curran_1912_2.png,d218c628953e1893d1a3d9946445e759069b613890348b2a631d6ff8eb059d79
IMG_0328 2.png,missing_cat_by_simon_bailly.png,a510e58ba451898065ba79b4dc3ec9d4cf0a0de8420577bc031c1baefddf88ec
IMG_0328.png,missing_cat_by_simon_bailly_2.png,a510e58ba451898065ba79b4dc3ec9d4cf0a0de8420577bc031c1baefddf88ec
IMG_0330.jpeg,train_cars_with_graffiti_crossing_a_road.jpeg,fe9b5c04c03c7df684b72fe5f9cae8e968eb1b59f92c089be45a012318918dd9
IMG_0331.jpeg,photograph_of_a_graffiti_covered_train_car_by_a_street.jpeg,1918cd69e10cef3723cb034c5075319a4e995281ae7612e238903a9489af93f0
IMG_0332 2.png,painting_of_a_sunny_park_with_a_person.png,f7b124d3ed30f800de0ef40e1c845144b57ecd379a35f22860eab894eea545f7
IMG_0332.png,painting_of_a_sunny_park_with_a_person_2.png,f7b124d3ed30f800de0ef40e1c845144b57ecd379a35f22860eab894eea545f7
IMG_0333.jpeg,photograph_of_graffiti_on_a_dumpster.jpeg,c3aae90c7bb7d20e561b27e3c5776a3c268e92d50dc1a6a50ffac704e6e830bc
IMG_0335 2.png,absurd_desire.png,0b716f829d4aef08919d2fc23a950de420530eda8ef35b269ea05d1f780c90d2
IMG_0335.png,absurd_desire_2.png,0b716f829d4aef08919d2fc23a950de420530eda8ef35b269ea05d1f780c90d2
IMG_0336 2.png,painting_of_a_stormy_sea_under_a_dramatic_orange_sky.png,f952736870f88d82b9edea99a69cf3de7022a2f04bb4f20e220885648db3ef08
IMG_0336.png,painting_of_a_stormy_sea_under_a_dramatic_orange_sky_2.png,f952736870f88d82b9edea99a69cf3de7022a2f04bb4f20e220885648db3ef08
IMG_0337 2.png,black_and_white_photograph_of_man_on_sidewalk.png,6575c5b9237fb3dedd88c0ac99f1940aac2ab8e1f69a48480c2807e7422efb32
IMG_0337.png,black_and_white_photograph_of_man_on_sidewalk_2.png,6575c5b9237fb3dedd88c0ac99f1940aac2ab8e1f69a48480c2807e7422efb32
IMG_0338 2.png,black_and_white_photograph_of_a_man_on_a_city_sidewalk.png,6883535f31e33494fc8ffc8a19c346083d5f2dc5ac7e6de3211e058c284c3829
IMG_0338.png,black_and_white_photograph_of_a_man_on_a_city_sidewalk_2.png,6883535f31e33494fc8ffc8a19c346083d5f2dc5ac7e6de3211e058c284c3829
IMG_0340 2.png,painting_of_orange_clouds_over_a_dark_landscape.png,cdccd7f68d1dac3481352a92835e5cb4d251dc573f1db90f22dd2cbaaa1e1d83
IMG_0340.png,painting_of_orange_clouds_over_a_dark_landscape_2.png,cdccd7f68d1dac3481352a92835e5cb4d251dc573f1db90f22dd2cbaaa1e1d83
IMG_0343.png,night_photograph_of_red_car_on_winding_road_with_city.png,707c8851da7eeb4916bb0bb00a1550dd043624a9e007af18f85befc8a26210a7
IMG_0344 2.png,textured_painting_of_a_stylized_dog_in_grass.png,cb3f4391225912b5d65b91ca3b0d62919fd0d96edd7e2445718260392fe09634
IMG_0344.png,textured_painting_of_a_stylized_dog_in_grass_2.png,cb3f4391225912b5d65b91ca3b0d62919fd0d96edd7e2445718260392fe09634
IMG_0345 2.png,abstract_orange_pattern_on_a_retro_computer_monitor.png,f7aa394353fb72924eece12580d037ea88a3de7ea6fd87ef68511ec8ffcec345
IMG_0345.png,abstract_orange_pattern_on_a_retro_computer_monitor_2.png,f7aa394353fb72924eece12580d037ea88a3de7ea6fd87ef68511ec8ffcec345
IMG_0346 2.png,red_car_engulfed_in_bright_orange_flames.png,14bdbdfe55a2ea83738e526751d5729802cf6d16295409c3904541647e8c0b07
IMG_0346.png,red_car_engulfed_in_bright_orange_flames_2.png,14bdbdfe55a2ea83738e526751d5729802cf6d16295409c3904541647e8c0b07
IMG_0347 2.png,blue_ink_drawing_of_houses_and_meditating_figure.png,79615262b66be213ac0c9daacf0c979d0724c55e828435523affe170584f3f07
IMG_0347.png,blue_ink_drawing_of_houses_and_meditating_figure_2.png,79615262b66be213ac0c9daacf0c979d0724c55e828435523affe170584f3f07
IMG_0348 2.png,textile_art_with_multiple_abstract_faces_and_red_eyes.png,c4a519c1a6b6f811f1df0b746b26f548c2f79f03df261433a379f3e1f869c3fc
IMG_0348.png,textile_art_with_multiple_abstract_faces_and_red_eyes_2.png,c4a519c1a6b6f811f1df0b746b26f548c2f79f03df261433a379f3e1f869c3fc
IMG_0349 2.png,black_cat_with_kittens_illustration.png,660ec4163f1aeff7fb7303e5fb659c0d0c532b072449bed4527bb1496c9177d1
IMG_0349.png,black_cat_with_kittens_illustration_2.png,660ec4163f1aeff7fb7303e5fb659c0d0c532b072449bed4527bb1496c9177d1
IMG_0350 2.png,painting_of_reclining_figure_in_zebra_print.png,36f759517f2a752c9c7d384cad95136901eb272f17520a8f5e4bfe148f5a0660
IMG_0350.png,painting_of_reclining_figure_in_zebra_print_2.png,36f759517f2a752c9c7d384cad95136901eb272f17520a8f5e4bfe148f5a0660
IMG_0351 2.png,illustration_of_two_figures_in_striped_clothes.png,8c5042ac78faa2a5a2e4b19cdee291c619766d86770b81210493b0917d8f07a4
IMG_0351.png,illustration_of_two_figures_in_striped_clothes_2.png,8c5042ac78faa2a5a2e4b19cdee291c619766d86770b81210493b0917d8f07a4
IMG_0352 2.png,photograph_of_a_white_fluffy_cat_looking_up.png,eb58bab43214b1aa7bc5d7a491f70669ba88a1cb233100aff80461ffaad2c583
IMG_0352.png,photograph_of_a_white_fluffy_cat_looking_up_2.png,eb58bab43214b1aa7bc5d7a491f70669ba88a1cb233100aff80461ffaad2c583
IMG_0353 2.png,self_portrait_by_annegret_soltau.png,8f839bc8f29d7196181fcbc93d51200fd32b7fde33a94c5d4a6d947fea22a938
IMG_0353.png,self_portrait_by_annegret_soltau_2.png,8f839bc8f29d7196181fcbc93d51200fd32b7fde33a94c5d4a6d947fea22a938
IMG_0354 2.png,nude_woman_chained_held_by_monster_holding_large_key.png,ac77de70581fd3d7f2c5395e1f43493e44a033b5fc2dc3f4ca63fe0357aaf626
IMG_0354.png,nude_woman_chained_held_by_monster_holding_large_key_2.png,ac77de70581fd3d7f2c5395e1f43493e44a033b5fc2dc3f4ca63fe0357aaf626
IMG_0355 2.png,two_sleeping_white_cats_with_ball_drawing.png,ef3d85d96ccd7be3275c4f0edecfb9d3d97e82a08ddc7014f59ab37bb67e6849
IMG_0355.png,two_sleeping_white_cats_with_ball_drawing_2.png,ef3d85d96ccd7be3275c4f0edecfb9d3d97e82a08ddc7014f59ab37bb67e6849
IMG_0356 2.png,colored_pencil_drawing_of_woman_smoking_by_window_at_night.png,1a8c4b26c61e98e54fa1c5c417026c0645ec8dcc954b9ead4f8264bdc327042e
IMG_0356.png,colored_pencil_drawing_of_woman_smoking_by_window_at_night_2.png,1a8c4b26c61e98e54fa1c5c417026c0645ec8dcc954b9ead4f8264bdc327042e
IMG_0357 2.png,drawing_of_a_person_carrying_another_past_a_brick_wall_with_dogs.png,6fe1d74ac25b98aba3660d74170570f3facc6cc2b3471f57f3f93b9258d5d0c2
IMG_0357.png,drawing_of_a_person_carrying_another_past_a_brick_wall_with_dogs_2.png,6fe1d74ac25b98aba3660d74170570f3facc6cc2b3471f57f3f93b9258d5d0c2
IMG_0358 2.png,drawing_of_people_and_dogs_running_in_rain.png,6d0278d41119b5adcc63af07b44251f25c0ce66e608f5cb0590ac9d417113d88
IMG_0358.png,drawing_of_people_and_dogs_running_in_rain_2.png,6d0278d41119b5adcc63af07b44251f25c0ce66e608f5cb0590ac9d417113d88
IMG_0365 2.png,overhead_photograph_of_priests_dancing_and_kneeling.png,14e1162489e399b8c43a82ddf8c5cbcd73ffa0de321a75fe7cf778d777d26cc7
IMG_0365.png,overhead_photograph_of_priests_dancing_and_kneeling_2.png,14e1162489e399b8c43a82ddf8c5cbcd73ffa0de321a75fe7cf778d777d26cc7
IMG_0366 2.png,painting_of_a_japanese_style_room_and_living_area_with_a_black_cat.png,6124eb4dec29e2e315296470a312027ac002ea566641ff0a281e14784dd74bdc
IMG_0366.png,painting_of_a_japanese_style_room_and_living_area_with_a_black_cat_2.png,6124eb4dec29e2e315296470a312027ac002ea566641ff0a281e14784dd74bdc
IMG_0367 2.png,painting_of_two_masked_figures_with_guns_by_a_red_truck.png,5ca78f6aa3338b75799f46218059ee514b9e7938873fa813396f9e2b0d7f134d
IMG_0367.png,painting_of_two_masked_figures_with_guns_by_a_red_truck_2.png,5ca78f6aa3338b75799f46218059ee514b9e7938873fa813396f9e2b0d7f134d
IMG_0371 2.png,a_mermaid_by_john_william_waterhouse.png,9f82a90043c640262e21bf1b3e04f6ccb5a3de70598181bb496458df40f029dc
IMG_0371.png,a_mermaid_by_john_william_waterhouse_2.png,9f82a90043c640262e21bf1b3e04f6ccb5a3de70598181bb496458df40f029dc
IMG_0401.png,a_four_panel_black_and_white_comic_strip_depicting_dog_like_figures_at_a_rave.png,b12fcef0e37faac1c21972b9c0028a74be2445440102ab5e992498532edc4363
IMG_0417.png,screenshot_of_text_and_emojis_with_mouse_and_elephant.png,ef73ab5b217beb025030735d1a8bd67ad142367451a947ac2cd2a4f8a51e7afd
IMG_0423.jpeg,apple_watch_displaying_linkedin_notification_of_a_man.jpeg,7a44aacacdd61cb9dd39a9104b44e6d863c18144e948d21bc2adb016e7c4de25
IMG_0425.jpeg,cartoon_still_of_spongebob_characters_with_overlaid_text.jpeg,78a95c14000d1d995a3bf270281130765bd958a41a083a855ed2a888fb82f1c0
IMG_0427.jpeg,colorful_illustrated_poster_for_a_restaurant_opening_soon.jpeg,434c5c2e63e0cd7be5feaff183d42c8bf90166781317b8b3e15980a6e9cf6720
IMG_0428.jpeg,painting_of_mcdonald_s_buildings_reflecting_in_water_at_night.jpeg,a45240a6f5c0ae81769aac199cbd7ccf84edae2d7ce6c202c3147aaae6a5621d
IMG_0429.jpeg,blu_ray_disc_case_for_megalopolis_movie.jpeg,b330b1a49c1b092941ca1d75db9626b8187bb1f45c94b629e6a23dbddfe69a5f
IMG_0430.png,blue_square_spiral_pattern_painting.png,81bab67eb8f83511828c97ce4c06b2a6a0b4253c45facdbb59d6ef5d156209c9
IMG_0435.png,surreal_drawing_with_figures_and_blue_chain.png,28fe63fcf2b3e8a6c718d0fa67f07145c0f7deb07e002bfc55556910acb91015
IMG_0436.png,interior_room_with_blue_blinds_flowers_and_furniture.png,b2da8fd54a53b09609a6e8bed78dd77cb6bf333d97a6af162f8376cb655a9f23
IMG_0437.jpeg,abstract_sphere_with_swirling_striped_patterns.jpeg,2c33ee9e37bf3a91f8802c2964a346b993553caa0c9efcae833d111f3adba901
IMG_0468.jpeg,painting_of_a_kneeling_woman_in_red_dress.jpeg,7fab3d58b371ef2d3c8fcf0b88aafdd2e261021e3242135a9d7a79d4f81a6454
IMG_0603.png,the_maiden_and_the_unicorn_by_domenichino.png,917ca693f0fd1da87520d2030aa2a07212925d27316e7d30d2eb39b251dae9ba
IMG_0604.png,crescent_moon_in_twilight_sky_framed_by_tree_branches.png,84847b548743463cf0e5adc862cd9e546c8b5f35017ba0623d867239f1f0bf82
IMG_0605.png,pen_drawing_of_nude_woman_and_clothed_man.png,39e5f457941159c90bec503c79b75c7bc1528c783b4e33aaf2351278a9aef470
IMG_0607.png,the_sirens_by_john_longstaff_1892.png,ad5df99646a27c96914c7d245bc4207b72752fa798f4f6cb3a4154f31ce2208a
IMG_0608.png,colorful_apple_laptop_on_white_background.png,a705750a06b5b49fde9605ed23e929b4b1fe3c1e56464eeabc5194ff8623d87f
IMG_0609.jpeg,line_drawing_of_a_bar_interior_with_seating_and_shelves.jpeg,ce770e8e8c9437069f7bbb9c5614c765b91b48439933c3dab9ca74793fdaf37c
IMG_0614.png,colorful_multiple_exposure_photograph_of_dancing_figures.png,a80dfc2ca81f5fb4ad7e380f4c586c7a9aa99af822515e529ee8a52ce7cde8ad
IMG_0615.png,painting_of_an_orange_cat_with_chipmunk_and_flowers.png,79afd0c3a85c6c18685ae5067737511c597bf98eee36c6714f2b4f1946b813ec
IMG_0620.jpeg,extreme_close_up_photograph_of_a_computer_chip.jpeg,220fa26060debfe38a659ec0c145abe9b53f45059f118f04d0f0fe4aaacd1ae3
IMG_0621.jpeg,a_screenshot_of_a_4chan_post_about_flash_games.jpeg,0764b58aaf875e37de6edf18708a382333302be1df31acb6ba16e52d9eb13d5a
IMG_0622.jpeg,anime_character_s_bloody_anguished_face_with_text_overlay.jpeg,10ea515cb5feceeae1f0f51659cbdf5ca08d91f36d5a68d179f12b371461cca6
IMG_0623.jpeg,three_panel_comic_about_yamaha_s_product_diversity.jpeg,78316fee1c90007b66f7651902cb5ba74d7dc01a7d4424058477a3b4bef10e9e
IMG_0762.jpeg,screenshot_of_an_old_internet_forum_post_about_a_free_cup_holder_exe.jpeg,2f5e17b18294b6a3bbd823a5bf99c2752becdaa0628fcbed8092346dcbc48f8c
IMG_0786.jpeg,framed_map_of_mexico_with_eagle_and_state_coats_of_arms.jpeg,65ce29f1b4b5a73196010d306b88b4122499e94fc6939c2d2430b6a5dab4bee6
IMG_0787.jpeg,painting_of_a_village_scene_with_figures_and_pond.jpeg,d46660b5157d0a11c957d0f88463f23c6ca46ea73c29a43cbd9506dd1be8a5fd
IMG_0788.jpeg,painting_of_a_desert_landscape_with_rock_arch_and_cacti.jpeg,d10dd04a38c069f1db0aadfdf2539e13b056a55fc8946deb9480a2e83a3f3b39
IMG_0789.jpeg,painting_of_a_young_girl_in_a_pink_hat.jpeg,1f97d42942365bf8badc999d50f24bd241c554ffe122e2482bffe2aed0c204fe
IMG_0790.jpeg,painting_of_a_young_woman_with_braided_hair_in_a_white_dress.jpeg,ecc885f64f73cd96134ee14ed4141290ac15c1cd818b4f6d0fdc2afa658bb804
IMG_0791.jpeg,two_paintings_of_indigenous_people_in_traditional_attire.jpeg,efb7aa1c5a6419b9470688f8532a2b96eaa63528206a85a7ea1e2e0d8b80e472
IMG_0792.jpeg,painting_of_two_girls_with_lanterns_in_a_rose_garden.jpeg,169eb96c9a1fc3b90505f735fc6d74b914b3c9dc2a87c8f886ffbda8fb208fb2
IMG_0794.jpeg,black_and_white_stippled_portrait_of_a_crying_face.jpeg,b1bc8e8ad83f02ad29679d77eac3a5e72c00099f959ac5bf5124ca20afc779fd
IMG_0804.jpeg,painting_of_a_video_call_with_fire.jpeg,9d51a5280ed8fc201246a2a8d61aad4f4441f055423034a0dbe63bb07877b393
IMG_0805.jpeg,painting_of_a_black_cat_attacking_a_great_white_shark.jpeg,7bc86e1966ff2e7c6d6a6a94c09e08043a601784e38a47d3c0994926dfa3b20b
IMG_0807.jpeg,line_drawing_of_an_interior_looking_out_to_a_street.jpeg,c953d908a209924afa7902c71a4a2cb1dc2299a6b9adea8f07c756f71562a3e6
IMG_0808.jpeg,orange_marker_sketch_of_room_with_chairs.jpeg,7d7875d09883e062d127173402f03bd6d234092f601f0642e1b71bffe2195fed
IMG_0810.png,intricate_abstract_drawing_of_organic_forms_with_blue_accents.png,9733d076f637d535b0de40818b791abcd9d46a4a459e2aceda505d4eb28eeaef
IMG_0811.png,painting_of_a_snowy_night_at_a_train_station.png,a06a10a9f1a479b6bfc90b7120723aeeb5370d9412a5f9ac0b7ed0ffdc9df13c
IMG_0812.png,the_astronomer_by_leonard_koscianski.png,e91ee68989f6d5160ee0e9e916f028a36ee3b2da23b36e9459fd501278822dc6
IMG_0813.png,painting_of_a_busy_highway_with_cars_and_trees.png,dbb998a4f1aa2787033633b860c7567c8dc8bfec9e784ef1060110fc76b6141d
IMG_0814.jpeg,charcoal_and_watercolor_sketch_of_two_figures.jpeg,653947b13ccc3d195d96dcaa08b5b35fa17ed6a86eb28e61257b757c902f75c1
IMG_0834.png,blue_dots_circles_and_lines_on_a_light_background.png,8f7fd27c94ba61efd2a3bf2c3b42600b2e46ec7f8897a0237abb9d166c633c62
IMG_0835.png,blue_line_drawing_of_a_face_made_of_bubbles.png,95532c7da835f21bb3f97259422e0a8cbbfec2139b685e0078a5081704a1cdc7
IMG_0836.png,blue_ink_drawing_of_abstract_bubbles_and_central_figure.png,2ffb8a56e019a04b55f6d82935a1f54ad269c9b5f5f026a33fed8a20b4488164
IMG_0839.png,detailed_illustration_of_sleeping_beauty_fairy_tale_scenes.png,4af5e1555c22925a740c86acb931e665102c3fa6c058f7faaf8e85db7080cfb0
IMG_0843.png,the_cloud_by_wenzel_hablik_1910.png,e6458a2c9985a2c3fa5f84a29d06f69f9800ebb4ad25b667883e2a8b5a613032
IMG_0844.png,smiling_man_in_straw_hat_holding_daikon_radish_with_cooked_food.png,90bbd8e46474fd971aed966113ef67c1d4714cbf22a5b7b83a5174dbc453a881
IMG_0845.png,black_and_white_illustration_of_a_person_and_rabbit_in_flowers.png,cc9b1e04c9099084a7767bd2030a436dfd61af1746e24e3d65460795d3b1dfb4
IMG_0847.jpeg,two_children_s_drawings_comparing_routes_to_school.jpeg,eafe116c31f181b86a86efa91e24aad29b812352d4d71013157b78c685510396
IMG_0848.jpeg,nude_man_kneeling_before_woman_in_dark_forest_illustration.jpeg,b0b57c6f97d9342a3a1eaf35612faea62bbdc8ec9e32d00a6d138c92bfc0a3ea
IMG_0849.jpeg,illustration_of_a_cafe_interior_with_a_person_by_a_window.jpeg,848cc8965721b9e86601966a0ef295c912a8413b74bc698b4aa55d37a65d7a6a
IMG_0857.png,black_and_white_photograph_of_guitarist_with_electronic_device.png,9452ea80e1bf80b071bae29c038a1a464fd6c9d176f8384bd4debe2910c052fe
IMG_0858.png,black_cat_with_white_kittens_illustration.png,fadf5475a41b33cfb1361b22fff6819a59c295551ee11d6d14c0319264ce16a0
IMG_0859.png,clear_plastic_audio_cassette_with_orange_tape_and_reels.png,5b1b83f9fe6cf3a4db485a34ddd283d7a81f6f24cabae30b6a4fffe6f01965d8
IMG_0860.png,monochromatic_photograph_of_trees_lining_a_winding_river.png,c38e1a074973b313e4e8d2d3779020b5e49dddeba31ea451e68f9f63c31419c8
IMG_0861.png,cartoon_alligator_sitting_in_a_room_with_window_view.png,fb57ab5d0977a4b98cceaf3c1289d921a28f301d4c762b06d01480e6de28d25d
IMG_0866.png,four_watercolor_paintings_of_cats_and_flowers.png,d826219d8dee390b790b1396f42c71fa2a0ea6388ab5c2fc53d871f18ba7a20d
IMG_0867.png,ceramic_mug_shaped_like_an_old_computer.png,1bec98057f7d247242df76d07fad404035c4350e00b6d11b75b9770ca2c57e27
IMG_0868.png,peach_bathtub_in_green_tiled_bathroom_with_ferns.png,d056ed6ffb923ba2b7d3ed537b99f36ee501434876f1a57a7f171d92408e0c36
IMG_0869.png,painting_of_a_seated_woman_in_blue_cloak.png,dac8e9dc2d14c20a860a18ca1acb169895a68ca3d90828ff17896769a0ffaac4
IMG_0870.png,painting_of_a_young_woman_drawing_water.png,daa4299a19bce96246e4bc9af4a6fb114f88958c67cd718e540105c25f09c88e
IMG_0871.png,classical_painting_of_mythological_figures_with_animals_in_landscape.png,3fc8199601e6ec93e31082a5922c70b2aa58b2e3cd5f50f021f4c49dbd2f981e
IMG_0872.png,brown_ink_drawing_of_madonna_christ_child_and_an_angel.png,88fe9ceca0f568f51203a5bf5887d8db4421cfe5ef210baaaeeeea4bd1573421
IMG_0873.png,the_cradle_by_berthe_morisot_1872.png,503cb12070fd6a5c87b191bd0ae335ecaca29d7cbfaec1cd71d5f53184bcff32
IMG_0874.png,portrait_painting_of_a_woman_in_blue_dress.png,bc5348102a8f83b864c022a372ca483204ed7dcb0a22f3900e81de868867e008
IMG_0875.png,painting_of_a_european_family_and_an_indian_child_with_a_cat_and_dog.png,8493f536d293a237c34c1f6f5a7661a6399fa69902dd45ae80aebee5989173d7
IMG_0876.png,painting_of_a_seated_woman_in_black_dress.png,acd4a6d6460fc60eb16ffdade857843214b06fd71612e4b46e677ea5cb083519
IMG_0877.png,etching_of_a_hilly_landscape_with_town_and_figures.png,2ca2e645e9cce7571633808345518078e2cecffa6a369280bc4f242b99fed304
IMG_0878.png,the_dream_by_henri_rousseau.png,90fd34826404490504a52ed6d42a50fabc112b9580296c275eb5c891adc8c1b7
IMG_0879.png,saint_augustine_by_philippe_de_champaigne.png,83f0210491bff1a3e858f51a17c216a577ac31c5be31e6d1856c409c97d09a5b
IMG_0998.jpeg,painting_of_jesus_s_feet_on_cross_person_photographing_with_phone.jpeg,b690c2b6dc68219ecb3302e8f1c03728063155ef4dce45fe1a04e0d857a635ab
IMG_0999.jpeg,screenshot_of_a_social_media_post_with_text.jpeg,02eb5400ea56c5a4b0240d75cdd9607202d9de3af8ee2d4d35437e15ffd41c61
IMG_1003.png,ceramic_sculpture_of_a_hamburger_with_blue_and_white_floral_patterns.png,c9c8217cf51fc81ebfc3e4963ea55d2090299813c53fe39980f60c4f9bd00af5
IMG_1004.png,skull_in_hooded_cloak_with_floral_ornaments.png,c92ca80ceb3ff453d4bf80c5b4d6c9e9c7f0c5f1c82f1d54a22c26286876fe8e
IMG_1010.png,profile_view_of_head_and_torso_in_knitted_garment.png,b1526966367ec9c91617da9c0ca2b1f7fc82df815ebcccf4e14d0b2f0da898ce
IMG_1213.jpeg,framed_drawing_of_a_figure_in_a_dress_and_mismatched_shoes.jpeg,f23b5e2ecc721b560e3d206a5135454cd89b54ba729d898a00c059fbab9cb043
IMG_1424.jpeg,terracotta_sculpture_of_a_kneeling_figure_with_clasped_hands.jpeg,54e2e9222241789b524bbf2dc8486d96fbafb8d3a22c3226d23618328343601e
IMG_1425.jpeg,blindfolded_female_figure_sculpture_with_dreadlocks.jpeg,502303399f453c6017de9c50fbbe285629e9f673b20b4227d9e7b1e312d7879f
IMG_1426.jpeg,colorful_statue_of_a_woman_with_braids_and_flowers.jpeg,9d9c75aa682bbfc39f2aa3db1a0c5e2ead217dfe9b2e62ad8e2cb62e27e69e97
IMG_1427.jpeg,ceramic_sculpture_of_two_figures_in_hats.jpeg,7836687256286d1113f6620417fadca496a712ad523d9bac06361e6b5abea871
IMG_6101.JPG,photograph_of_three_men_in_a_living_room.jpg,2ae6a371f9c300839484c3956c23f8d1ae627fa26cbbdb2b68fc5949ea4171ae
JPEG image.jpeg,stack_of_vintage_adult_paperback_book_spines.jpeg,1e7bd326bc2f264f06f966dcdf7d45788624924a1a5ae1e8c6d7970dee0f7c6d
KUPKA%2C%20Frantisek_Localizacion%20de%20moviles%20graficos%20I_634%20%281980.55%29_0.jpg,painting_depicting_a_fragmented_figure_in_an_abstract_space.jpg,df08da2aca104acee5952ce16c21c5744a800e9879247dcd41d18ad1ab8c89ae
KUPKA_Estudio para el lenguaje de las verticales_790 (1977.64)_0.jpg,study_for_the_language_of_verticals.jpg,0e8fbeb5bd0c06d8d08064f967ffeff6ca0ab138e6731a5239f37b0c80d86f1d
Kim_Jung_Gi.jpg,person_drawing_detailed_illustration_while_being_filmed.jpg,dfea240569ed48b6380303a18d1ac9bde12b1cc37cede65edba793dc04503231
La-baie-1-scaled.jpg,painting_of_a_waterfront_town_with_buildings_and_boat.jpg,a36f27a94dc44f31fc4f2d132fcb7caf5a400b6a7cac9b04eddf2ddc8146f97b
N04850_10.jpg,olive_trees_by_adrian_stokes_1958.jpg,63d6d3c28c70ccbcadf4d25267275c89125be2bab151e85084b287572073482f
N05943_10.jpg,painting_of_sailboats_in_a_harbor_with_town.jpg,b3f7175ec6fa8bf37bb6f0b8c91eac08e485c770dc7d875021b79f18f8f6a7a1
OAVKXPA3PUI6VDKYLLBWACLHUE.jpg,the_yellow_scale_by_frantisek_kupka_1907.jpg,5a3960338a1e79ead5270ce391cb948779a7715525756b3c655b97813ff8292f
P01703_10.jpg,colorful_drawing_of_a_military_band_with_flags.jpg,de71d82b13a517bdb962975b685301463e4095fa09ae4750b2578d626669adb8
RCB_png.png,cartoon_girl_with_snake_in_mouth_and_bleeding_eyes.png,50488cdb35234133180382936ef6339e27793b1c9d672a599a7cea76d5dfd2f5
Raoul_Dufy_Anemones_1956_Lithograph_25.5x19.25_-_2_500_28.jpg.webp,colorful_painting_of_a_bouquet_of_flowers_in_a_vase.webp,185a638b54b73180b57d2d81c379d68a54cc4f92cab51c62471e653e14f79f11
Romantic_Couple_Seated_by_Piano.jpg,romantic_couple_seated_by_piano_by_dean_cornwell_1922.jpg,c7916db2b44f696fcecf6eae75a4c86359386a294ec22a126344d6a5175b5733
Screen Shot 2026-09-13 at 1.54.16 AM.png,person_on_dock_at_sunset_framed_by_trees.png,ad85cdd591a3dfae55424d998ee907ce1d9c70a85034416793c05de62b6c7a34
Screenshot - A Man's Silhouette In A Suit Stands In A Doorway.jpeg,heat_by_michael_mann_1995.jpeg,d9028fee66ee34f192365c8f3ab8669c940519bbaef7c83b44f737f8c25fdcea
Screenshot - Ableton Live Digital Audio Workstation Interface with Audio Waveforms.png,digital_audio_workstation_interface_with_waveforms.png,aa33cc61ab97c82c79ee0765e282a5e0019173f9292b1c292fc94f3cf9aeb069
"Screenshot - BBC News Article: Taco Bell AI Drive-Through Orders 18,000 Waters.jpeg",bbc_news_article_about_taco_bell_ai_drive_through.jpeg,18ffa4a49515a1ed80c63f1d2277673ff4b6fd95fd58b2787e7baca1870e8be3
Screenshot - Blue Avatar Writing on Whiteboard in Virtual Social Space.jpg,virtual_avatars_writing_on_whiteboard.jpg,5dbd105a31c51aefca710c3fd25c02fcedb0409ffefaaebeabbac5dc7fca99c1
"Screenshot - Comparison of a residential street, Vernon Dr, over time.jpeg",comparison_of_treeless_and_tree_lined_suburban_streets.jpeg,c18dee3bf323eb5dd7e26f6bdc7404b97ef6d41723fcaa11e4ea93acf42b23e6
Screenshot - Computer Code Snippet with Illuminated Initial 'F'.jpeg,code_with_an_illuminated_capital_f_and_figure.jpeg,c47d9afe5771ed3d018b926f87096732d3c54a8c058a3f2a55ca0171a346fdff
"Screenshot - Computer Desktop Showing 4chan Thread, Winamp, and Terminal.png",screenshot_of_a_computer_desktop_with_multiple_open_windows.png,3891c3db8dc897591b216932a54e9e4abcf16eebf9aa464d9962b3f28ded6d14
Screenshot - Digital Intelligence Dashboard Displaying Agent Details and Global Operations.jpeg,dark_futuristic_user_interface_with_global_operations_map_and_agent_details.jpeg,3763fa3c14ae9ecec811c23d02203a04b1a181a3a4d185551c5d5e945288620a
Screenshot - Fictional Agent Data Overview Interface with Logs and Charts.jpeg,digital_interface_displaying_agent_data_overview_and_activity_logs.jpeg,650ae7ce5290ea1f04f0e29afcf2cb35fe4a24952df3c9140d42c2666cafe234
Screenshot - HTML and CSS Code Snippet.png,screenshot_of_basic_html_and_css_code.png,3261b9ecdf73b8f7a7c9d89c3048f69e6fccc124d0e29f93defad8b6b7ec2d1e
Screenshot - Mac Desktop Screenshot Showing Paintbrush App and Music Widget.png,screenshot_of_a_computer_desktop_with_drawing_application_and_music_player.png,97532cec150ccd3cd66a4b27b8c50ba22322973ae90d5be5d962c661273cb9c7
Screenshot - Mac OS X Desktop with Finder Menu and Open Windows.jpeg,mac_os_x_10_0_2001.jpeg,e7b5c84cb5f76483f92dc096e185d4b96cf0ae8bd12435c499cfceb798f851ae
Screenshot - Macintosh Screenshot of Woman Combing Hair in MacPaint Program.png,digital_painting_of_woman_combing_hair_in_macpaint_interface.png,de06dc27f1ba909e03fdb053bff21b11c1c3147542b8ed7b21cfe9599ee87912
Screenshot - Overlapping Chrome Browser Windows with Numerous Open Tabs.jpeg,screenshot_of_a_computer_screen_with_many_open_browser_tabs.jpeg,bde2d96c1b59c9b4572756046a26f7a6b21a07bef50c6f8df81395c8bfc33fde
Screenshot - PlantStudio Software Interface Displaying Wildflower Library and Growth Curve.jpeg,plantstudio.jpeg,9e1528d22a0ad87172882bd420a439b5693faa71c6abe4a72f5e2881fc5fdba5
Screenshot - Presentation Slide Showing Image Processing Steps And Speaker.jpeg,man_presenting_camera_technology_with_image_processing_steps.jpeg,aac604592f4e16f0351fb6d0a27db2adf483aedd017ad52772893bfdb3237c44
Screenshot - Privacy Notice with 'We Value Your Privacy' and '1566 Partners'.jpeg,screenshot_of_a_privacy_policy_statement.jpeg,d3b4eb6649e243400cd80dc3310a7684770136016924eb0be1cd779170ace45c
Screenshot - Python Code with ASCII Art Cat in Comments.jpeg,screenshot_of_python_code_with_ascii_cat_art.jpeg,e444bf8d2419ca4fe04e70c8d00488767ceca5ea0cb664c8d3bf87246eb64a7a
Screenshot - Screenshot of Edward Hopper Painting 'Cape Cod Morning' with Quote.png,painting_of_a_woman_looking_out_a_window_at_a_landscape.png,1523290c2182612b237a1db5a94f365ae7a4bb99f85dca123a42ec65e151e488
Screenshot - Screenshot of JavaScript Code in Cursive Font.jpeg,computer_code_in_calligraphic_font.jpeg,aa25051dc2a26d812423f46a7226aacfb85e701f57d56f66a513369bc8b8f6dc
Screenshot - Screenshot of Microsoft Word and Excel applications on an old Windows OS.png,screenshot_of_microsoft_word_and_excel_on_a_windows_desktop.png,42e3034cdc157847c4293ae9232bca1bca10371e0029d1772e5c3f14c69dfe73
Screenshot - Screenshot of News Article About Murdered Insurance CEO.png,a_mobile_phone_screenshot_of_a_news_article_with_a_hooded_person.png,b3f9fb10cfe82b3404fcfba867d0a0d2c331ee9cd5804fac694dd93999873d16
Screenshot - Screenshot of Pixel Art Landscape in Old Paint Program.png,digital_painting_of_a_tree_on_a_grassy_hill_in_ms_paint.png,568fd79d7a0dc4ecb5a95d7210e78fa372fc6e962dff2aedfd4ab7edf614a7c9
Screenshot - Screenshot of Redacted Documents in a File Browser.jpg,grid_of_redacted_government_document_thumbnails_with_a_cd.jpg,54e068d3f0ce6699649610a3874b3513c9b4c4d4f5ab909e4cca846c1a6266a6
Screenshot - Screenshot of Text Message with Mouse and Elephant Emojis.png,screenshot_of_text_and_emojis_with_mouse_and_elephant_2.png,ef73ab5b217beb025030735d1a8bd67ad142367451a947ac2cd2a4f8a51e7afd
Screenshot - Screenshot of X (formerly Twitter) Interface with Posts and Sidebar.png,screenshot_of_a_social_media_feed_in_dark_mode.png,3672ffed727d47b796e471cd0b9c9a086155a5c11e98a27ef33f884228a84831
Screenshot - Screenshot of a 'Choose an Avatar' Dialog Box.png,windows_95_style_dialog_box_with_smiley_avatars.png,cd3949a2363e704c0d8884581ae3cf8eb9e309c7a694189f4477aea2982ddb65
Screenshot - Screenshot of a CAPTCHA challenge with 'SATYR' entered.png,screenshot_of_a_captcha_with_satyr_entered.png,978b1508ae18bc3a62447652255c3b3d5763d1d0a0003dca152a7dda8095c5cd
Screenshot - Screenshot of a Digital Collage in 'Chat Palace' Application.jpeg,screenshot_of_a_computer_screen_displaying_a_digital_collage.jpeg,3fb06b3f954768dca2030014115ec2898129112cc62ad6eeadabfaf2ea9bbc6b
Screenshot - Screenshot of a Facebook post showing a Thanksgiving dinner with uranium glass.jpg,dining_table_set_with_glowing_green_uranium_glassware.jpg,c15f157e5de25dc0ba26089096f5ead343975615b69d0a66631aa381a81d25a8
Screenshot - Screenshot of a Pinterest Ad for Wood Craftsmanship.png,abstract_carved_wood_panel_with_geometric_shapes.png,50bba8161d489342bf945b2bbeb542ed85b2aeab7ee436f3421162956c6ba9a8
Screenshot - Screenshot of a painting with a quote on a blue background.jpeg,painting_of_a_distressed_woman_by_a_bed_with_an_injured_person.jpeg,39fa5351806dcb4a45308f2ed426c6e345271ff4a687c7542b883245b921b209
Screenshot - Screenshot of a social media post by halvorz.jpeg,social_media_post_with_deer_profile_picture_and_text.jpeg,b46e39bab9c6af096d5a98bd01433ff52c106b6e204acfa11095c9e905dd38e7
Screenshot - Screenshot of a webpage showing a pencil portrait drawing. by Ilya Repin.jpeg,pencil_sketch_of_a_man_s_portrait.jpeg,a93897d6b93dd5e1c235d547bb9c0713d41474f848957b03191bbc958490171b
Screenshot - Screenshot of a webpage with a line drawing and a quote.png,black_and_white_line_drawing_of_a_figure.png,b38965a074650383441187bbf23927b0dd87e14c0379e9cda5acea4a12f983cc
Screenshot - Screenshot of a webpage with a painting and text.jpeg,painting_of_multiple_nude_figures_and_children_in_landscape.jpeg,6f6c92ea8f5573c0e202a863990999e975dab0b38671aa0358618a203fd26dea
Screenshot - Screenshot of an App Ad Simplifying 'The Great Gatsby' Text.jpeg,advertisement_for_magibook_simplifying_the_great_gatsby_text.jpeg,dc300de02b52219bdb5e1870baccf017dc2963c725c863f60d698d95cda1ce6e
Screenshot - Screenshot of text messages saying 'I love you!!' and 'I miss you'.jpeg,screenshot_of_text_messages_saying_i_love_you_and_i_miss_you.jpeg,68fec62f4b2d735213c8157d61ee8d87e117430822b63dedab2f2cf43c738910
Screenshot - Screenshot of webpage with filenames and a person holding a baby.png,photograph_of_a_person_holding_a_baby.png,4eb61f6cf2ed0ab87add0f02205094fc9e1db5c5eb1162848f64835973b40c43
Screenshot - Screenshot: AI Chat Profile for Palestinian Activist.jpeg,screenshot_of_a_woman_s_profile_picture_and_chat_interface.jpeg,b4a33a0445ea7a8ac25a7ab09f48bdf7c146259078802713d30584354a349ca5
Screenshot - Smooth Criminal by Michael Jackson.jpeg,man_in_fedora_and_pinstripe_suit_holding_gun_upwards.jpeg,0f7ab60d7961aeb29bba77e21d4a0c1de6f0e565abb8154eac3fc09998cf230d
Screenshot - Social Media Comments About AI Art And Prompters.jpeg,screenshot_of_social_media_comments_about_ai_art.jpeg,b0b6a27687db8ece21ea8973309307a173a2e3a1d30a201a84a72d9dbbc77d32
"Screenshot - Social Media Post: Plato Quote, Woman as Athlete and Scholar.jpeg",two_photographs_of_women_one_playing_hockey_one_reading.jpeg,e31da17fb83e11bd3c1d44505706e46b51f6386f5c3f412dc51445b8e68a0ec0
Screenshot - Social Media Screenshot Showing Homework Help Request and Reply.jpeg,two_social_media_posts_showing_homework_screenshots.jpeg,672b1d32d219b8151fa3653c7b0152f8d2fb390e2956b4fb63a20fcb8af8adf6
Screenshot - Speed Racer by Tatsuo Yoshida.jpeg,animated_race_cars_on_a_track.jpeg,a949cbd21f6441a766481998cfd8f1d6132187f87fb6ee565a2cbac32d3cf297
Screenshot - Split Image Comparing Man in Cuffs to Man Posing in Similar Outfit.jpeg,side_by_side_comparison_of_two_men_s_outfits.jpeg,79ca1509889035953d38724134214ba8ed6140a9f32a40dda0d635cc41b01629
Screenshot - Text Describing a Character and Violent Scenario.png,text_describing_a_character_and_violent_scenario.png,d235b2ba8156f1058e0404f1c7410ae8c7923231d81fa3b52ff95223b006b2e7
Screenshot - Twilight (2008 film).jpeg,man_covering_mouth_and_nose_at_science_table.jpeg,5f1ed7a831adcbc42cdae4ecfec4ad5247086fdc634fb052502e1ce9e6653d63
Screenshot - Twitter Post: Artists Are Parasites.jpeg,screenshot_of_a_twitter_post_about_artists.jpeg,89097effc3f68f3ced9df6d111acc9b27dc687895d2b7cd0b6d6b970f7cd7d85
Screenshot - Webpage Listing Artworks from the 1500s.png,painting_of_a_deceased_man_lying_horizontally.png,726b2f25d41cbac2b504710cc40ba047231c2180d3efeb332460819ed26bf857
Screenshot - Webpage Screenshot with 'The Fallen Angel' painting and a quote.jpeg,painting_of_a_red_haired_man_crying.jpeg,f3b0192de889291928b425ebe867babe3f4c73e12218f547b6a1db0df2625491
Screenshot - Webpage displaying a black and white photograph of Grand Central Terminal.png,black_and_white_photograph_of_people_in_a_grand_hall_with_light_beams.png,47e4b8312db7922129b51d7d45a60cbc11a051ba3911d54bc79b9c62166e66f0
Screenshot - Webpage showing Roman ruin with architectural overlay and article title.png,photograph_of_a_roman_ruin_with_a_transparent_overlay_showing_its_original_form.png,b83a4a4a120e0fa77b66c99fb73d87d47c02a14f9ca1709a30553a26d91e45f7
Screenshot - Windows Start Menu with Copilot-themed applications and desktop background.jpeg,microslop.jpeg,b48f1fcc8c92bba9d6a139d54807f66c607d5a41a9606496f81bab7919595f4c
Screenshot 2026-07-08 at 12.29.38 AM.png,dramatic_painting_of_a_cataclysmic_mountain_landscape.png,e56811ae3e9ad5f470332506c6648246b03d2d556ad36ed32e0c3e0c0f10eeca
Screenshot 2026-07-25 at 1.43.56 AM.png,screenshot_of_a_reddit_post_about_reading_hegel.png,cfb3eb8bd7c86873a86f7399dcdee9225093d8f6bcae07d08f6c2c6af08f95ea
Screenshot 2026-07-29 at 12.11.23 AM.png,overhead_view_of_concert_crowd_with_elaborate_stage_projection.png,61d6402bcd9cf2d46000dd82e3b1ed6e9f8543f240ff7f822d4fcce0fc08d39e
Screenshot 2026-07-29 at 5.05.44 PM.png,diagram_of_relationship_zones_based_on_attractiveness.png,3fb8a2aa5fcee8bedf543baf9cf26d160b6f77314cbbc3cad7a4dc2d1c748bd3
Screenshot 2026-07-30 at 9.02.02 PM.png,two_panel_comic_strip_of_a_man_and_a_tiger_arguing.png,7e6bca8aff0cc0e7a615e089c5e2e50e52cbf2f2cd27e6cf28a371b2df5c305d
Screenshot 2026-08-18 at 2.41.29 AM.png,screenshot_of_a_youtube_video_showing_a_diagram_about_personality_and_art.png,c33c44f98b6e02b0ab3808abb7badca4e29a3c9c3614686e2e408335ac281826
Screenshot 2026-08-19 at 1.24.55 AM.png,a_screenshot_of_blender_software_displaying_3d_typography_art.png,653bb7ec145a85ed93e7506e6347d6ff3d320ae69d18b442e594b311b9d12919
Screenshot 2026-08-27 at 10.31.06 PM.png,screenshot_of_a_wallpaper_board_webpage_with_thumbnails.png,5bc2df1eb72bcd9ec536ea429c4d9bd0bad52a27e6ccd24827ea2365d5adb87c
Screenshot 2026-08-28 at 12.24.32 AM.png,illustration_of_a_vintage_car_stuck_in_sand_with_two_figures.png,59bdf0b451810838af7e30b9304975a79335b6f82630c67eb9f23516ac8e09dd
T02133_10.jpg,painting_of_a_village_in_a_green_hilly_landscape.jpg,7b8d349ddca9c307f1e296ae6e76feef1abd44543666e9cff78154979ff36620
T03564_9.jpg,the_wheatfield_by_raoul_dufy_1929.jpg,545ced59b1ff58e769f38013f17c60ea68eb5a9b86c98e6a9c98f555f0bb671f
T03565_10.jpg,painting_of_a_vase_of_flowers_on_a_windowsill_overlooking_a_landscape.jpg,ebabcbcb8934e7066a146367ce40548af1b217707cd5d656f26df49b43ed20ed
T03566_10.jpg,the_kessler_family_on_horseback_by_raoul_dufy.jpg,fa8edec61620a2c5c84db1b541a0e0e7d616d1a5a74d020e66355883dbf24502
T05500_10.jpg,the_kessler_family_on_horseback_by_raoul_dufy_1932.jpg,c18ba3e7174f06383aa065ad6f94cce1bd66555132cd8f30827dca7448054859
"The_Bridge,_Harper's_Bazaar_illustration.jpg",painting_of_three_hikers_with_walking_sticks.jpg,f8e8023b6eb5e9a5848405c907ef1bbe3f623a9a9b58316498f46def6f2d8ab3
W1siZiIsIjI0NDAzNiJdLFsicCIsImNvbnZlcnQiLCItcXVhbGl0eSA5MCAtcmVzaXplIDIwMDB4MjAwMFx1MDAzZSJdXQ.jpg,mme_kupka_among_verticals_by_frantisek_kupka_1910_11.jpg,f91cbe873d9663f95625a5109f0c68c2e1fa536133bdc78e88e42d95c9a0695c
WLVL0076343-1_20260130.jpgx.jpeg,black_and_white_photograph_of_a_blonde_woman.jpeg,41af8c9d5363b66bfafe9b70c9ae9a1e02e311953e8fba699fa37c3fca01811d
a1551799044_10.jpg,namazu_running_ost_by_nero_s_day_at_disneyland_lauren_bousfield.jpg,242c096e3157405105ca448cd80ee0019c51956045ebcca0d260cfe93ad1d276
ab67616d0000b273a64e5b69e6dafce3f5710749.jpeg,supreme_beings_of_leisure_by_supreme_beings_of_leisure.jpeg,0a76ffac80de7519598b340d5a5edcaa81a133c7e867eb4c3d0b6b07704028c7
art_advice.png,list_of_cynical_art_advice_on_dark_background.png,9cc90a62956cdf420a383fb6002d1f8027761ae47eacdf8e001d3c5e3e974ecf
bio6.009.79-diagram-600w.jpg,diagram_of_a_dna_double_helix_structure.jpg,d81c2f190669ac87855427adc65f50de0e0e7d6a5e59a9045e9494ee851b405a
cats-2026-09-07T04-17-49Z.png,abstract_digital_image_of_blurry_colors_and_textures.png,8fe1672da12ace124875e90c4507e30dd240b5b9e14ee7d9ac76f1c4f89c054f
deaths-of-despair-graph-newsdesk.jpg,line_graph_of_age_adjusted_mortality_from_deaths_of_despair.jpg,4d1470a0a21b575f1831c34b346660fe4697765acdcca2676fea675300a50ddd
default.jpg,painting_of_a_horse_race_at_ascot_with_spectators.jpg,9b2a5219022df8b9daeae102bb34621cbdd06e20e258677565e6649e0c278cff
df1b61e8da7df7c2b876f404bfced7f1.jpg,photograph_of_donald_trump_speaking_at_a_save_america_rally.jpg,c186aea11c52a3a8144567869d6217229b01311328fcf6d83139552c664cefd3
download.png,screenshot_of_3d_text_objects_on_a_grid.png,6f9449cfa3b56ba4fc78fa245a23c91501c68d1094a4446dd620dac287840361
everything-wrong-with-the-world-is-in-this-video-v0-5td3x3tlhthh1.jpeg.webp,black_and_white_caricature_with_concerning_text.webp,58d4bc25c2ba97a132ace15b9cfbc89a7d5906cc2d1e2e1ade22748425d06b37
fb-Cornwell4531.jpg,painting_of_a_seated_woman_and_man_with_blue_background_elements.jpg,2e9e9fb94ffbbfb5655e8556c9bd3d1870c66eef135d974b7d81c0b12d5999c2
im-96850370.avif,glitched_person_reading_book_with_digital_code.avif,04248a5de60424f049de9898fc93bbaa9d83657689559f613061f8ebfd54f1aa
jorn-havanna-2.jpg,man_painting_large_colorful_abstract_artwork_in_studio.jpg,ff8a67b614085d834b0e6d63289aaafe577def0fce7f071a4f3d5dd3748c24d1
large-2.jpg,black_and_white_photograph_of_a_long_beach_street_scene.jpg,673341ce941f25a442cd1151f10fd90f0a4a1daecdc3030fba4bddf9d016fb9d
large-3.jpg,busy_street_with_vintage_cars_and_pedestrians.jpg,543ddcab4aa56e0719cca5991dc4a8b6a934c172054308ff94b90ea26bfecda1
large.jpg,vintage_photograph_of_a_busy_town_street_with_cars.jpg,24a9776ea92741b87da3fd959f17ab7271d2073db581fba7a433304e843511c5
pink-bunch-1940.jpg,tropical_flowers_by_raoul_dufy_1937.jpg,9f2afd5251c0413e7a5ba9d3fe5e32fd637bf8477e17778ca1747cb72c7deabc
portrait-de-mademoiselle-kessler-lithograph-or-raoul-dufyproduct-type_2400x.jpg.webp,portrait_de_mademoiselle_kessler_by_raoul_dufy.webp,63493a239df6b486b305a7c2637a41e2c86ee61c8458267260090892b6de1b02
r46546.jpg.webp,photograph_of_a_man_leaning_on_a_table.webp,a004c86b4374445ba3ff40831759d33dcdab3f4cecc7dc5de066a8cc32b083f6
step_searchlight.webp,diagram_of_brain_regions_with_image_patches_and_word_clouds.webp,66bfcc4a94d2142110fef70e25aef37d95f1e6030635618d7fb60e6f84191a21
teenage-engineering-updated-archival-image.jpg,black_and_white_photograph_of_people_operating_electronic_music_equipment.jpg,eb3cf7f1ac9b9d2197b8520bf17787aa7461facc090fadb8c604436df22832c9
tumblr_08fd451bf6a1947f34ad02621035b04e_232ee42d_1280.jpg,painting_of_a_woman_in_an_ornate_green_dress_holding_a_crown.jpg,e1f4079efa964ea6c7360bae85da1e787f36a74a911262902f4efecb91ccca01
tumblr_1ad8708369dc8c82be902b356fc30b7a_cdefc51e_1280.jpg,illustration_of_a_white_cat_on_a_blue_mountain_with_red_sun.jpg,defebf119ef84ea456d6e5289e897fff365e28c5f7cf9c0b8079d62a3f68965b
tumblr_1bdd91406afa4a218ab2f1f1c6176fbb_17fa9901_1280.jpg,night_photograph_of_city_skyline_and_freeway_traffic.jpg,f36b713409abc82b50974caa3487f42e32fb9ea52e39f12aa41905e39008ef83
tumblr_1df3d594b12d1077d23a3ea825e0641f_5289ba6a_2048.jpg,green_painting_of_cat_foot_and_cicadas_in_jungle.jpg,f4fdcdfd846564246dba03f63d490d1a14dcefd7ee26aa53caedeccc43e37836
tumblr_49d104f726e8d44210c54e490de96795_15f8e3c0_1280.jpg,bath_time_by_vanessa_cooper.jpg,6bb73bb0ca931d642e58bbc44fa37f9231f30ccf8699c40029837e0103054696
tumblr_4f2abea1461658cc91a8fc67bf602c19_971b9716_1280.jpg,painting_of_a_couple_kissing_on_a_beach_with_seagulls.jpg,51d429f265472cc3ee93eaa28459a6b67f62110cd0dcb922a1e0af155a3948d2
tumblr_4fe2b5cb94d2320b3e59288334532853_4447a9fe_1280.jpg,painting_of_a_woman_reading_a_book_under_a_tree.jpg,f269fd23e9b32cbe79d5623f700fd59e12170bb0fe976f8d14753217b3ad48cb
tumblr_5ae407b97391cd8a35123cdc3f3e9657_df76a77c_1280.jpg,tilted_square_sculpture_with_infinite_mirrored_pool_illusion.jpg,ae187c2521dc842fe2e14b1fec885bb9554caa52630c5b90df0c11379d05b50f
tumblr_80b7d0dceccd5256c60f41cdbd6797b2_3fa7105b_2048.jpg,red_eye_superimposed_over_night_city_skyline_photograph.jpg,de87f3f0623796bd58d736877d51dd631a8bb57cf5d525a95a5e11ad88c9a4bc
tumblr_82781ffa93d4a4943cd3d6ab53240a2f_0a79eada_1280.jpg,painting_of_a_black_cat_on_a_table_with_book.jpg,802c56dd74ce121285c1703fe93586255e0b9295ad0b2067ac6ffcb36a4f611c
tumblr_84c4342826d68eb9b149d40b651ed182_94d31a5e_1280.jpg,illustration_of_a_black_cat_reaching_for_daisies_in_a_vase.jpg,88fd708352bd029b575d464e464d5beaa95f74ff51da24801bc592e1f1b3825a
tumblr_8db0220a7a3995ab45b8e4027c617a70_ee42e34b_1280.jpg,biodome_science_museum_by_kanva.jpg,4eb3da400c3741c2708ab0ab03c4ffeddb2bcfc9673bbf24d3b84a167d161f99
tumblr_a3d233dd4c33ef84d3d086e425f44080_97bd8773_2048.jpg,ink_drawing_of_boy_plucking_flowers_for_his_mother.jpg,da914214ca2c50e4d9f4f09dcc7d75172c5ece257c098449b8a4ffdc829d975b
tumblr_a93f51c976a48aba25b908efcd2ced1e_1982a3ee_1280.jpg,vintage_photograph_of_a_freeway_traffic_jam.jpg,8e4d88230ed86d1d1722dc0f938bbd0d3290a6ccaeb341652a144389f50f2f69
tumblr_bd1c5c5f55dde6497ce5ee1a978f3345_7c073326_2048.jpg,hollyhocks_and_sunlight_by_charles_courtney_curran_1902.jpg,8d2431e0323d5794e2e407442635e7a9e9ab65aa3ab23915d91b16adde8d6c29
tumblr_ca781d1601d60e55bb2861cbdd0a047b_f7dcc899_2048.jpg,side_of_a_greenhouse_by_george_cochran_lambdin_1870_80.jpg,9e2e59ff5730ad256feb52a1288ba95ea59452f007388dc2bef824550126bd05
tumblr_cab4127ad27c1807015bfbc178e0f3db_4f232602_1280.jpg,busy_freeway_with_downtown_cityscape_and_palm_tree.jpg,c4ec2977fcac5ecc00e39ea792553c33a25ca59bc7c62041905aa8379beddc67
tumblr_d2629ecfb9f77b25d7404e05d1bc90a5_70f3dbd7_2048.jpg,painting_of_a_coastal_road_with_houses_at_sunset.jpg,8aa942f91fdd497e579cdcfb5079c0100c3602b06daddcf2d9d65c248b417369
tumblr_e12e5eaa2d014d84b8da41b052600e61_aae49f00_1280.jpg,painting_of_concrete_freeway_pillars_with_a_person_and_car.jpg,027c94c923f93b627ad32ca74107d4c1ec510cff85db6d7e08ea1aef006f96f8
tumblr_e9e5b1c0ca0bbc23d4f51a76e1b0a820_d734b915_2048.jpg,painting_of_blue_sky_with_clouds_and_a_hole.jpg,298b52f305f43dbd5d251a39d005d1c8d3a735f51b78b169e7b899a5ebc05fed
tumblr_ea685b66203f66f79317a246d20f0bbe_7ac1a87a_1280.jpg,two_cats_and_a_lemon_by_ido_masao.jpg,363f104873237075f51bd82a75317b230fedb53287335bd409c5daa9d97460aa
tumblr_eee6bb846f94af61431f45c901828d2d_90c86a2a_640.jpg,linocut_print_of_a_tabby_cat_on_a_windowsill.jpg,cb319fd780dc8f477cb76b9941db1bb7e3a9ab4ff5f3e97a4922602e88d545c8
tumblr_mgvlknD4M01qmf2zwo1_1280.jpg,pixel_art_beach_with_palm_trees_and_ocean.jpg,fdbc09834b58d78ef74426f15b961af9c0c585c0d8d2be58edae38fe448dd693
tumblr_p6dcztkVb31qjamt1o1_1280.jpg,photograph_of_a_flooded_room_with_checkered_floor_and_yellow_walls.jpg,b7095ecaaa9f291d21bc62d8cc3c245e2e9288553058978d68d79adbffd49036
wojakblue.jpg,white_line_drawing_of_a_man_s_head_on_blue.jpg,ac0fbedb0d45799985dc1474a2472381998ec3eea3402ac9001f5576bfb7b49e
