old,new,bucket
1024px_egon_schiele_self_portrait_with_striped_shirt_google_art_project_jpeg.jpeg,Self-Portrait with Striped Shirt by Egon Schiele (1910).jpeg,
12_rw_r_cc_ty_3598_original_jpg.jpg,"Illustration - Three Stacked Diamonds Formed By Repeating Words 'Signals', 'Signums', 'Signets'.jpg",
1626488837263_jpg.jpg,"Illustration - Jesus Carrying Cross With Crown of Thorns, Expressive Painting.jpg",
1652503832014_jpg.jpg,Biblis by William-Adolphe Bouguereau (1884).jpg,
1652504051543_jpg.jpg,Illustration - Red-Haired Woman with Bare Chest Holding a Skull.jpg,
1653251333640_jpg.jpg,"Illustration - Village Street Scene with Church Tower, Castle Ruin, and Figures.jpg",
1654363127993_jpg.jpg,Illustration - Impasto Painting of Ocean Wave Crashing on Rocks.jpg,
1654611326793_jpg.jpg,The Colosseum Seen from the Palatine Hill by Julius Zielke (c. 1870).jpg,
1663159599_bladee_interview_01_jpg.jpg,Photograph - Bladee Sits Among His Abstract Paintings In Pink Hoodie.jpg,
1682701886_bladee_interview_010_jpg_webp.webp,Photograph - Person Wearing a Printed Banner in an Art-Filled Room.webp,
1701797844500962_png.png,"Illustration - Two Figures Sitting By a River, One With Red Hat.png",
1706555441304487_png.png,"Illustration - Two Horses on Beach Under Umbrella, One Drinking; Signed SP.png",
1708974447776658_png.png,Illustration - Brown Horse Grazing in a Field.png,
1709535535444975_jpg.jpg,Illustration - Two Figures in a Cluttered Gothic Study by Bernie Wrightson.jpg,
1_b1pa0olh2hgzwf6fxqu_aa_png_jpeg.jpeg,Illustration - Colorful Intricate Mandelbrot Fractal Pattern.jpeg,
1_clpde_odlazc0uhln02vuq_jpg.jpg,Illustration - Stylized Landscape with Figures Carrying Objects by Bob Thompson.jpg,
1udt_png.png,Illustration - 3D Model of a Protein Structure with Bound Ligand.png,
2005_102_01_h02_artsy_jpeg_4000_pixels_long_jpg.jpg,Illustration - Woman in Sunglasses Holding Beer Bottle in Backyard by Robert Bechtle.jpg,
2019_06_30t173116z_1555039684_rc1d3097bea0_rtrmadp_3_northkorea_usa_southkorea_jpg_webp.webp,"Photograph - Donald Trump And Kim Jong Un At DMZ, Photographers Present.webp",
24k_valhallvagen_2023_jpg_webp.webp,Illustration - Colorful Abstract Painting with Central Fanged Face and Hearts.webp,
25035_sing_the_body_electric_by_hogret_jpg.jpg,Illustration - Collage of a Woman's Head with Anatomical Torso and Text Background.jpg,
2560px_proudhon_children_jpg.jpg,Pierre Joseph Proudhon and his children in 1853 by Gustave Courbet (1865).jpg,
3d_fractal_rendering_of_complex_swirling_forms_in_warm_colors.png,Illustration - Complex 3D Fractal Rendering of Swirling Forms in Warm Colors.png,
3d_model_screenshot_of_a_large_stone_building_complex_in_a_digital_modeling_program.jpeg,Screenshot - Screenshot of a 3D Model of a Large Stone Building Complex.jpeg,
3d_pixelated_portrait_relief_sculpture_made_of_colored_wooden_cubes.jpeg,Illustration - Pixelated Portrait of Van Gogh Made from Colored Wooden Cubes by Geoffroy Amelot.jpeg,
3d_plot_of_swirling_colored_streamlines_and_vectors_on_a_grid.png,Diagram - 3D Plot Of Swirling Colored Streamlines And Vectors On A Grid.png,
3d_scientific_visualization_showing_black_branching_lines_overlaid_on_translucent_overlapping_colored_shapes_purple_yellow_green_blue_with_labels_sgz_and_sgy.jpeg,Diagram - Laniakea Supercluster.jpeg,
4_bros_liquor_4_san_bernardino_ca_by_todd_hido_2013.png,"Photograph - Liquor Store at Dusk, Tall Trees, Mountains, Red Car by Nick Carver.png",
4ea26_img_5521_jpeg.jpeg,"Illustration - Art Installation with Painting, Standing Figure on Board, and Slumped Figure.jpeg",
4ea26_img_5521_jpg.jpg,Illustration - Contemporary Art Installation Featuring Painting and Sculptural Elements.jpg,
51sxjluusel_uf1000_1000_ql80_jpg.jpg,Layla and Other Assorted Love Songs by Émile Frandsen (1970).jpg,
75_27_01_b02_large_tiff_4000_pixels_long_jpg.jpg,Illustration - Untitled by Clyfford Still.jpg,
75_41_01_h02_large_tiff_4000_pixels_long_jpg.jpg,Illustration - Abstract Painting with Vertical Brushstrokes in Various Colors.jpg,
809px_hegel_by_schlesinger_jpg.jpg,Illustration - Serious Portrait of Georg Wilhelm Friedrich Hegel.jpg,
91_63_01_h02_large_tiff_4000_pixels_long_jpg.jpg,Illustration - Psychedelic Woman with Tambourine and Golden Gate Bridge at Sunset by Wes Wilson.jpg,
91eyuusuiql_uf1000_1000_ql80_jpg.jpg,Illustration - Black and White Illustration of Multi-Headed Monster on House of Sins.jpg,
95_510_01_h02_large_tiff_4000_pixels_long_jpg.jpg,"The Chambers Brothers, The Daily Flash, The Other Half by Victor Moscoso (1967).jpg",
95_541_01_h02_large_tiff_4000_pixels_long_jpg.jpg,Illustration - Psychedelic Bouquet of Flowers in Blue Vase on Red Background.jpg,
a_match_made_in_wolf_heaven_by_julian_naito_2011.jpeg,Match Made in Wolf Heaven by John Nieto (2011).jpeg,
a_perfect_moment_with_aspen_by_angus.jpeg,Illustration - Vibrant Aspen Forest with Yellow and Orange Leaves Against Blue Sky.jpeg,
a_solitary_temple_amid_clearing_peaks_by_li_cheng_c_960_980_ce.jpg,Illustration - Ancient East Asian Pagoda Amidst Mountains and Trees.jpg,
abstract_black_ink_brushstrokes_on_paper.jpeg,Illustration - Abstract Black Ink Brushstrokes on Paper.jpeg,
abstract_black_ink_calligraphy_with_dynamic_swirling_forms.jpeg,Illustration - Dynamic Abstract Black Ink Calligraphy on White Paper.jpeg,
abstract_black_line_drawing_on_musical_staff_paper.png,Illustration - Abstract Black Line Drawing on Musical Staff Paper.png,
abstract_black_metal_sculpture_with_curving_and_interlocking_forms.jpeg,Illustration - Abstract Black Metal Sculpture with Curving Forms and Shadow.jpeg,
abstract_composition_of_black_dots_arranged_in_horizontal_rows_creating_undulating_optical_patterns.jpeg,Illustration - Abstract Composition of Black Dots in Undulating Rows.jpeg,
abstract_composition_of_blue_red_and_yellow_fluid_shapes.jpeg,"Illustration - Abstract Composition of Blue, Red, Yellow, and Black Fluid Shapes.jpeg",
abstract_composition_of_concentric_wavy_beige_lines_on_a_dark_background.jpeg,Illustration - Abstract Composition of Concentric Wavy Lines on Dark Background.jpeg,
abstract_composition_of_flowing_blue_and_red_pigments_on_light_ground.jpeg,Illustration - Abstract Composition of Flowing Blue and Red Pigments.jpeg,
abstract_composition_of_interlocking_polygons_in_bright_colors.jpg,Illustration - Abstract Composition of Interlocking Polygons in Bright Colors.jpg,
abstract_composition_of_torn_white_gauze_on_purple_fabric.jpeg,Photograph - Torn White Gauze Strips on Purple Fabric Background.jpeg,
abstract_composition_of_wavy_black_lines_layered_over_blue_and_orange_dye_patterns.png,Illustration - Abstract Composition of Wavy Black Lines Over Blue and Orange.png,
abstract_composition_with_black_calligraphic_shapes_and_colored_forms.jpeg,Illustration - Abstract Painting with Black Calligraphic Shapes and Colorful Forms.jpeg,
abstract_composition_with_black_horizontal_stripes_forming_a_wavy_shape.jpeg,Illustration - Abstract Composition with Wavy Black Horizontal Stripes.jpeg,
abstract_composition_with_blended_red_yellow_and_dark_colors.jpeg,"Illustration - Abstract Composition with Blended Red, Yellow, and Dark Colors.jpeg",
abstract_dark_gray_assemblage_relief_of_geometric_wood_shapes.jpeg,Illustration - Abstract Dark Gray Assemblage of Geometric Wood Shapes.jpeg,
abstract_digital_art_with_blue_streaks_dark_shapes_and_grid_pattern.jpeg,"Illustration - Abstract Digital Art with Blue Streaks, Dark Shapes, Grid.jpeg",
abstract_digital_art_with_magenta_and_red_background_and_dark_glitch_effect.png,"Illustration - Abstract Digital Art with Magenta and Red, Dark Glitch Effect.png",
abstract_digital_composition_with_intersecting_gridded_planes_in_red_orange_and_teal.jpg,Illustration - Abstract Digital Composition with Intersecting Gridded Planes.jpg,
abstract_digital_image_with_wavy_textures_overlaid_text_and_stylized_crying_face.jpg,"Image - Abstract Digital Image with Wavy Textures, Overlaid Text, and Crying Face.jpg",
abstract_drawing_of_interlocking_geometric_shapes_composed_of_horizontal_black_lines.jpeg,Illustration - Abstract Drawing of Interlocking Geometric Shapes with Horizontal Lines.jpeg,
abstract_drawing_of_overlapping_black_and_gray_gestural_lines.png,Illustration - Abstract Drawing of Overlapping Black and Gray Gestural Lines.png,
abstract_drawing_with_central_black_and_white_stippled_pattern_framed_by_geometric_borders_and_stylized_white_architectural_forms_by_jen_wohlnee_2023.jpeg,Illustration - Abstract Drawing with Central Stippled Pattern and Geometric Architectural Forms.jpeg,
abstract_figurative_painting_of_two_reclining_figures.jpeg,Illustration - Abstract Figurative Painting of Two Reclining Figures in Warm Tones.jpeg,
abstract_figurative_painting_of_two_reclining_figures_2.jpeg,Illustration - Abstract Figurative Painting of Two Reclining Figures.jpeg,
abstract_generative_line_art_with_yellow_green_gradient_and_orange_highlight.jpg,Illustration - Abstract Generative Lines with Yellow-Green Gradient and Orange Highlight.jpg,
abstract_geometric_composition_with_concentric_arcs_and_color_blocks.jpeg,Screenshot - Screenshot of Apple Music album cover with abstract geometric art.jpeg,
abstract_geometric_composition_with_spiral_and_angular_forms_in_yellow_blue_and_teal.jpg,Illustration - Abstract Geometric Composition with Spiral and Angular Forms.jpg,
abstract_geometric_painting_divided_into_four_quadrants_of_green_orange_pink_and_blue.jpg,Illustration - Abstract Geometric Painting Divided Into Four Quadrants.jpg,
abstract_geometric_painting_of_a_red_diamond_shape_with_radiating_lines.jpeg,Illustration - Abstract Geometric Painting of Red Diamond with Radiating Lines.jpeg,
abstract_geometric_painting_with_intersecting_polygons_in_bright_colors.jpg,Illustration - Abstract Geometric Painting with Intersecting Polygons in Bright Colors.jpg,
abstract_geometric_painting_with_magenta_orange_blue_and_dark_teal_blocks.jpg,"Illustration - Abstract Geometric Painting with Magenta, Orange, Blue, and Teal Blocks.jpg",
abstract_geometric_painting_with_multiple_brightly_colored_polygons.jpg,Illustration - Abstract Geometric Painting With Brightly Colored Polygons.jpg,
abstract_geometric_painting_with_scalloped_edges_and_orange_circle.jpeg,Illustration - Abstract Geometric Painting with Scalloped Edges and Orange Circle.jpeg,
abstract_geometric_print_with_concave_gray_line_pattern.jpeg,Illustration - Abstract Geometric Print with Concave Gray Line Pattern.jpeg,
abstract_graphic_design_featuring_warped_red_white_and_blue_flag_elements.jpeg,Illustration - Abstract Graphic Design with Warped American Flag Elements.jpeg,
abstract_image_of_a_glowing_teal_and_maroon_circular_structure_on_a_black_background.jpeg,Photograph - Abstract Glowing Teal and Maroon Circular Structure.jpeg,
abstract_image_of_layered_blue_and_purple_translucent_forms.jpeg,Illustration - Abstract Layered Blue and Purple Translucent Forms.jpeg,
abstract_landscape_created_with_multi_colored_dots.jpeg,Illustration - Abstract Artwork Composed of Multi-Colored Dots on Paper.jpeg,
abstract_mixed_media_collage_with_dense_white_and_dark_swirling_lines_over_torn_paper_fragments.jpeg,Illustration - Abstract Mixed Media Collage with Dense Swirling Lines and Torn Paper.jpeg,
abstract_mixed_media_painting_of_a_silhouette_figure_red_sun_and_narrative_text.webp,"Illustration - Abstract Mixed Media Painting of a Silhouette Figure, Red Sun, Text. by Hunter Biden.webp",
abstract_painting_depicting_two_stylized_figures_one_blue_and_one_green_kneeling.jpeg,Photograph - Pablo Picasso Posing In His Studio With Paintings.jpeg,
abstract_painting_featuring_large_irregular_blue_and_white_shapes_with_a_green_strip_at_the_bottom_edge.jpeg,"Illustration - Abstract Painting with Irregular Blue and White Shapes, Green Strip.jpeg",
abstract_painting_of_a_figure_riding_a_horse_and_pointing.jpeg,Illustration - Abstract Painting of Figure Riding Horse and Pointing.jpeg,
abstract_painting_of_architectural_forms_and_a_brown_box.jpeg,Illustration - Abstract Painting of Architectural Forms and a Brown Box.jpeg,
abstract_painting_of_dense_orange_marks_on_black_background.jpeg,Illustration - Abstract Painting Of Dense Orange Marks On Black Background.jpeg,
abstract_painting_of_figures_in_sombreros_and_a_zigzag_shirt_in_front_of_a_mission_style_building.jpeg,Illustration - Abstract Painting of Figures in Sombreros Near a Mission Building.jpeg,
abstract_painting_of_interlocking_bright_geometric_shapes.jpg,Illustration - Abstract Painting of Interlocking Bright Geometric Shapes.jpg,
abstract_painting_of_interlocking_wavy_shapes_in_multiple_colors.jpeg,Illustration - Abstract Painting of Interlocking Wavy Shapes in Multiple Colors.jpeg,
abstract_painting_of_layered_geometric_shapes_in_yellow_green_and_blue_with_dark_figures.jpeg,"Illustration - Abstract Painting of Layered Geometric Shapes in Yellow, Green, Blue.jpeg",
abstract_painting_of_vertical_reflections_over_pink_and_reddish_background.jpeg,Illustration - Abstract Painting with Vertical Strokes on Pink and Reddish Background.jpeg,
abstract_painting_of_vertical_streaks_and_reflections_in_pink_and_red.jpeg,"Illustration - Abstract Painting of Vertical Streaks and Reflections in Pink, Red.jpeg",
abstract_painting_of_white_streaks_on_blue_background_suggesting_architecture.jpeg,Illustration - Abstract White Streaks Suggesting Architecture on Blue Background.jpeg,
abstract_painting_with_black_spray_marks_on_light_background.jpeg,Illustration - Abstract Painting with Black Spray Marks on Light Background.jpeg,
abstract_painting_with_concentric_pale_lines_on_dark_background.jpeg,Illustration - Abstract Painting with Concentric Pale Lines on Dark Background.jpeg,
abstract_painting_with_dark_top_block_red_middle_band_and_green_lower_band.jpeg,Screenshot - Screenshot of Hirohiko Araki's Quote About Swimsuit Calendars by Hirohiko Araki.jpeg,
abstract_painting_with_dense_red_and_blue_pixelated_pattern.jpeg,Illustration - Abstract Painting with Dense Red and Blue Pixelated Pattern.jpeg,
abstract_painting_with_distorted_red_grid_colored_squares_and_white_amorphous_shapes.jpeg,"Illustration - Abstract Painting with Distorted Red Grid, Colored Squares, and White Shapes.jpeg",
abstract_painting_with_dynamic_swirls_of_dark_blue_pink_and_yellow.jpeg,"Illustration - Abstract Painting with Dynamic Swirls of Dark Blue, Pink, and Yellow.jpeg",
abstract_painting_with_flowing_red_yellow_and_blue_forms.jpeg,"Illustration - Abstract Painting With Flowing Red, Yellow, And Blue Forms.jpeg",
abstract_painting_with_geometric_shapes_and_arch_in_pink_and_brown.jpeg,Illustration - Abstract Geometric Shapes and Arch in Pink and Brown.jpeg,
abstract_painting_with_large_yellow_shape_and_intersecting_black_lines_on_a_beige_background.jpeg,Illustration - Abstract Painting with Yellow Shape and Intersecting Black Lines.jpeg,
abstract_painting_with_orange_shapes_under_blue_teal_looping_strokes.jpeg,Illustration - Abstract Painting: Blue Looping Strokes Over Orange Shapes.jpeg,
abstract_painting_with_pink_floral_shapes_on_orange_and_green_background.jpeg,Illustration - Abstract Painting with Pink Floral Shapes on Orange and Green Background.jpeg,
abstract_painting_with_purple_and_magenta_cross_hatched_texture.jpeg,Illustration - Abstract Painting with Purple and Magenta Cross-Hatched Texture.jpeg,
abstract_painting_with_repeating_wavy_and_teardrop_shapes_in_yellow_pink_and_green.jpeg,Illustration - Abstract Painting with Wavy and Teardrop Shapes.jpeg,
abstract_painting_with_swirling_white_and_purple_brushstrokes_on_a_blue_background.jpeg,Illustration - Abstract Painting with Swirling White and Purple Brushstrokes on Blue.jpeg,
abstract_painting_with_teal_brown_and_sienna_swirls.jpeg,"Illustration - Abstract Painting with Teal, Brown, and Sienna Swirls.jpeg",
abstract_painting_with_vertical_green_and_yellow_strokes_on_a_pink_background.jpeg,Illustration - Abstract Painting with Vertical Green and Yellow Strokes on Pink Background.jpeg,
abstract_pattern_of_vertical_wavy_stripes_in_gray_blue_and_white_tones.jpeg,"Illustration - Abstract Pattern of Vertical Wavy Stripes in Gray, Blue, and White.jpeg",
abstract_photograph_of_light_and_shadow_through_a_window_showing_blue_and_orange_colors.jpeg,"Photograph - Grainy Abstract Light and Shadow Through Window, Blue and Orange.jpeg",
abstract_print_featuring_dense_vertical_black_lines_intersected_by_radiating_and_curved_lines.jpeg,Illustration - Abstract Print with Vertical and Curved Black Lines.jpeg,
abstract_print_of_interlocking_black_geometric_shapes_on_beige_ground.jpeg,Illustration - Abstract Black Geometric Shapes on Beige Ground.jpeg,
abstract_print_with_horizontal_lines_distorted_to_create_rounded_forms_on_a_pale_background.jpeg,Illustration - Abstract Print with Distorted Horizontal Lines Forming Rounded Shapes.jpeg,
abstract_warped_grid_on_pale_blue_background_by_charles_tyrrell.jpeg,Illustration - Warped Dark Grid on Textured Light Blue Background.jpeg,
abstract_watercolor_and_ink_drawing_with_dark_and_light_green_horizontal_strokes.jpeg,Illustration - Abstract Watercolor And Ink Drawing With Dark And Light Green Horizontal Strokes.jpeg,
abstract_white_streaks_forming_a_vertical_structure_on_a_blue_background.jpeg,Illustration - Abstract White Streaks Forming a Vertical Structure on a Blue Background.jpeg,
abstracted_painting_of_two_figures_and_pots_beside_a_blue_river.jpeg,Illustration - Abstracted Painting of Two Figures and Pots Beside a Blue River.jpeg,
abu_ghraib_jpg.jpg,Photograph - The Hooded Man.jpg,
acagalleries_pablo_amaringo_allpa_manchari_2005_webp.webp,"Illustration - Vibrant Psychedelic Painting with Red Mask, Figures, Snakes, and Plants.webp",
acagalleries_pablo_amaringo_unai_shipash_2006_jpg.jpg,"Illustration - Vibrant Psychedelic Painting of Figures, Animals, and Intricate Patterns.jpg",
accumulation_of_graffiti_tags_paint_and_stickers_on_a_black_surface.jpeg,"Photograph - Wall Covered in Graffiti Tags, Paint, and Stickers.jpeg",
acrylic_painting_of_a_man_resembling_george_w_bush_painting_a_scene_of_children_killing_police_officers_with_an_alien_figure.jpg,Screenshot - George Bush Getting His Dick Sucked By An Alien While Painting Kids Killing Cops.jpg,
administration_building.jpg,Photograph - Black and White Photograph of the Administration Building at a World's Fair.jpg,
advertisement_featuring_a_person_in_clear_plastic_pants_with_a_nokia_phone_in_the_back_pocket.jpeg,Image - Person In Clear Plastic Pants With Nokia Phone In Back Pocket.jpeg,
advertisement_graphic_of_a_white_car_in_a_green_landscape_2010.jpg,"Illustration - White Toyota Prius in a Green Hilly Landscape by Toyota Motor Sales, U.S.A., Inc.jpg",
aerial_photograph_of_a_city_grid_at_night.jpeg,Photograph - Aerial View of Chicago City Grid at Night by thefacetpixel.jpeg,
aerial_photograph_of_a_city_grid_at_night_with_golden_lights.jpeg,Photograph - Aerial View of Chicago City Grid at Night.jpeg,
aerial_photograph_of_a_dense_city_surrounding_a_large_hill.jpeg,Photograph - Aerial View of Dense City Surrounding a Large Hill.jpeg,
aerial_photograph_of_a_dense_village_of_colorful_houses_on_a_snowy_hillside.jpg,Photograph - Aerial View of Colorful Houses on Snowy Hillside.jpg,
aerial_photograph_of_a_densely_packed_cityscape.jpeg,Photograph - Aerial View of Densely Packed Cairo Cityscape.jpeg,
aerial_photograph_of_a_large_gothic_cathedral_in_a_hazy_cityscape.jpeg,Photograph - Cologne Cathedral.jpeg,
aerial_photograph_of_a_large_uniform_suburban_housing_development.jpeg,Photograph - Aerial View of New Uniform Suburban Housing Development by ONX Homes.jpeg,
aerial_photograph_of_a_medieval_abbey_and_town_on_a_rocky_island_surrounded_by_water.jpg,Photograph - Aerial View of Mont-Saint-Michel Abbey and Town on Island.jpg,
aerial_photograph_of_a_train_passing_through_a_densely_populated_urban_area_with_high_rise_buildings_in_the_background.jpeg,Photograph - Aerial View of Train Passing Through Densely Populated Urban Area.jpeg,
aerial_photograph_of_numerous_bodies_lying_on_the_ground_surrounding_a_large_open_sided_structure_with_a_white_roof.jpeg,Photograph - The Jonestown Massacre.jpeg,
aerial_view_of_a_road_intersection_with_long_shadows.jpeg,Photograph - Aerial View of a Road Intersection with Long Shadows.jpeg,
aggregate_a_by_kurokawa_toru_2016.jpeg,Photograph - Brown Porous Organic Sculpture in Museum Display Case.jpeg,
alisa_vs_rabbit_1276158813_gif.gif,Blue Teeth by Uno Moralez (2010).gif,
alli_mariri_rgb_1000_jpg.jpg,Alli Mariri by Pablo Amaringo (2003).jpg,
almost_all_the_flowers_in_my_mother_s_garden_by_hilla_kurki_20222023.jpg,Illustration - Eight Different Flowers Arranged in a Pastel Grid.jpg,
amakusa_shiro_by_takato_yamamoto_2006.jpg,The Shimabara Rebellion of 1637 by Takato Yamamoto (2006).jpg,
america_gif.gif,Illustration - Abstract Figure in Bold Colors with Halftone Print Style.gif,
anand_kulkarni_vimana_city_contemporary.jpg,Illustration - Intricate Pencil Drawing of a Floating Fantasy City by Laurent Gapaillard.jpg,
anatomical_diagrams_of_the_upper_limb_arm_and_hand_showing_surface_form_skeleton_and_muscles.jpeg,"Diagram - Anatomical Diagrams of Upper Limb Surface Form, Skeleton, and Muscles.jpeg",
anatomical_illustration_of_the_back_view_of_the_human_lower_limb_detailing_muscles_and_skeleton.jpeg,"Illustration - Anatomical Illustrations of Human Lower Limb, Back View, Muscles and Skeleton.jpeg",
anatomical_illustration_of_the_male_human_skeleton_in_three_views_front_side_and_rear.jpeg,Illustration - Anatomical Illustration of Male Human Skeleton in Three Views.jpeg,
anatomical_illustrations_of_the_back_view_of_the_human_trunk_skeleton_and_musculature.jpeg,Illustration - Two Anatomical Illustrations of Human Trunk: Skeleton and Musculature.jpeg,
ancient_undead_by_valeriy_shcherbak_2019.png,Illustration - Pixel Art Undead Creature With Game Interface And Inventory Slots.png,
ancut_poland_by_kacper_kowalski_2014.jpg,Photograph - Aerial View of Sułoszowa Village and Striped Fields by Kacper Kowalski.jpg,
and_jpg.jpg,&&&&& by Arca (2013).jpg,
andrea_mantegna_036_jpg.jpg,The Agony in the Garden by Andrea Mantegna (c. 1458-1460).jpg,
animated_drawing_of_a_soldier_in_a_gas_mask_using_a_computer.png,Illustration - Animated Soldier In Gas Mask Using Computer.png,
animated_graphic_of_a_glowing_esoteric_diagram_with_hebrew_and_latin_text_projected_onto_a_blue_sky.jpeg,Screenshot - Glowing Esoteric Diagram Projected Onto Blue Sky by Hideaki Anno.jpeg,
animated_image_of_a_tower_structure_overlaid_with_glowing_pink_concentric_circles_and_a_winged_orange_symbol_against_a_purple_and_red_sky.jpeg,Illustration - Stylized Tower with Glowing Concentric Circles and Winged Symbol.jpeg,
animated_panorama_1537355822_gif.gif,Babelsberg.gif,
animated_style_painting_of_a_dark_city_skyline_against_a_red_sky.jpeg,Illustration - Stylized City Skyline Against Red Sky and Full Moon.jpeg,
antinous_by_jeremy_lipking_2014.jpeg,Illustration - A Painterly Oil Painting of a White Bust.jpeg,
architectural_model_of_a_modern_brown_building_on_a_landscaped_base.jpeg,Photograph - Architectural Model of a Modern Brown Building on Landscaped Base.jpeg,
art_nouveau_and_sixties_6_w_jpg.jpg,Illustration - Two Posters: Art Nouveau Woman and Psychedelic Concert Poster.jpg,
article00_1064x_jpg.jpg,Screenshot - Woman in Large Hat With Black Scribbles Over Her Face.jpg,
artifact_gif_gif.gif,Illustration - Abstract Red and Blue Geometric Shapes on Black Background.gif,
arton377_2_jpg.jpg,Illustration - Dense White Scribbles on a Black Background.jpg,
arton377_jpg.jpg,Illustration - Abstract White Scribbles on Black Background.jpg,
ascii_art_figure_composed_of_symbols_and_characters.png,Illustration - ASCII Art Figure Composed of Symbols and Characters.png,
asia_dragon_by_roger_dean_2003.jpg,Asia Dragon by Roger Dean (2003).jpg,
atthenightmarket_jpg.jpg,At the Night Market by Malene Reynolds Laugesen (2014).jpg,
attic_red_figure_calyx_krater_depicting_a_battle_scene.jpg,Illustration - Ancient Greek Red-Figure Calyx-Krater Depicting Battle Scene.jpg,
au_bon_marche_vue_generale_gravure_jpg.jpg,"Illustration - Detailed Engraving of Le Bon Marché Department Store, Paris.jpg",
aurelia_aurita_3_0049_jpg.jpg,Illustration - Surreal DeepDream Image of Dog-like Creatures and Fish Patterns by Google DeepDream.jpg,
aurora_borealis_by_bence_bakonyi_2011.jpg,Photograph - Streaks of Light Across Dark Sky Above Silhouetted Trees.jpg,
autoban_by_rom_rom_2020.png,Autobahn by Rom Rom (2020).png,
autumn_s_bounty_by_john_mccartin_2013.png,Autumn's Bounty by John McCartin (2013).png,
b005_rembrandt_jpg.jpg,Self-Portrait with Curly Hair by Rembrandt van Rijn (c. 1630).jpg,
b7bfc_img167_jpg.jpg,Illustration - Men In A Boat On Rapids With Birds Flying by Joseph Clement Coll.jpg,
bad_habits_chart_no_8.jpeg,Illustration - Bad Habits Chart No. 8.jpeg,
ballerina_i_by_marti_fast.jpeg,Illustration - Line Drawing of a Ballerina in a Tutu.jpeg,
baron_town_by_waneella_2019.jpg,Illustration - Detailed Isometric View of a Bustling Steampunk-Inspired City.jpg,
base_scaleup_of_effective_compute_by_leopold_aschenbrenner_2024.jpeg,Diagram - Graph of AI Effective Compute Growth and Capability Projections by Leopold Aschenbrenner.jpeg,
beachtime_by_debra_reid.jpeg,Illustration - Two Girls Playing In Ocean With Inner Tubes.jpeg,
beautiful_mosque_ceiling_110_880_jpg.jpg,"Photograph - Intricate Tiled Ceiling of Shah Mosque, Isfahan.jpg",
bedroom_at_night_by_nikolai_blokhin_2005.jpg,Illustration - Bedroom at Night with Warm Interior Light.jpg,
beethoven_250_by_david_hockney_2020.jpg,Beethoven 250 by David Hockney (2020).jpg,
beethoven_7_jpg.jpg,Illustration - Black and White Drawing of Ludwig van Beethoven.jpg,
beethoven_on_his_deathbed_jpg.jpg,Beethoven on his Deathbed by Josef Danhauser (1827).jpg,
beginning_of_a_strange_point_by_you_si_2004_2009.jpeg,Photograph - Open Book Displaying Abstract Artworks and Artist Biography.jpeg,
belladonna_sadness_png.png,Illustration - Stylized Portrait of a Woman with Flowing Hair and Green Background by Kuni Fukai.png,
belshazzar_s_feast_by_odd_nerdrum_2005.jpeg,Image - Five Men Feasting at a Golden Table.jpeg,
ben_frost_4_jpg.jpg,Illustration - Pop Art Style Crying Woman on Pink Pocky Box.jpg,
bent_chrome_metal_tubing_sculpture_on_wooden_floor.jpeg,Illustration - Bent Chrome Metal Tubing Sculpture on Wooden Floor.jpeg,
biomechanical_figure_with_barbed_elements_on_a_yellow_background.jpeg,Illustration - Surreal Biomechanical Figure with Barbed Wire on Yellow Background.jpeg,
bird_s_eye_view_architectural_drawing_of_the_jinci_temple_complex_in_taiyuan_shanxi.jpeg,"Illustration - Bird's-Eye View of Jinci Temple Complex, Taiyuan, Shanxi.jpeg",
bitcoin_spiral_clock.jpeg,Illustration - White Rabbit with Bitcoin Spiral Clock and Conspiracy Theory Overlays.jpeg,
black_abstract_drawing_on_musical_staff_paper_with_treble_and_bass_clefs.png,Illustration - Abstract Black Drawing on Musical Staff Paper.png,
black_and_beige_geometric_print_of_interlocking_parallelograms.jpeg,Illustration - Black and Beige Geometric Print of Interlocking Parallelograms.jpeg,
black_and_gray_ink_drawing_of_bamboo_and_maple_leaves_under_a_moon.jpeg,"Illustration - Black And Gray Ink Drawing Of Bamboo, Maple Leaves, And Moon.jpeg",
black_and_white_abstract_painting_with_swirling_white_dashes.jpeg,Illustration - Black Canvas with Swirling White Dashes.jpeg,
black_and_white_abstract_pattern_of_parallel_wavy_lines.jpeg,Illustration - Black Parallel Wavy Lines on White Page.jpeg,
black_and_white_abstract_print_with_varied_linear_patterns_and_circular_shape.jpeg,Illustration - Black and White Abstract Print with Varied Linear Patterns.jpeg,
black_and_white_anatomical_diagrams_of_the_human_lower_limb_muscles_and_skeleton_with_labels_printed_in_an_open_book.jpeg,Diagram - Black and White Anatomical Diagrams of Human Lower Limb Muscles and Skeleton.jpeg,
black_and_white_anatomical_illustration_of_female_figure_showing_surface_form_fig_148_and_fat_distribution_with_labels_fig_149.jpeg,Illustration - Two Side Views of Female Figure Showing Fat Distribution.jpeg,
black_and_white_cartoon_of_a_horse_mocking_a_wrecked_automobile_and_driver.jpg,Comic - Horse Mocks Wrecked Car And Driver With Text.jpg,
black_and_white_close_up_portrait_of_a_man_with_a_thick_mustache.jpeg,Photograph - Black and White Close-Up Portrait of Stan Brakhage.jpeg,
black_and_white_comic_book_page_original_art_depicting_a_chaotic_scene_of_falling_figures_and_debris.jpeg,Comic - Black And White Comic Page Of Falling Figures And Debris.jpeg,
black_and_white_comic_page_depicting_a_noir_street_scene_and_confrontation_by_eduardo_risso.jpg,Comic - Black and White Comic Page of Noir Street Confrontation.jpg,
black_and_white_comic_panel_featuring_a_man_smoking_and_a_woman_with_the_dialogue_it_s_an_old_story.jpeg,Comic - Black and White Comic Panel of Man Smoking and Woman by Junji Ito.jpeg,
black_and_white_comic_panel_of_a_crying_woman_saying_christ_i_could_use_a_cigarette.jpeg,Comic - Black and White Comic Panel of Crying Woman.jpeg,
black_and_white_comic_panel_of_a_crying_woman_saying_christ_i_could_use_a_cigarette_by_frank_miller.jpeg,Comic - Black And White Comic Panel Of Crying Woman (2).jpeg,
black_and_white_comic_panel_of_a_young_woman_in_a_dark_uniform_stepping_forward.jpeg,Comic - Black And White Comic Panel Of Young Woman In Dark Uniform.jpeg,
black_and_white_comic_panel_of_three_figures_in_ruins_under_a_dark_sky.jpeg,Comic - Three Figures In Ruins Under Dark Sky.jpeg,
black_and_white_conceptual_photograph_of_two_men_facing_each_other.jpeg,Photograph - Two Men With Contrasting Skin Tones Facing Each Other.jpeg,
black_and_white_diagram_of_converging_and_spreading_lines.jpg,Diagram - Paths of 800 Unmanned Bicycles Being Pushed Until They Fall Over.jpg,
black_and_white_dithered_drawing_of_a_porsche_carrera_front_view_by_greg_overton.png,Illustration - Black and White Dithered Front View of a Porsche Carrera by Greg Overton.png,
black_and_white_dithered_drawing_of_a_snowy_landscape_with_a_cabin_and_footprints.png,Illustration - Black And White Dithered Snowy Landscape With Cabin And Footprints.png,
black_and_white_dithered_illustration_of_a_vintage_computer_with_crossed_pencil_and_paintbrush_on_screen.png,About MacPaint by Susan Kare (1984).png,
black_and_white_drawing_of_a_grotesque_face_and_skeletal_hands_emerging_from_darkness_with_hanging_strands.jpg,Illustration - Grotesque Face and Skeletal Hands Emerging From Darkness.jpg,
black_and_white_drawing_of_a_highly_detailed_monstrous_mechanical_figure_carrying_an_armored_rider_and_holding_a_small_lantern.jpg,"Illustration - Intricate Black And White Drawing Of Mechanical Monster, Armored Rider, Lantern.jpg",
black_and_white_drawing_of_a_landscape_with_two_cows_drinking_by_a_large_tree.jpg,Illustration - Black and White Drawing of Cows Drinking by a Large Tree.jpg,
black_and_white_drawing_of_a_seated_bodhisattva_kannon_on_a_mythical_creature_amidst_clouds.jpeg,Illustration - Black and White Drawing of Seated Kannon on Mythical Creature Amidst Clouds.jpeg,
black_and_white_drawing_of_a_skull_figure_holding_a_scythe_and_wearing_a_shaggy_cloak.jpg,Illustration - Black and White Drawing of Skull Figure with Scythe and Shaggy Cloak.jpg,
black_and_white_drawing_of_a_spiky_haired_boy_in_a_v_neck_shirt_with_a_circular_emblem.jpg,Son Goku by Akira Toriyama (1984-1995).jpg,
black_and_white_drawing_of_an_old_man_in_profile_wearing_a_helmet.jpeg,Illustration - Black and White Drawing of an Old Man in Profile Wearing a Helmet.jpeg,
black_and_white_drawing_of_an_ornate_baroque_interior_with_a_figure_on_stairs.jpeg,Illustration - Black and White Drawing of Ornate Baroque Interior with Figure on Stairs.jpeg,
black_and_white_drawing_of_pears_and_grapes_on_a_plate.jpg,Illustration - Black and White Etching of Pears and Grapes on Plate by Giorgio Morandi.jpg,
black_and_white_drawing_of_stylized_figures_in_two_scenes_2023.jpg,Illustration - Stylized Black And White Drawing Of Figures In Two Scenes.jpg,
black_and_white_drawing_of_two_tall_stitched_figures_and_a_central_creature.jpg,Illustration - Black and White Drawing of Three Stylized Figures.jpg,
black_and_white_etching_of_a_large_building_surrounded_by_trees.jpeg,Illustration - Black And White Etching Of A Building Surrounded By Trees.jpeg,
black_and_white_generative_line_drawing_of_abstract_kinetic_forms.png,Screenshot - Screenshot of Social Media Post with Abstract Line Drawing.png,
black_and_white_geometric_op_art_pattern.jpeg,"Illustration - Black, White, And Grey Geometric Op Art Wall Mural.jpeg",
black_and_white_grainy_image_of_a_repeating_building_facade_with_geometric_distortion.jpg,Photograph - Grainy Black And White Building Facade With Geometric Distortion.jpg,
black_and_white_graphic_design_of_stylized_figures_walking_through_arches_above_radiating_circles_with_text_the_complete_book_of_navigating_parallel_dimensions.jpg,Image - Black and White Stylized Figures Walking Through Arches and Circles.jpg,
black_and_white_graphic_design_with_text_and_image_of_ruined_factory.jpeg,Illustration - Black and White Illustration of Ruined Factory with Bold Text.jpeg,
black_and_white_graphic_print_of_a_stylized_symmetrical_abstract_form.jpeg,Illustration - Black And White Stylized Symmetrical Abstract Form On Light Background.jpeg,
black_and_white_illustration_featuring_a_central_cloaked_woman_a_nude_horned_figure_and_stylized_plant_and_flame_motifs.jpeg,Illustration - Black and White Illustration for 'The Hasheesh Eater' Book Cover by David Singer and Satty.jpeg,
black_and_white_illustration_of_a_bridge_and_gondolas_on_a_canal_at_a_large_exposition.jpg,Illustration - Black and White Illustration of Gondolas on a Canal at an Exposition.jpg,
black_and_white_illustration_of_a_man_scattering_beans_over_a_crouching_demon.jpeg,Illustration - Japanese Man Scattering Beans Over Crouching Demon by Katsushika Hokusai.jpeg,
black_and_white_illustration_of_a_person_with_dark_hair_and_a_checkered_garment_outdoors_by_tatsuki_fujimoto.webp,Comic - Look Back by Tatsuki Fujimoto.webp,
black_and_white_illustration_of_a_tibetan_prayer_flag_design_with_script_and_mythological_animals.jpeg,Document - Open Book Showing Black and White Tibetan Prayer Flag Illustration.jpeg,
black_and_white_illustration_of_a_window_showing_a_city_skyline_surrounded_by_clouds.jpeg,Illustration - Black and White Illustration of Window Showing City Skyline Amidst Clouds.jpeg,
black_and_white_illustration_of_a_young_man_in_a_fur_collared_jacket_and_jeans_by_katsuhiro_otomo.jpeg,Illustration - Black and White Illustration of Young Man in Fur-Collared Jacket.jpeg,
black_and_white_illustration_of_collapsing_skyscrapers_with_a_figure_by_tsutomu_nihei.jpeg,Comic - Black and White Illustration of Collapsing Skyscrapers with Figure.jpeg,
black_and_white_illustration_of_two_heraldic_lions_flanking_a_5x5_grid_of_black_squares.png,Illustration - Black and White Heraldic Lions Flanking a Grid Illusion.png,
black_and_white_illustration_of_two_historical_corsets_on_a_slide_transparency.jpeg,Photograph - Photograph of a Slide Showing Two Historical Corsets.jpeg,
black_and_white_image_of_georg_wilhelm_friedrich_hegel_portrait_with_humorous_text.png,Image - Black and White Portrait of Hegel with Humorous Text.png,
black_and_white_ink_drawing_collage_of_various_figures_and_manga_panels_centered_on_a_standing_female_character.jpg,Illustration - Black And White Ink Drawing Collage Of Manga And Realistic Figures.jpg,
black_and_white_ink_drawing_featuring_a_muscular_figure_a_grotesque_head_pierced_by_nails_and_role_playing_game_text.jpeg,Illustration - Black and White Ink Drawing of RPG Character and Grotesque Head.jpeg,
black_and_white_ink_drawing_grid_of_twenty_suburban_and_rural_vignettes.jpeg,Illustration - Grid of Twenty Black and White Ink Drawings of Various Landscapes.jpeg,
black_and_white_ink_drawing_of_a_face_composed_of_figures_and_incan_inspired_symbols.jpeg,Illustration - Black and White Ink Drawing of a Face Composed of Figures.jpeg,
black_and_white_ink_drawing_of_a_knight_figure_with_a_sword_surrounded_by_grotesque_characters_and_wooden_objects.jpeg,Illustration - Black and White Ink Drawing of Knight with Grotesque Figures.jpeg,
black_and_white_ink_drawing_of_a_landscape_with_a_path_tall_grass_and_a_tree_against_a_cloudy_sky.jpg,Illustration - Black and White Ink Drawing of a Landscape with a Path.jpg,
black_and_white_ink_drawing_of_a_multi_armed_figure_holding_swords_on_a_mound.jpg,Illustration - Black and White Ink Drawing of Multi-Armed Figure with Swords.jpg,
black_and_white_ink_drawing_of_a_person_with_a_halo_covering_their_face_at_a_table_with_a_bottle_and_cigarette.jpg,Illustration - Black and White Ink Drawing of Person with Halo Covering Face.jpg,
black_and_white_ink_drawing_of_a_stylized_character_with_a_boombox_and_cigarette.jpg,"Illustration - Stylized Character with Boombox, Cigarette, and Hat.jpg",
black_and_white_ink_drawing_of_a_winged_monster_descending_over_a_mountainous_forest_and_castle_ruin.jpeg,Illustration - Black And White Ink Drawing Of Winged Monster Over Forest And Castle.jpeg,
black_and_white_ink_drawing_of_a_woman_flowers_and_geometric_steps.jpeg,"Illustration - Black and White Ink Drawing of Woman, Flowers, and Geometric Steps.jpeg",
black_and_white_ink_drawing_of_figures_in_a_comic_book_style_layout.jpeg,Comic - Black and White Comic Art with Figures in Multiple Panels.jpeg,
black_and_white_ink_drawing_of_four_figures_in_a_dramatic_comic_panel_layout.jpeg,Comic - Black And White Ink Drawing Of Four Figures In Comic Panel Layout.jpeg,
black_and_white_ink_drawing_of_interconnected_surreal_comic_panels.jpg,Comic - Surreal Black And White Ink Comic Panels With Figures And Organic Shapes.jpg,
black_and_white_ink_drawing_of_nine_urban_and_suburban_scenes_in_a_grid_format.jpeg,Illustration - Nine Black and White Ink Drawings of Urban and Suburban Scenes.jpeg,
black_and_white_ink_illustration_of_a_female_warrior_battling_large_feathered_and_wolf_like_creatures.jpeg,Illustration - Black And White Illustration Of A Female Warrior Battling Feathered Wolf-Like Creatures.jpeg,
black_and_white_line_art_of_a_woman_with_short_hair_wearing_a_high_collared_jumpsuit.jpeg,Illustration - Black and White Line Art of Woman in High-Collared Jumpsuit.jpeg,
black_and_white_line_diagram_of_a_complex_symmetrical_geometric_figure_hessian_polyhedron_projection.jpeg,Document - Document Page With A Complex Geometric Line Diagram.jpeg,
black_and_white_line_drawing_of_a_female_face_in_ms_paint.png,Screenshot - Screenshot of a Digital Line Drawing of a Female Face.png,
black_and_white_line_drawing_of_a_fragmented_human_head_composed_of_horizontal_and_vertical_lines.jpeg,Illustration - Black And White Line Drawing Of Fragmented Human Head.jpeg,
black_and_white_line_drawing_of_a_s_w_a_t_officer_with_labeled_equipment.png,Diagram - Black And White Diagram Of SWAT Officer Equipment.png,
black_and_white_line_drawing_of_a_stylized_clawed_limb_and_an_abstract_contoured_shape.png,Illustration - Black and White Line Drawing of Stylized Clawed Limb and Abstract Shape.png,
black_and_white_line_drawing_of_a_stylized_designer_with_a_macintosh_computer_and_drafting_table.png,Illustration - Stylized Designer with Macintosh Computer and Drafting Table by John Johnson.png,
black_and_white_line_drawing_of_a_stylized_female_face_and_organic_forms.jpeg,Illustration - Black and White Stylized Female Face with Organic Forms.jpeg,
black_and_white_line_drawing_of_a_woman_in_a_trench_coat_aiming_a_pistol.jpeg,Illustration - Black and White Line Drawing of Woman Aiming Pistol.jpeg,
black_and_white_line_drawing_of_a_woman_s_profile_roses_and_a_staircase.jpeg,"Illustration - Black and White Line Drawing of Woman's Profile, Roses, Staircase.jpeg",
black_and_white_line_drawing_of_a_wrathful_deity_seated_on_clouds.jpeg,Illustration - Black and White Line Drawing of Wrathful Deity on Clouds.jpeg,
black_and_white_line_drawing_of_the_deity_manjushri_seated_on_a_lion_amidst_floral_motifs.jpeg,Illustration - Black And White Line Drawing Of Deity Manjushri On Lion.jpeg,
black_and_white_line_drawing_of_two_schoolgirls_sitting_on_a_train.jpg,Illustration - Black And White Line Drawing Of Two Schoolgirls On A Train.jpg,
black_and_white_manga_panel_featuring_three_figures_faces.jpeg,Comic - Black and White Manga Panels Featuring Three Faces by Junji Ito.jpeg,
black_and_white_newspaper_clipping_detailing_hunter_s_thompson_s_daily_routine.jpg,Document - Black and White Newspaper Clipping Detailing Hunter S. Thompson's Daily Routine by Associated Press.jpg,
black_and_white_op_art_diamond_shape_with_wavy_vertical_lines.jpeg,Illustration - Black And White Op Art Diamond With Wavy Lines.jpeg,
black_and_white_photograph_of_a_bald_person_covering_their_face_with_hands.jpeg,Photograph - Black and White Photograph of a Bald Person Covering Face.jpeg,
black_and_white_photograph_of_a_busy_city_intersection_with_streetcars_and_a_sunkist_billboard.jpg,Photograph - Busy Black And White City Intersection With Streetcars And Sunkist Billboard.jpg,
black_and_white_photograph_of_a_cityscape_with_an_elevated_train_residential_buildings_and_large_exposition_structures_near_a_shoreline.jpg,Photograph - Elevated Train and Buildings at 1893 Chicago World's Fair.jpg,
black_and_white_photograph_of_a_classical_building_across_a_body_of_water_framed_by_tree_branches.jpg,Photograph - Black And White Photograph Of Classical Building Reflected In Water.jpg,
black_and_white_photograph_of_a_classical_exposition_building_across_water_framed_by_tree_foliage.jpg,"Photograph - Classical Exposition Building Across Water, Framed by Tree Foliage.jpg",
black_and_white_photograph_of_a_classical_tower_and_dome_structure_with_a_ladder_seen_from_a_rooftop.jpg,Photograph - Black and White Photograph of Classical Tower and Dome from Rooftop.jpg,
black_and_white_photograph_of_a_construction_worker_on_a_skyscraper_beam_overlooking_the_chrysler_building.jpg,Photograph - Construction Worker on Skyscraper Beam Overlooking Chrysler Building.jpg,
black_and_white_photograph_of_a_courtyard_with_a_classical_colonnade_and_a_large_figurative_fountain.jpg,Photograph - Black and White Photograph of a Courtyard with Fountain and Colonnade.jpg,
black_and_white_photograph_of_a_crowded_lagoon_area_in_front_of_neoclassical_exhibition_halls_flying_flags.jpg,Photograph - Crowded Lagoon Area in Front of Neoclassical Exhibition Halls.jpg,
black_and_white_photograph_of_a_curved_gridded_concrete_wall.png,Photograph - Black and White Photograph of a Curved Gridded Concrete Wall.png,
black_and_white_photograph_of_a_dark_suit_hanging_between_two_vertical_panels_featuring_abstract_black_shapes.jpeg,Document - Document Page with Photograph of Dark Suit and Abstract Panels.jpeg,
black_and_white_photograph_of_a_female_torso_in_straps_by_patty_carroll.jpeg,Photograph - Black And White Photograph Of Female Torso In Straps.jpeg,
black_and_white_photograph_of_a_fencer_wearing_a_mask_viewed_from_the_back.jpeg,Photograph - Black And White Photograph Of A Fencer From Behind.jpeg,
black_and_white_photograph_of_a_figure_in_a_dark_coat_with_a_buckled_strap_detail.jpeg,Photograph - Black and White Photograph of Figure in Dark Coat with Buckled Strap.jpeg,
black_and_white_photograph_of_a_glass_spiral_staircase_from_above.jpeg,Photograph - Black And White Photograph Of A Glass Spiral Staircase From Above.jpeg,
black_and_white_photograph_of_a_grand_exposition_featuring_white_neoclassical_buildings_a_central_canal_and_statues.jpg,Photograph - World's Columbian Exposition.jpg,
black_and_white_photograph_of_a_grand_neoclassical_building_entrance_with_an_archway_columns_statues_and_an_inscription_about_christopher_columbus_with_people_and_horse_drawn_carts_in_the_foreground.jpg,Photograph - Black and White Photograph of Grand Neoclassical Building with Columbus Inscription.jpg,
black_and_white_photograph_of_a_grand_neoclassical_building_entrance_with_columns_statues_flags_and_crowds_of_people.jpg,Photograph - Black and White Photograph of Grand Neoclassical Building with Crowds.jpg,
black_and_white_photograph_of_a_grand_neoclassical_exposition_site_featuring_a_central_waterway_bridges_and_statues.jpg,Photograph - Grand Neoclassical Buildings Along a Waterway with Bridges and Statues.jpg,
black_and_white_photograph_of_a_hawk_perched_on_a_wire_pierced_by_an_arrow.jpeg,Photograph - Black and White Photograph of a Hawk Pierced by an Arrow.jpeg,
black_and_white_photograph_of_a_large_amusement_park_or_exposition_grounds_featuring_a_circular_building_and_an_elevated_railway_over_water_near_a_shoreline.jpg,"Photograph - Black and White Aerial View of Exposition Grounds, Elevated Railway, and Lake.jpg",
black_and_white_photograph_of_a_large_beetle_viewed_from_below.jpeg,Mezzanine by Nick Knight (1998).jpeg,
black_and_white_photograph_of_a_large_classical_revival_building_with_a_central_dome_and_bridge_over_a_canal.jpg,Photograph - Large Classical Revival Building with Dome and Bridge Over Canal.jpg,
black_and_white_photograph_of_a_large_classical_style_building_under_construction_showing_scaffolding_and_dirt_in_the_foreground.jpg,Photograph - Black and White Photograph of a Classical Building Under Construction.jpg,
black_and_white_photograph_of_a_large_exhibition_hall_interior_with_paintings_sculptures_and_architectural_models.jpg,Photograph - Black and White Photograph of a Large Exhibition Hall Interior.jpg,
black_and_white_photograph_of_a_large_fairground_complex_with_classical_architecture_and_a_central_lagoon_viewed_from_a_high_angle.jpg,Photograph - High-Angle Black and White Photograph of a Grand Exposition Complex.jpg,
black_and_white_photograph_of_a_large_metal_ferris_wheel_surrounded_by_exposition_buildings_with_smoke_rising_from_a_chimney.jpg,Photograph - Ferris Wheel at the World's Columbian Exposition.jpg,
black_and_white_photograph_of_a_large_neoclassical_exhibition_building_with_central_dome_and_equestrian_statue.jpg,Photograph - Black and White Photograph of a Grand Neoclassical Exhibition Building.jpg,
black_and_white_photograph_of_a_large_neoclassical_exhibition_hall_with_flags_and_street_lamps.jpg,Photograph - Grand Neoclassical Building with Flags and Street Lamps.jpg,
black_and_white_photograph_of_a_large_ornate_exhibition_building_complex_with_domes_and_arched_colonnades_reflected_in_a_body_of_water.jpg,Photograph - Ornate Exhibition Buildings Reflected in Water with Arched Bridge.jpg,
black_and_white_photograph_of_a_large_sailing_ship_docked_next_to_a_classical_building_with_statues.jpg,"Photograph - Black and White Photograph of World's Columbian Exposition, 1893.jpg",
black_and_white_photograph_of_a_long_architectural_corridor_lined_with_fluted_columns_and_a_coffered_ceiling.jpg,Photograph - Long Architectural Corridor with Fluted Columns and Coffered Ceiling.jpg,
black_and_white_photograph_of_a_long_colonnade_with_coffered_ceiling.jpg,"Photograph - Long Colonnade with Coffered Ceiling, Designed by Albert Speer.jpg",
black_and_white_photograph_of_a_man_wearing_headphones_and_dark_clothes_in_a_room_with_a_textured_stone_ceiling.jpeg,Photograph - Playboi Carti Recording In A Studio.jpeg,
black_and_white_photograph_of_a_neoclassical_exposition_grounds_surrounding_a_central_basin_viewed_over_the_shoulder_of_a_statue_of_a_draped_female_figure_holding_a_staff_and_an_eagle_topped_orb.jpg,"Photograph - Neoclassical Exposition Grounds with Central Basin, Viewed from Statue.jpg",
black_and_white_photograph_of_a_person_covering_their_face_with_hands.jpeg,Photograph - Black And White Photograph Of Person Covering Face With Hands.jpeg,
black_and_white_photograph_of_a_person_in_a_cigarette_costume_visiting_a_hospital_patient.jpg,Photograph - Mr. Cigarette Mascot Giving Cigarette to Hospital Patient.jpg,
black_and_white_photograph_of_a_starling_murmuration_forming_abstract_shapes_by_sren_solkr.jpeg,Photograph - Black and White Starling Murmuration Forming Abstract Shapes.jpeg,
black_and_white_photograph_of_a_statue_overlooking_a_waterway_towards_a_large_domed_building.jpg,Photograph - Statue of The Republic Overlooking World's Columbian Exposition Grounds.jpg,
black_and_white_photograph_of_a_woman_in_a_dark_dress_holding_a_sheer_white_sculptural_fabric_object.jpeg,Photograph - Black and White Photograph of Woman Holding Sheer White Fabric.jpeg,
black_and_white_photograph_of_a_woman_posing_in_an_empty_room.jpeg,Photograph - Black and White Photograph of a Woman Posing in an Empty Room.jpeg,
black_and_white_photograph_of_a_woman_standing_in_an_empty_room.jpeg,Photograph - Black And White Photograph Of Woman In Empty Room.jpeg,
black_and_white_photograph_of_a_woman_standing_in_ocean_waves_near_cliffs.jpeg,Photograph - Black And White Photograph Of Woman In Ocean Waves Near Cliffs.jpeg,
black_and_white_photograph_of_a_young_man_in_a_plaid_scarf_reading_documents.jpeg,Photograph - Young Man in Plaid Scarf Reading Documents.jpeg,
black_and_white_photograph_of_an_elderly_man_in_white_robes_waving_to_a_crowd.jpg,Photograph - Pope John Paul II Waving To A Crowd.jpg,
black_and_white_photograph_of_andy_warhol_and_three_other_men_in_an_indoor_setting.jpeg,Photograph - Black and White Photo of Andy Warhol and Three Men.jpeg,
black_and_white_photograph_of_classical_exhibition_buildings_along_a_waterway.jpg,Photograph - Black and White Photograph of Classical Exhibition Buildings Along a Waterway.jpg,
black_and_white_photograph_of_five_young_people_posing_on_an_urban_street.jpeg,Photograph - Black And White Photograph Of Five Young People Posing On Urban Street.jpeg,
black_and_white_photograph_of_gondolas_on_a_canal_in_front_of_large_exposition_buildings.jpg,"Photograph - Black and White Photograph of Gondolas on Canal, Grand Buildings.jpg",
black_and_white_photograph_of_grand_central_terminal_interior_with_dramatic_sunbeams.jpg,"Photograph - Dramatic Sunbeams Inside Grand Central Terminal, Black and White.jpg",
black_and_white_photograph_of_john_coltrane_on_a_wii_game_case_labeled_a_love_supreme.jpeg,Image - Wii Game Case Featuring John Coltrane's A Love Supreme Album Cover.jpeg,
black_and_white_photograph_of_large_classical_exposition_buildings_along_a_waterway_with_bridges_and_crowds.jpg,Photograph - Black and White Photograph of Classical Exposition Buildings Along Waterway.jpg,
black_and_white_photograph_of_many_men_in_dark_robes_seated_in_an_auditorium.jpeg,Photograph - Black and White Photograph of Many Men in Robes Seated in Auditorium.jpeg,
black_and_white_photograph_of_musicians_on_stage_with_motion_blur.jpeg,Photograph - Free Jazz by Jim Marshall.jpeg,
black_and_white_photograph_of_people_sitting_on_the_floor_facing_a_window.jpeg,Photograph - Black and White Photograph of People Sitting on Floor.jpeg,
black_and_white_photograph_of_soldiers_in_helmets_and_gas_masks_running_through_smoke_on_a_grassy_field.jpg,Photograph - Black and White Photograph of Soldiers Running Through Smoke.jpg,
black_and_white_photograph_of_the_stepped_hotel_panorama_building.jpg,Photograph - Black And White Stepped Hotel Panorama Building.jpg,
black_and_white_photograph_of_three_men_in_shirts_and_ties_walking_on_a_city_sidewalk.jpg,Photograph - Three Men in Shirts and Ties Walking on City Sidewalk.jpg,
black_and_white_photograph_of_three_men_interacting_with_an_early_personal_computer.jpeg,Photograph - Andy Warhol and Two Men Using Early Personal Computer.jpeg,
black_and_white_photograph_of_three_people_seated_at_a_table_in_front_of_a_chalkboard.jpeg,"Image - Black and White Photo of Deleuze, Guattari, and Michael Cera.jpeg",
black_and_white_photograph_of_two_children_playing_in_water_from_a_fire_hydrant.jpeg,Photograph - Two Children Playing in Water from a Fire Hydrant.jpeg,
black_and_white_photograph_showing_multiple_overlapping_and_blurred_exposures_of_a_woman_s_face.jpg,Monochrome by Xi Huang.jpg,
black_and_white_photographic_sequence_10_images_illustrating_a_martial_arts_technique_ten_chi_nage_in_an_open_book.jpeg,Photograph - Black and White Photos Illustrating Martial Arts Technique in Book.jpeg,
black_and_white_photographic_spread_featuring_two_portraits_of_a_young_man_in_dark_clothing_standing_in_a_narrow_urban_alleyway_with_japanese_signage.jpeg,Photograph - Black and White Photographic Spread of Young Man in Urban Alleyway.jpeg,
black_and_white_photographs_of_christopher_n_schumacher_and_gordon_schumacher_on_a_printed_page.jpeg,Document - Black And White Portraits Of Christopher And Gordon Schumacher.jpeg,
black_and_white_pixel_art_city_skyline_under_a_starry_sky.png,Illustration - Black and White Pixel Art City Skyline Under Starry Sky by Marcio Luis Teixeira.png,
black_and_white_pixel_art_compilation_of_early_computer_graphics_including_floppy_disks_a_macintosh_computer_and_text_labels.png,Illustration - Black And White Pixel Art Compilation Of Early Computer Graphics.png,
black_and_white_pixel_art_drawing_of_a_highly_patterned_rug.png,Illustration - Black And White Pixel Art Drawing Of A Highly Patterned Rug.png,
black_and_white_pixel_art_drawing_of_a_macintosh_computer_desktop_with_floppy_disks_and_the_text_the_librarian_s_desktop.png,Illustration - Black and White Pixel Art of a Macintosh Desktop.png,
black_and_white_pixel_art_drawing_of_a_snowy_landscape_with_a_winding_road.png,Illustration - Black And White Pixel Art Of Snowy Landscape With Winding Road.png,
black_and_white_pixel_art_illustration_of_a_hooded_figure_holding_a_floppy_disk_next_to_a_computer_with_text_disk_1_of_5.png,Illustration - Black and White Pixel Art of Hooded Figure with Floppy Disk.png,
black_and_white_pixel_art_of_a_half_human_half_circuit_face_surrounded_by_early_macintosh_icons.png,"Illustration - Black And White Pixel Art Of A Half-Human, Half-Circuit Face.png",
black_and_white_pixel_art_of_a_man_and_a_cat_at_a_computer_desk.png,Illustration - Black And White Pixel Art Of Man And Cat At Computer Desk.png,
black_and_white_pixel_drawing_of_eight_stacked_pencils_labeled_try_and_one_broken_pencil_labeled_try_again.png,Illustration - Black and White Pixel Art of Pencils Labeled 'Try' and 'Try Again'.png,
black_and_white_pixel_graphic_of_a_figure_exposing_themselves_to_a_macintosh_computer_captioned_expose_yourself_to_macintosh.png,Illustration - Pixel Graphic of Figure Exposing Themselves to Macintosh Computer.png,
black_and_white_pixelated_graphic_of_san_francisco_skyline_and_bridge.png,Illustration - Black And White Pixelated San Francisco Skyline And Bridge With Text.png,
black_and_white_pixelated_illustration_of_the_palazzo_vecchio_by_chiara_fioresi.png,Illustration - Black and White Pixelated Illustration of Palazzo Vecchio by Chiara Fioresi.png,
black_and_white_portrait_of_a_man_in_a_dark_cloak.png,Photograph - Black And White Portrait Of A Man In A Dark Cloak.png,
black_and_white_portrait_of_a_woman_with_short_dark_hair_and_heavy_makeup_resting_her_chin_on_her_hands.jpg,Photograph - Black and White Portrait of Clara Bow Resting Chin on Hands.jpg,
black_and_white_portrait_of_a_young_man_in_a_dark_coat_and_turtleneck_with_a_cigarette.jpg,Photograph - Black and White Portrait of James Dean Smoking a Cigarette.jpg,
black_and_white_print_of_a_seated_man_reading.jpeg,Illustration - Black and White Print of Seated Man Reading by Packard.jpeg,
black_and_white_print_of_a_woman_s_head_in_profile.jpeg,Illustration - Black and White Print of Woman's Head in Profile.jpeg,
black_and_white_print_of_buildings_and_dense_trees_in_a_landscape.jpeg,Illustration - Black and White Print of Buildings and Dense Trees in Landscape.jpeg,
black_and_white_print_of_two_figures_in_an_interior_setting.jpeg,Illustration - Black and White Print of Two Figures in an Interior Setting.jpeg,
black_and_white_print_of_two_stacked_wireframe_3d_waveform_graphics.jpeg,Illustration - Black and White Print of Two Stacked Wireframe Waveform Graphics.jpeg,
black_and_white_relief_print_of_a_hare_surrounded_by_flowers.jpeg,Illustration - Black And White Relief Print Of A Hare With Flowers.jpeg,
black_and_white_screenshot_of_a_classic_macintosh_operating_system_displaying_a_high_contrast_image_of_the_moon_with_apollo_landing_sites_marked_overlaid_by_a_window_titled_apollo_17_mission_summary.png,Screenshot - Black And White Macintosh Screenshot Showing Moon And Apollo Mission Summary.png,
black_and_white_sketch_of_a_mechanical_object_an_anime_girl_and_a_featureless_head.png,"Illustration - Black and White Sketches of Mechanical Object, Anime Girl, Featureless Head.png",
black_and_white_sketch_of_a_short_haired_character_in_a_military_uniform_laughing_while_covering_their_mouth.jpeg,Illustration - Black and White Sketch of Laughing Character in Military Uniform.jpeg,
black_and_white_sketch_of_a_vast_ornate_architectural_interior_featuring_large_columns_multiple_arches_steps_and_decorative_urns.jpeg,Illustration - Black and White Sketch of Ornate Architectural Interior with Figures.jpeg,
black_and_white_sketch_of_two_stylized_female_figures_with_aggressive_expressions.png,Illustration - Black and White Sketch of Two Stylized Female Figures.png,
black_and_white_stick_figure_drawing_comparing_the_artistic_ceiling_of_photography_to_drawing_painting_and_writing_using_two_staircases.png,Image - Stick Figures Comparing Artistic Ceilings of Photography Versus Other Arts.png,
black_and_white_stipple_drawing_of_a_draped_figure_with_qr_code_and_two_portraits.jpeg,"Illustration - Black and White Stipple Drawing of Draped Figure, QR Code, Two Portraits.jpeg",
black_and_white_stipple_drawing_of_a_man_in_profile_with_headband.png,Illustration - Black and White Stipple Drawing of Jimi Hendrix in Profile by Denis.png,
black_and_white_stippled_portrait_of_a_man.jpeg,Image - Black And White Stippled Portrait Of A Man.jpeg,
black_and_white_stippled_rendering_of_overlapping_spheres.jpeg,Screenshot - Screenshot of SunOS Desktop with Overlapping Stippled Spheres.jpeg,
black_and_white_symmetrical_geometric_design_composed_of_radiating_lines_forming_six_curved_petal_shapes.jpeg,Illustration - Black and White Symmetrical Geometric Design with Radiating Lines.jpeg,
black_and_white_visualization_of_curved_lines_in_a_3d_coordinate_system.jpeg,Diagram - Black And White Visualization Of Curved Lines In 3D.jpeg,
black_and_white_woodblock_print_of_a_lungta_wind_horse_surrounded_by_tibetan_text.jpeg,Illustration - Black and White Woodblock Print of a Lungta Wind Horse Prayer Flag.jpeg,
black_baseball_cap_with_white_embroidered_text_reading_ever_since_i_was_a_small_child_i_knew_i_wanted_to_be_indoors_on_the_computer.png,Photograph - Black Baseball Cap With White Embroidered Text.png,
black_cat_in_the_garden_by_erin_hanson_2022.jpeg,Cat in the Garden by Anastasia Trusova (2024).jpeg,
black_cube_on_piranesi_by_lino_fiorito_2013.jpeg,Illustration - Black Cube Superimposed on an Old Architectural Engraving of Ruins.jpeg,
black_ink_diagram_of_overlapping_outlines_stippling_and_arrows_on_white_background.jpg,"Diagram - Black Ink Diagram of Overlapping Outlines, Stippling, and Arrows.jpg",
black_ink_drawing_of_intersecting_lines_arrows_and_abstract_symbols_on_a_light_background.jpeg,"Illustration - Abstract Black Ink Drawing with Lines, Arrows, and Symbols.jpeg",
black_ink_line_drawing_of_a_seated_woman_resting_her_head_on_her_hand.jpeg,Illustration - Black Ink Line Drawing of Seated Woman Resting Head on Hand.jpeg,
black_ink_scribble_drawing_of_a_figure_with_a_halo_of_connected_faces_2022.jpeg,Circular Reasoning by Adam Riches (2022).jpeg,
black_ink_sketchbook_page_with_24_panels_of_landscapes_and_figures_2024.jpg,Illustration - Sketchbook Page with 24 Black Ink Landscape and Figure Studies.jpg,
black_line_drawing_of_a_stylized_profile_head_on_a_beige_beam.jpeg,Illustration - Black Line Drawing of Stylized Profile Head on Beige Beam.jpeg,
black_line_drawing_of_a_wireframe_figure_eight_torus_on_a_grid.jpeg,Illustration - Black Line Drawing of Wireframe Figure-Eight Torus on Grid.jpeg,
black_line_drawing_of_four_figures_in_classical_robes_dancing_in_a_circle_on_a_circular_pink_fabric_patch.jpeg,Illustration - Black Line Drawing of Four Figures Dancing on Pink Fabric.jpeg,
black_line_sketch_of_a_stylized_feline_on_brown_paper.jpeg,Illustration - Black Line Sketch of Stylized Feline on Brown Paper.jpeg,
black_modern_arabic_calligraphy_on_beige_background.jpeg,Illustration - Modern Black Arabic Calligraphy on Beige Background.jpeg,
black_scribble_drawing_suggesting_a_face_on_white_paper.png,Illustration - Black Scribble Drawing Suggesting a Face on White Paper.png,
black_silhouette_of_a_crouching_figure_with_white_spots_on_back.jpeg,Illustration - Black Silhouette of Crouching Figure with White Spots on Back.jpeg,
black_silhouette_of_a_figure_in_a_hat_and_long_coat_with_red_eyes.jpg,Illustration - Black Silhouette of Figure in Hat and Coat with Red Eyes.jpg,
black_symbol_resembling_aphex_twin_logo_painted_inside_concrete_drainage_culvert.jpeg,Photograph - Concrete Drainage Culvert With Black Symbol And Water.jpeg,
black_textile_hanging_with_white_geometric_thread_lines.jpeg,Illustration - Black Textile Hanging with White Geometric Thread Lines.jpeg,
black_thread_embroidery_of_a_fantasy_map_on_white_fabric.jpeg,Illustration - Black Thread Embroidery of a Fantasy Map on White Fabric.jpeg,
black_yard_sign_with_rainbow_text_quoting_spinoza_and_reich_on_servitude.jpeg,Photograph - Black Yard Sign With Rainbow Text Quoting Spinoza And Reich.jpeg,
blau_stadtbad_mitte_james_simon_by_clare_brokens_2013.jpg,BLAU @ Stadtbad Mitte James Simon by Clare Brokens (2013).jpg,
block_13_by_josan_gonzalez_2017.jpg,Illustration - Detailed Isometric Cyberpunk City Street Scene.jpg,
blossom_by_clea_2023.jpg,Document - Artbook Spread Featuring Multiple Digital Illustrations Of Women In Various Settings.jpg,
blue_and_yellow_grid_poster_featuring_repeating_pixelated_face_and_text_chet_faker.jpeg,Illustration - Blue And Yellow Grid Poster For Chet Faker DJ Sets.jpeg,
blue_ballpoint_pen_drawing_of_a_woman_s_portrait_with_braided_hair.jpg,Illustration - Blue Ballpoint Pen Drawing of a Woman's Portrait with Braided Hair.jpg,
blue_bay_sf_by_timothy_mulligan_2018.jpeg,"Illustration - Stylized Landscape Painting of Bay, Beach, Trees, and Mountains.jpeg",
blue_ceramic_vase_with_polychrome_enamel_decoration_of_birds_and_flowers.jpeg,Photograph - Blue Ceramic Vase With Polychrome Enamel Decoration Of Birds And Flowers.jpeg,
blue_ink_cursive_handwriting_on_gridded_paper.jpeg,Document - Blue Ink Cursive Handwriting On Gridded Paper.jpeg,
blue_line_drawing_print_of_an_overlapping_nude_female_figure.jpg,Illustration - Blue Line Drawing of Overlapping Female Figure by Cagle.jpg,
blurred_landscape_with_golden_grass_and_pale_foggy_sky.png,Illustration - Blurred Landscape With Golden Grass And Pale Foggy Sky.png,
blurry_color_photograph_of_the_back_of_a_head_with_hair_bun_displayed_in_a_slide_mount.jpeg,Photograph - Blurry Color Photograph of Hair Bun in Slide Mount.jpeg,
blurry_photograph_of_a_yellow_lily_like_flower_with_horizontal_streaks.jpeg,Photograph - Blurry Yellow Lily-Like Flower With Horizontal Streaks.jpeg,
bo_bartlett_homecoming_2004.jpg,The American by Bo Bartlett (2016).jpg,
body_prison_by_gigi_2021.jpg,Illustration - Black and White Stippled Illustration of Crying Figure with Symbols.jpg,
body_study_by_jiaxuan_zhou_2024.jpeg,Illustration - Abstract Woven Textile with Colorful Organic Shapes.jpeg,
bone_flower_by_shepard_fairey_2007.jpeg,Illustration - Black and White Bone-like Forms Radiating on Green Background.jpeg,
book_cover_for_karl_marx_on_religion_with_geometric_black_and_red_typography_and_a_portrait_of_marx.jpeg,Document - Karl Marx On Religion.jpeg,
book_cover_illustration_featuring_stylized_hippies_and_a_parrot_against_a_dark_background.jpeg,Illustration - Stylized Illustration of Hippies and a Parrot on Book Cover.jpeg,
bracelet_with_enamel_charms_depicting_technology_logos_worn_on_a_person_s_wrist.jpg,Photograph - Person's Wrist Wearing Bracelet With Technology Logo Charms.jpg,
breakfast_by_tineke_ten_cate_2019.jpg,Cut 2 by Hideo Tanaka (2017).jpg,
bronze_statue_of_a_standing_buddhist_figure_holding_a_staff_on_a_lotus_pedestal.jpeg,Illustration - Bronze Statue of Standing Buddhist Figure Holding Staff on Pedestal.jpeg,
brown_ink_and_wash_study_sheet_of_draped_figures_and_architectural_sketches.jpeg,Illustration - Brown Ink and Wash Study of Draped Figures and Architecture.jpeg,
brutalist_silence_co_working_office_interiors_annabell_kutucu_berlin_dezeen_hero_1_jpg.jpg,Photograph - Brutalist Silence Co-working Space by Claus Brechenmacher & Reiner Baumann Photography.jpg,
burberry_website_png.png,Illustration - Stylized Figures and Teddy Bear in Plaid Patterns.png,
burnett30x24_2_jpeg.jpeg,Illustration - Grayscale Portrait of a Smiling Person with Disheveled Hair by Stefan Burnett.jpeg,
by_mocha_2017.jpg,Illustration - Anime Girl in Red Coat Holding Red Object by Window.jpg,
byzantine_style_icon_of_the_virgin_mary_in_a_red_veil_with_gold_leaf_background.jpeg,Illustration - Byzantine Style Icon of Virgin Mary in Red Veil.jpeg,
c750e19a_3d03_4728_b71b68bbd753cdad_source_jpg_webp.webp,Unknown Pleasures by Peter Saville (1979).webp,
cairo_by_andreas_gursky_2007.jpeg,Photograph - Aerial View of Densely Packed Buildings in Cairo's Garbage City.jpeg,
cake_by_bess_duke_2021.jpeg,"Illustration - Woman At Table With Cake, Fruit, And Roses.jpeg",
calabi_yau_png.png,Illustration - Abstract 3D Calabi-Yau Manifold Visualization with Gradient Colors.png,
candid_photograph_of_an_elderly_woman_sitting_on_a_bench_with_reflections_in_glass.jpeg,Photograph - Elderly Woman Sitting on Bench with Reflections in Glass.jpeg,
cant_see_cant_speak_jpg.jpg,Illustration - Surreal Collage of Masked and Headless Women by Water.jpg,
caravaggio_saint_jerome_writing_16051606.jpg,Saint Jerome Writing by Caravaggio (1605-1606).jpg,
carpe_diem_by_pez_2019.jpg,"Illustration - Smiling Woman in Polluted Water, Truck Dumping Waste.jpg",
cartoon_drawing_of_a_man_sitting_on_a_crate_in_a_trash_filled_urban_landscape_with_the_caption_i_just_kinda_go_with_the_flow.jpg,Comic - Cartoon Man Sits on Crate in Trash-Filled Urban Landscape by Robert Crumb.jpg,
cartoon_drawing_of_an_anthropomorphic_sega_dreamcast_on_a_table_with_speech_bubbles.jpg,Comic - Cartoon Dreamcast Console With Speech Bubbles On Table.jpg,
cartoon_of_a_man_holding_a_briefcase_of_artwork_looking_at_a_banana_taped_to_a_wall_by_mike_harris.jpeg,Illustration - Man with Art Briefcase Contemplates Taped Banana on Wall by Mike Harris.jpeg,
cartoon_of_a_person_holding_a_canvas_illustrating_the_concept_your_best_work_is_not_here_brain_and_your_best_work_will_always_be_here_canvas_by_dabspunk.jpeg,"Illustration - Cartoon of Person Holding Canvas, Brain and Canvas Labeled by Dabspunk.jpeg",
castor_bean_by_jonas_wood_2019.jpeg,Illustration - Painting of Large Green and Reddish Leaves with Patterned Background.jpeg,
ceramic_sculpture_of_a_corpulent_nude_figure_sitting_and_holding_a_small_pot_and_dark_object.jpeg,"Illustration - Corpulent Nude Figure Sitting, Holding Pot and Dark Object.jpeg",
ceramic_sculpture_of_an_infant_s_head_and_torso_with_honeycomb_texture.jpeg,Illustration - Ceramic Sculpture of Infant's Head and Honeycomb Torso.jpeg,
ch04_image04_medium_res_jpg.jpg,"Illustration - Distressed Soldier Lying in Trench, Eyes Wide Open by Otto Dix.jpg",
chaotic_cartoon_drawing_with_yellow_figure_blue_figure_and_red_nose.jpeg,"Illustration - Chaotic Colorful Drawing with Yellow Figure, Blue Figure, and Red Nose.jpeg",
charcoal_and_pastel_drawing_of_a_young_woman_in_a_light_dress.jpeg,Illustration - Charcoal and Pastel Drawing of a Young Woman.jpeg,
charcoal_and_pastel_drawing_of_three_football_players.jpeg,Illustration - Charcoal and Pastel Drawing of Three Football Players.jpeg,
charcoal_and_pencil_studies_of_multiple_figures_in_dynamic_poses_on_toned_paper.jpeg,Photograph - Photograph of Multiple Figure Studies Pinned to a Board.jpeg,
charcoal_drawing_of_a_standing_male_figure_draped_in_cloth.png,Illustration - Charcoal Drawing of Standing Male Figure Draped in Cloth by Anatoly Ryzhkin.png,
charcoal_drawing_of_a_standing_male_nude_figure_viewed_from_the_back_with_the_right_arm_raised.jpg,Illustration - Charcoal Drawing of Standing Male Nude Figure From Back.jpg,
charcoal_drawing_of_a_woman_lying_down_by_theophile_alexandre_steinlen.jpeg,Illustration - Charcoal Drawing of a Reclining Woman by Théophile-Alexandre Steinlen.jpeg,
charcoal_portraits_of_an_elderly_man_and_an_elderly_woman.jpg,Illustration - Charcoal Portraits of an Elderly Man and Woman.jpg,
child_s_drawing_on_a_worksheet_titled_my_hero_depicting_a_dark_skull_like_portrait_of_a_figure_in_a_pink_shirt.jpg,Illustration - Child's Drawing of Skull-like Figure in Pink Shirt.jpg,
chinese_cabinet_jpg.jpg,Photograph - Two Dark Wood Display Cabinets with Geometric Shelves.jpg,
chinese_ink_and_color_painting_of_red_and_yellow_peonies_with_bees.jpeg,Illustration - Chinese Ink Painting of Red and Yellow Peonies with Bees.jpeg,
chinese_ink_painting_diptych_of_shrimp_and_flowers_left_and_lotus_and_frogs_right_by_qi_baishi.jpeg,"Illustration - Chinese Ink Painting Diptych of Shrimp, Flowers, Lotus, and Frogs.jpeg",
chinesemedecine_jpg.jpg,Diagram - Historical Chinese Acupuncture Meridian Diagram.jpg,
chip_jpg.jpg,Photograph - Close-Up View of a Colorful Microchip Die.jpg,
christ_the_good_shepherd_by_kelly_latimore_2018.jpeg,Illustration - Stylized Figure Holding Lamb with Another Sheep in Field.jpeg,
christmas_lights_london_by_jeffrey_t_larson_2018.jpg,Illustration - City Street At Dusk With Festive Lights And Pedestrians.jpg,
chrome_framed_stand_holding_an_open_laptop.jpeg,Screenshot - Screenshot of Marketplace Listing for a Laptop on a Chrome Stand.jpeg,
churchill_27s_bunker_webp.webp,Screenshot - MI6 Underground Headquarters in a Large Arched Space.webp,
circular_icon_depicting_the_nativity_scene_in_red_and_blue.jpeg,Nativity by Kost' Markovych.jpeg,
circular_icon_of_the_virgin_mary_sheltering_figures_pokrov.jpeg,Protection of the Theotokos.jpeg,
circular_islamic_geometric_and_arabesque_tile_mosaic_on_a_background_of_turquoise_hexagonal_tiles.jpeg,Photograph - Circular Islamic Geometric and Arabesque Tile Mosaic.jpeg,
civilian_by_dana_schutz_2012.jpg,Illustration - Five Men in Blue Uniforms on Red Background by Leon Golub.jpg,
clarksburg_by_miles_hermann_2023.jpeg,Illustration - Colorful Landscape Painting of Water Reflecting Trees and Building.jpeg,
clipping_1_by_jonas_wood_2017.jpeg,Illustration - Abstract Collage with Blue Halftone Flowers and Pink Painted Roses.jpeg,
clive_head_washing_2002.png,Illustration - Man Washing Hands in Sepia-Toned Bathroom.png,
close_up_digital_illustration_of_a_woman_wiping_her_face_with_a_tissue_by_avogado6_2020.jpeg,Illustration - Close-Up Digital Illustration of Woman Wiping Face With Tissue by avogado6.jpeg,
close_up_of_knitted_sweater_with_repeating_red_horizontal_figure_pattern.jpeg,Photograph - Close-Up of Red and White Knitted Sweater with Stylized Figures.jpeg,
close_up_photograph_of_a_dirty_eyeglass_lens.jpg,Photograph - Close-Up Of A Dirty Eyeglass Lens With Smudges.jpg,
close_up_photograph_of_a_golden_stalk_of_grain_against_a_dual_toned_background.jpeg,Photograph - Close-Up Of Golden Grain Stalk Against Dual-Toned Background.jpeg,
close_up_photograph_of_a_human_eye_showing_severe_conjunctival_injection.jpg,Photograph - Close-Up Of Human Eye With Severe Conjunctival Injection.jpg,
close_up_photograph_of_a_white_cat_with_spiked_fur.jpeg,Image - Grumpy White Cat With Spiky Hair.jpeg,
close_up_photograph_of_orange_pleated_fabric_texture.jpeg,Photograph - Close-Up Of Orange Pleated Fabric Texture.jpeg,
clouds2_jpg.jpg,Photograph - Black And White Landscape With Sun Rays Over Cracked Earth.jpg,
co2_artbookdigitalcomplete_png.png,Illustration - Abstract Yellow Humanoid Figure With Fringed Arms And Text.png,
coastal_sunset_by_samantha_buller.jpeg,"Illustration - Vibrant Sunset Over Road, Houses, and Palm Trees.jpeg",
coll_king_of_the_khybor_rifles_jpg.jpg,Illustration - The Blackest Spot in Christendom by Joseph Clement Coll.jpg,
coll_story_illustration_jpg.jpg,"Illustration - Smiling Woman in Large Hat, Pen and Ink Illustration by Joseph Clement Coll.jpg",
collage_of_advertisements_for_portable_electronic_devices.jpg,Illustration - Collage of Advertisements for Portable Electronic Devices.jpg,
collage_of_electronic_schematics_and_text_overlaid_with_a_blue_sky_image.jpg,"Illustration - Collage of Electronic Schematics, Text, and Blue Sky.jpg",
collage_of_historical_and_modern_black_and_white_engravings_and_diagrams_illustrating_optical_drawing_aids_like_the_camera_obscura_and_camera_lucida_interspersed_with_text_reading_camera_lucida_reinvented.jpg,Illustration - Collage of historical and modern optical drawing aid illustrations.jpg,
color_illustration_for_king_of_the_opium_ring_featuring_a_woman_lying_down_and_men_struggling.jpeg,Illustration - Illustration of a Woman Lying Down With Men Struggling Around Her.jpeg,
color_illustration_of_a_colossal_seated_statue_of_zeus_in_a_temple.jpg,Illustration - Statue of Zeus at Olympia.jpg,
color_photograph_collage_of_a_red_car_and_motorcycle_facing_a_massive_volcanic_ash_cloud.jpg,Photograph - Red Car and Motorcycle Facing Mount St. Helens Eruption by Richard Lasher.jpg,
color_photograph_of_a_woman_in_a_black_veil_holding_a_small_fish_to_her_neck.jpg,Photograph - Woman in Black Veil Holding Small Fish to Neck.jpg,
color_photograph_of_a_woman_using_a_conceptual_computer_system_against_a_black_background.jpeg,Photograph - Woman Using Conceptual Apple Computer System.jpeg,
color_photograph_of_several_japanese_individuals_in_white_and_black_uniforms_with_text_and_helmets_standing_outdoors_at_night.jpg,Photograph - Japanese Individuals in Uniforms and Helmets at Night.jpg,
color_photograph_of_two_men_standing_outdoors_among_autumn_leaves.png,Photograph - Kurt Cobain and William S. Burroughs by Robert E. Jackson.png,
color_print_of_a_pink_and_red_rose_on_a_trade_card_fleurs_serie_xiv_no_1.jpg,Illustration - Pink and Red Rose on a Trade Card.jpg,
color_print_of_a_wooded_riverbank_with_a_small_house.jpeg,Illustration - Color Print Of Wooded Riverbank With House And Dock.jpeg,
colored_pencil_drawing_of_an_anime_character_in_a_blue_military_uniform_with_gold_epaulets.jpeg,Illustration - Anime-style Drawing of George Washington in Blue Military Uniform.jpeg,
colored_pencil_drawing_of_six_stylized_female_characters_having_a_gathering.jpg,Illustration - Colored Pencil Drawing of Six Stylized Female Characters Gathering.jpg,
colored_print_depicting_three_red_skinned_female_deities_the_central_one_headless_standing_on_a_reclining_figure_all_holding_swords_and_wearing_garlands_of_severed_heads.jpg,Chhinnamasta.jpg,
colorful_drawing_of_abstract_and_cartoon_figures_in_yellow_blue_and_red.jpeg,"Illustration - Colorful Abstract and Cartoon Figures in Yellow, Blue, and Red.jpeg",
colorful_expressionist_portrait_of_a_figure_in_a_large_white_headdress.jpeg,Illustration - Colorful Expressionist Portrait of Figure in White Headdress.jpeg,
colorful_ink_and_marker_drawing_of_chaotic_cartoon_figures_including_a_large_yellow_figure_with_a_red_nose_a_blue_and_white_figure_and_red_conical_hats_surrounded_by_yellow_and_red_flames_smoke.jpeg,"Illustration - Colorful Chaotic Cartoon Figures with Yellow, Blue, Red Elements.jpeg",
colorful_thangka_style_depiction_of_a_seated_buddha_figure_on_a_lotus_throne_with_tibetan_script.jpeg,Illustration - Colorful Thangka-Style Painting of Seated Buddha on Lotus Throne with Script.jpeg,
colorized_photograph_of_a_grand_library_interior_with_spiral_staircase_and_checkered_floor.jpg,"Photograph - Old Main Library, Cincinnati.jpg",
comic_illustration_of_a_green_character_jumping_over_a_broken_skateboard.png,"Illustration - Green Character Jumping Over Broken Skateboard, Saying 'Oh-Sh*t' by Dan Hipp.png",
comic_panel_depicting_an_older_man_shouting_at_a_student_about_drawing_for_only_7_hours.jpg,Comic - Older Man Shouting At Student About Drawing Hours.jpg,
comic_panel_featuring_a_sepia_toned_portrait_of_a_young_man_smiling_with_a_speech_bubble_reading_don_t_answer_that_a_rhetorical_question.png,Comic - Sepia-Toned Comic Panel of Smiling Man with Speech Bubble.png,
comic_panel_of_a_man_in_shadow_with_a_speech_bubble_saying_the_man_needs_to_talk_to_you.jpg,"Comic - Man in Shadow, Another Man by Car, Speech Bubble.jpg",
comic_panel_of_a_person_looking_at_a_cityscape_with_the_text_what_a_stupid_time_to_be_alive.jpg,Comic - Person Looking Out Window at Cityscape with Speech Bubble.jpg,
comic_strip_parody_of_calvin_and_hobbes_featuring_adult_characters_and_a_rabbit.jpeg,Comic - Adult Calvin and Hobbes Parody Comic Strip with Rabbit.jpeg,
compilation_of_two_vaporwave_digital_artworks_featuring_wikipedia_themes_and_a_checkerboard_background.jpeg,Illustration - Two Vaporwave Digital Artworks Featuring Wikipedia Themes And Checkerboard Background.jpeg,
complex_black_and_white_abstract_composition_featuring_geometric_and_organic_patterns_displayed_in_the_microsoft_paint_application_window.jpeg,Screenshot - Complex Black And White Abstract Art In Microsoft Paint.jpeg,
complex_geometric_line_drawing_of_a_polytope_structure.jpeg,Diagram - Complex Geometric Line Drawing of a Radial Polytope Structure.jpeg,
complex_grayscale_digital_drawing_featuring_abstract_mechanical_and_architectural_elements_displayed_in_the_ms_paint_application.jpeg,Screenshot - Complex Grayscale Abstract Digital Drawing Displayed in MS Paint.jpeg,
composite_image_featuring_a_photograph_of_a_smiling_woman_sitting_with_her_feet_up_in_an_office_above_sketches_of_early_computer_icons_on_graph_paper.jpg,Image - Smiling Woman With Feet Up Above Computer Icon Sketches by Susan Kare.jpg,
composite_image_of_three_interior_scenes_including_a_dark_gallery_a_white_office_lounge_and_a_white_suited_figure_standing_in_a_brightly_lit_white_room.jpg,"Photograph - Composite of Studio Interiors, Gallery, Lounge, and Ludens Mascot. by Kojima Productions.jpg",
conceptual_design_for_a_100_dinara_banknote_featuring_a_sketch_of_a_brown_bear.jpeg,Document - Conceptual Design for Serbian 100 Dinar Banknote with Bear Sketch.jpeg,
concerning_by_rob_israel.jpeg,Illustration - Black and White Line Drawing of Elon Musk with 'Concerning!' Text by Rob Israel.jpeg,
concrete_interior_room_with_skylight_modular_seating_and_large_window_view_of_pine_trees_and_water.jpg,Photograph - Minimalist Concrete Interior with Skylight and Scenic Window View by Claus Brechenmacher & Reiner Baumann.jpg,
contemporary_visual_reference_by_unknown_artist_unknown_year_068.jpeg,Illustration - Pixelated Painting of Blonde Woman in Red Top by Gao Hang.jpeg,
contemporary_visual_reference_by_unknown_artist_unknown_year_069.jpeg,Illustration - Low-Poly Torso Against Hot Pink Background by Gao Hang.jpeg,
contemporary_visual_reference_by_unknown_artist_unknown_year_070.jpeg,Illustration - Man Sits Barefoot on Stool Against Pink Background with Digital Elements by Gao Hang.jpeg,
contemporary_visual_reference_by_unknown_artist_unknown_year_071.jpeg,Illustration - Low-Polygon Translucent Skull Rendered Against a Blue Background.jpeg,
contemporary_visual_reference_by_unknown_artist_unknown_year_072.jpeg,Illustration - Ink and Marker Sketch of a Busy Restaurant Interior.jpeg,
contemporary_visual_reference_by_unknown_artist_unknown_year_073.jpeg,Photograph - Sunlight Casting Lace Curtain Shadow on Wooden Wall.jpeg,
contemporary_visual_reference_by_unknown_artist_unknown_year_074.jpeg,Picasso vs Sargent by Norman Rockwell (1966).jpeg,
contemporary_visual_reference_by_unknown_artist_unknown_year_075.jpeg,Illustration - Sketch of a Cafe Interior with Two Figures by a Window.jpeg,
contemporary_visual_reference_by_unknown_artist_unknown_year_077.jpeg,Illustration - Cartoon Figures With Geometric Shapes Illustrating Different Body Types.jpeg,
contemporary_visual_reference_by_unknown_artist_unknown_year_078.jpeg,Photograph - Deer Standing in a Subway Tunnel with Japanese Signs.jpeg,
contemporary_visual_reference_by_unknown_artist_unknown_year_079.jpeg,Photograph - Group Photo of Yellow Magic Orchestra and Friends.jpeg,
contemporary_visual_reference_by_unknown_artist_unknown_year_080.png,Illustration - Black and White Sketch of Armored Figure with Sword.png,
contemporary_visual_reference_by_unknown_artist_unknown_year_081.png,Illustration - Abstract Black And White Brushstroke Figure Holding A Weapon.png,
contemporary_visual_reference_by_unknown_artist_unknown_year_082.png,Illustration - Sketch Of A Pilot In A Detailed Cockpit.png,
contemporary_visual_reference_by_unknown_artist_unknown_year_083.png,Mg Rex Sketch 1 by Yoji Shinkawa.png,
contemporary_visual_reference_by_unknown_artist_unknown_year_084.jpeg,Illustration - Abstract Digital Art with Blue Numbers and Red Textured Patterns.jpeg,
contemporary_visual_reference_by_unknown_artist_unknown_year_085.jpeg,Illustration - Fingerprint Pattern Made of Red Lines and Blue Numbers.jpeg,
contemporary_visual_reference_by_unknown_artist_unknown_year_086.jpeg,Illustration - Abstract Grid of Red Squares Over Binary Numbers and Blue Contours.jpeg,
contemporary_visual_reference_by_unknown_artist_unknown_year_087.jpeg,Illustration - Stylized Illustration of Man in Lab Coat and Sunglasses by Yoji Shinkawa.jpeg,
contemporary_visual_reference_by_unknown_artist_unknown_year_088.jpeg,Illustration - Concept Art of Fragile from Death Stranding 2 by Yoji Shinkawa.jpeg,
contemporary_visual_reference_by_unknown_artist_unknown_year_089.jpeg,Illustration - Red Armored Character Crouching with Glowing Sword by Yoji Shinkawa.jpeg,
contemporary_visual_reference_by_unknown_artist_unknown_year_090.jpeg,Illustration - Stylized Character Art for Death Stranding 2: On the Beach by Yoji Shinkawa.jpeg,
contemporary_visual_reference_by_unknown_artist_unknown_year_091.jpeg,Image - Nintendo 3DS with 'KONY 2012' written in white powder on a lap.jpeg,
contemporary_visual_reference_by_unknown_artist_unknown_year_092.jpeg,一张练习 by DannyLaiLai (2022).jpeg,
contemporary_visual_reference_by_unknown_artist_unknown_year_093.jpeg,Illustration - Abstract Ink Drawing of a Jazz Drummer by David Stone Martin.jpeg,
contemporary_visual_reference_by_unknown_artist_unknown_year_094.jpeg,Flower Block by Luca Ricci (2020).jpeg,
contemporary_visual_reference_by_unknown_artist_unknown_year_095.jpeg,Illustration - Red and White Flowers Inside Ribbed Clear Display Case.jpeg,
contemporary_visual_reference_by_unknown_artist_unknown_year_096.jpeg,Illustration - Two Clear Rectangular Boxes with Red Flowers Inside by Luca Ricci.jpeg,
contemporary_visual_reference_by_unknown_artist_unknown_year_097.jpeg,Illustration - Cartoon Girl Kneeling on Tennis Court with Racket by Hanna K.jpeg,
contemporary_visual_reference_by_unknown_artist_unknown_year_098.jpeg,Siren by Leopold Schmutzler.jpeg,
contemporary_visual_reference_by_unknown_artist_unknown_year_099.jpeg,Mother and Child by Egon Schiele (1912).jpeg,
contemporary_visual_reference_by_unknown_artist_unknown_year_100.png,Screenshot - Blue Overlay Box with Stats on Corrupted Text.png,
contemporary_visual_reference_by_unknown_artist_unknown_year_101.jpeg,Illustration - Colorful Still Life Sketch of Bottles and Glasses.jpeg,
contemporary_visual_reference_by_unknown_artist_unknown_year_102.jpeg,"Photograph - Minimalist Studio Setup with Concrete Blocks, Computer, Turntable, Books.jpeg",
contemporary_visual_reference_by_unknown_artist_unknown_year_103.jpeg,Photograph - iMac Computer on Rock at Beach with Clear Chair.jpeg,
contemporary_visual_reference_by_unknown_artist_unknown_year_104.jpeg,Photograph - Rainy Tokyo Street at Night with Neon Signs by Greg Girard.jpeg,
contemporary_visual_reference_by_unknown_artist_unknown_year_105.jpeg,"Photograph - Densely Packed Apartment Buildings With Bamboo Scaffolding, Looking Up.jpeg",
contemporary_visual_reference_by_unknown_artist_unknown_year_106.png,Illustration - Pixel Art Illustration of a Street Scene with Houses and Gas Sign.png,
contemporary_visual_reference_by_unknown_artist_unknown_year_107.png,Illustration - Pixel Art Cityscape with St. Jerome Hospital by D.P.png,
contemporary_visual_reference_by_unknown_artist_unknown_year_108.png,Illustration - Pixel Art House with Bare Tree and Red Door.png,
contemporary_visual_reference_by_unknown_artist_unknown_year_109.jpeg,Photograph - Downtown Los Angeles Skyline at Dusk with Freeway Light Trails.jpeg,
contemporary_visual_reference_by_unknown_artist_unknown_year_110.jpeg,Screenshot - Mac OS X 10.0 Cheetah Interface by Apple Inc.jpeg,
contemporary_visual_reference_by_unknown_artist_unknown_year_111.jpeg,Photograph - White Apple iMac G4 Computer on White Background.jpeg,
contemporary_visual_reference_by_unknown_artist_unknown_year_112.jpeg,Illustration - City Street with Los Angeles City Hall and Futuristic Skyscraper.jpeg,
contemporary_visual_reference_by_unknown_artist_unknown_year_113.jpeg,Illustration - Futuristic Landscape with Sleek Vehicles and Figures.jpeg,
continuous_line_drawing_of_a_human_spine_and_ribcage_2023.jpeg,Illustration - Continuous Line Drawing of Human Spine and Ribcage.jpeg,
continuous_line_drawing_of_a_woman_s_portrait.jpeg,Illustration - Continuous Line Drawing of a Woman's Portrait.jpeg,
continuous_line_drawing_of_flowers_2023.jpeg,Illustration - Continuous Line Drawing of Three Flowers.jpeg,
continuous_line_drawing_of_organic_forms_2023.jpeg,Illustration - Continuous Line Drawing of Abstract Organic Forms on Paper.jpeg,
coyote_jpg.jpg,Illustration - Document with Text and Grid of Black and White Photographs of a Coyote.jpg,
crayon_drawing_of_a_figure_pointing_a_gun_at_another_figure_on_a_street.jpeg,Illustration - Crayon Drawing of Figure Pointing Gun at Another Figure.jpeg,
crayon_drawing_of_two_stylized_figures_on_a_street_one_aiming_a_gun_at_the_other_against_a_blue_background.jpg,"Illustration - Crayon Drawing of Two Stylized Figures, One Aiming Gun.jpg",
crazy_taxi_2_dreamcast_box_art_2001.jpg,Illustration - Crazy Taxi 2.jpg,
cross_stitch_embroidery_of_three_rabbits_and_a_butterfly.jpeg,Illustration - Cross-stitch Embroidery of Three Rabbits and a Butterfly.jpeg,
crumpled_metallic_drawstring_bag_with_balenciaga_logo_and_silver_chain.jpeg,Photograph - Crumpled Metallic Balenciaga Drawstring Bag with Silver Chain.jpeg,
curved_sculpture_detail_covered_in_iridescent_square_tiles.jpeg,Illustration - Curved Sculpture Covered In Iridescent Square Tiles.jpeg,
cy_twombly_roman_note_2003.png,"Illustration - Abstract Painting With Dark Red And Brown Brushstrokes, White Drips.png",
cy_twombly_untitled_abstract_painting_with_black_yellow_and_white_drips_2002.jpg,"Illustration - Abstract Painting with Black, Yellow, and White Drips by Cy Twombly.jpg",
daffodils_2_by_jane_trueblood_2019.jpeg,Illustration - Yellow Daffodils with Dark Stems Against Light Blue Background.jpeg,
daisy_by_tschabalala_self_2023.jpeg,"Illustration - Person Holding Daisy, Wearing Tank Top and Sneakers.jpeg",
dance_of_the_forest_ka_by_frank_balaam.jpeg,Illustration - Vibrant Abstract Trees with Colorful Foliage.jpeg,
danny_masterson_and_defense_attorney_viewing_video_evidence_by_jane_rosenberg_2023.jpeg,Illustration - Courtroom Sketch of Two Men Viewing Video Evidence.jpeg,
danny_rodriguez_selfie_in_coffin_2020.jpg,Illustration - Person's Hand Holding Phone Taking Selfie in Open Coffin.jpg,
dante_quartet_png.png,The Dante Quartet by Stan Brakhage (1987).png,
dark_green_line_drawing_of_an_abstract_figure_on_a_lime_green_background.jpg,Illustration - Abstract Dark Green Line Drawing on Lime Green Background.jpg,
dark_metallic_crinkled_drawstring_bag_with_chain_strap_hanging_on_a_gray_wall.jpeg,Photograph - Dark Metallic Crinkled Balenciaga Drawstring Bag With Chain Strap.jpeg,
decorative_panel_with_tree_birds_and_deer_on_black_background.jpeg,"Image - Decorative Journal Cover with Tree, Birds, and Deer.jpeg",
deep_fried_image_of_a_bed_with_a_loose_fitted_sheet_and_meme_text_overlay.jpeg,Image - Deep-Fried Image of Bed with Loose Fitted Sheet and Meme Text.jpeg,
default_2_jpg.jpg,La Sainte-Chapelle by Camille Pissarro (1901).jpg,
default_3_jpg.jpg,"Two Sisters, Valencia by Joaquín Sorolla (1909).jpg",
default_4_jpg.jpg,Illustration - Cubist Portrait of a Seated Figure in Brown Tones.jpg,
default_5_jpg.jpg,Sunlight by Richard Edward Miller (c. 1913).jpg,
default_jpg.jpg,Illustration - Black and White Graphic Design with Wavy Grid Pattern and Text.jpg,
default_jpg_2.jpg,"Illustration - Abstract Background with Standing and Fallen Bottles, Spilled Liquid by Monika Baer.jpg",
delicate_line_drawing_of_a_figure_reaching_towards_a_flowing_organic_form.jpeg,Illustration - Delicate Line Drawing of Figure Reaching Towards Flowing Organic Form.jpeg,
delightful_by_michael_mikolon.jpeg,Illustration - Portrait of a Woman with Voluminous Dark Hair.jpeg,
delta_envy_by_samantha_buller.jpeg,Illustration - Aerial View Of A Green River Winding Through Fields.jpeg,
desert_bloom_by_alja_horvat_2021.jpeg,Illustration - Abstract Geometric Landscape with Sun and Mountains.jpeg,
desert_house_by_alja_horvat_2021.jpeg,Illustration - Abstract Geometric Desert Landscape with House and Sun.jpeg,
detailed_black_and_white_drawing_of_a_sad_girl_surrounded_by_trash_and_grotesque_debris.png,Illustration - Detailed Black And White Drawing Of Sad Girl Amidst Trash And Debris.png,
detailed_black_and_white_illustration_of_a_girl_drawing_in_a_cluttered_office_by_katsuya_terada.jpg,Illustration - Detailed Black and White Illustration of Girl Drawing in Cluttered Office.jpg,
detailed_black_and_white_line_drawing_depicting_a_surreal_landscape_filled_with_armored_figures_masked_characters_strange_creatures_and_architectural_elements.jpeg,Illustration - Detailed Black and White Surreal Landscape with Figures and Creatures.jpeg,
detailed_black_and_white_panoramic_drawing_of_figures_and_animals_in_a_dense_garden.jpeg,Illustration - Detailed Black and White Panoramic Drawing of Figures and Animals.jpeg,
detailed_cutaway_illustration_of_a_medieval_castle_gatehouse_and_moat.jpg,Illustration - Detailed Cutaway Illustration of a Medieval Castle Gatehouse by Stephen Biesty.jpg,
detailed_ink_and_wash_painting_of_a_panoramic_view_of_a_large_east_asian_city_and_imperial_palace.jpeg,Illustration - Detailed Ink And Wash Painting Of An East Asian City.jpeg,
detailed_ink_drawing_of_a_figure_with_a_pointed_head_surrounded_by_numbers_ships_and_symbols.jpeg,Illustration - Detailed Ink Drawing of Figure with Pointed Head and Symbols.jpeg,
detailed_japanese_style_scroll_painting_of_a_large_temple_complex_and_pilgrimage_scene.jpeg,Illustration - Detailed Japanese-style Scroll Painting of Temple Complex and Pilgrimage Scene.jpeg,
detailed_line_drawing_of_a_mecha_torso_and_clenched_fist_with_partial_lettering.png,"Illustration - Detailed Line Drawing of Mecha Torso, Clenched Fist, and Partial Lettering.png",
detailed_painting_of_butterflies_on_a_flowering_plant_in_a_golden_grass_field.jpeg,Illustration - Butterflies on a Flowering Plant in a Golden Grass Field.jpeg,
detailed_pencil_drawing_of_a_standing_male_figure_in_profile_with_grid_and_annotations_displayed_next_to_multiple_figure_gesture_sketches.jpeg,Photograph - Art Studies Pinned to a Board.jpeg,
detailed_pencil_sketch_depicting_multiple_figures_in_a_chaotic_operating_room_setting.jpg,Illustration - Detailed Pencil Sketch Depicting Multiple Figures in Chaotic Operating Room.jpg,
detailed_sepia_drawing_of_venice_showing_piazza_san_marco_and_ships.jpeg,Illustration - Detailed Sepia Drawing of Venice with Piazza San Marco and Ships.jpeg,
devotional_print_of_a_multi_headed_multi_armed_hindu_deity.jpg,"Illustration - Multi-Headed, Multi-Armed Hindu Deity with Many Faces and Cobra Hoods.jpg",
diagram_illustrating_alice_and_bob_s_nested_models_of_each_other_s_minds_featuring_two_profile_outlines_and_concentric_blue_and_purple_circles.jpeg,Diagram - Diagram Illustrating Alice And Bob's Nested Models Of Each Other's Minds.jpeg,
diagram_illustrating_the_ulmfit_3_step_neural_network_approach_with_accompanying_text_examples.jpg,Diagram - The ULMFiT 3-step approach.jpg,
dianne_mize_whippet_study_contemporary.jpg,Illustration - Oil Painting of a White and Brown Whippet Dog.jpg,
diet_coke_and_pie_by_dennis_vorres.jpeg,Diet Coke by Noah Verrier (2016).jpeg,
digital_abstract_composition_with_fragmented_figures_and_distorted_text.jpeg,Illustration - Abstract Digital Composition with Fragmented Figures and Distorted Text.jpeg,
digital_abstract_image_dominated_by_green_and_blue_with_glitch_texture.jpeg,Illustration - Abstract Digital Image with Green and Blue Glitch Texture.jpeg,
digital_abstract_of_receding_red_and_orange_neon_squares_on_dark_background.jpeg,Illustration - Receding Red And Orange Neon Squares On Dark Background.jpeg,
digital_chart_titled_conflict_in_literature_featuring_characters_from_jimmy_neutron_and_conan_o_brien.jpg,Image - Chart Explaining Literary Conflict with Jimmy Neutron and Conan O'Brien.jpg,
digital_collage_depicting_barack_obama_holding_a_glowing_blue_pill_surrounded_by_drones_skulls_news_logos_surveillance_cameras_and_soldiers_in_hazmat_suits.png,"Illustration - Obama Holding Blue Pill Amidst Drones, Skulls, Media Logos, Soldiers. by David Dees.png",
digital_collage_of_a_fragmented_figure_over_computer_code_and_interface_elements.jpeg,Illustration - Fragmented Digital Figure Over Computer Code and Interface Elements.jpeg,
digital_collage_of_a_grotesque_decomposed_head_on_an_abstract_splatter_background.jpg,Illustration - Grotesque Decomposed Head on Abstract Splatter Background.jpg,
digital_collage_of_a_limousine_carrying_a_boy_s_portrait_in_a_military_parade.jpeg,Image - Digital Collage of Limousine Carrying Boy's Portrait in Military Parade.jpeg,
digital_collage_of_a_man_in_a_dark_coat_looking_up_at_a_wall_of_funko_pop_figures.jpg,Illustration - Man in Dark Coat Gazing at Wall of Funko Pop Figures.jpg,
digital_collage_of_a_multi_armed_hindu_goddess_wearing_a_gas_mask_framed_by_repeating_rifle_and_om_symbol_motifs.jpg,Third World Esoterrorism by TETRAGRAMMACIDE (2019).jpg,
digital_collage_of_a_scene_from_treasure_planet_and_the_british_museum_exterior.jpg,Image - British Museum Meme With Treasure Planet Characters And Text.jpg,
digital_collage_of_an_inscribed_stone_slab_and_a_black_computer_keyboard.jpeg,Image - Rosetta Stone Connected To A Belkin Computer Keyboard.jpeg,
digital_collage_of_three_artists_in_a_car_against_a_swirling_landscape_background.jpg,Image - Digital Collage of Artists in Car with Starry Night Background and Text by Anwir.jpg,
digital_collage_of_various_character_and_landscape_studies.jpeg,Illustration - Digital Collage of Various Character and Landscape Studies.jpeg,
digital_collage_of_vintage_electronics_packaging_and_typography.jpeg,"Illustration - Digital Collage of Vintage Packaging, Electronics, and Graphic Design Elements.jpeg",
digital_comic_strip_of_characters_celebrating_a_birthday_and_cutting_a_capybara_cake.jpeg,Comic - Comic Strip Of Characters Celebrating Birthday With Capybara Cake.jpeg,
digital_composite_of_a_3d_character_model_wearing_sunglasses_and_armor_sitting_on_a_couch_with_a_laptop.jpg,Image - Buff Character in Sunglasses and Armor Typing on Laptop.jpg,
digital_composite_of_a_dog_licking_a_3d_mathematical_wave_plot_with_repeating_text_schlop.jpeg,Image - Dog Licking Colorful 3D Wave Plot With Repeating 'Schlop' Text.jpeg,
digital_composite_of_an_elephant_textured_like_a_strawberry_in_a_field.jpeg,Image - Digital Composite of an Elephant Textured Like a Strawberry in a Field.jpeg,
digital_composite_of_two_anime_characters_standing_before_a_giant_pale_face_in_a_red_sea_under_a_starry_sky.jpeg,Image - Two Anime Characters Before Giant Baby Face in Red Sea.jpeg,
digital_composition_of_two_figures_and_a_large_fire_on_a_grassy_hill_against_a_white_background.jpeg,"Illustration - Digital Composition: Two Figures, Large Fire, Grassy Hill, White Background.jpeg",
digital_death_mask_archive_1.jpeg,Illustration - Fragmented Figures Dissolving Against Blurry Pink and Blue Background.jpeg,
digital_display_of_multiple_personal_photographs_on_a_laptop_screen.jpeg,Photograph - Older Person Looking at Laptop Displaying Family Photos.jpeg,
digital_drawing_of_a_girl_looking_at_a_shrimp_in_an_aquarium_with_text_as_shrimple_as_that.png,Image - Anime Girl Looking At Shrimp In Aquarium With Pun Text.png,
digital_drawing_of_a_light_haired_head_emerging_from_dark_water.jpg,Illustration - Light-Haired Character Emerging From Dark Water With Orange Glow.jpg,
digital_drawing_of_a_woman_combing_her_hair_in_macpaint.jpeg,Document - Advertisement for MacPaint Featuring a Macintosh Displaying a Digital Drawing.jpeg,
digital_drawing_of_two_stylized_figures_in_alternative_fashion.png,Illustration - Two Stylized Figures In Alternative Fashion.png,
digital_graphic_design_flyer_in_yellow_and_black_featuring_a_large_anime_style_character_and_video_game_screenshots.jpg,Illustration - Yellow and Black Digital Flyer with Anime Character and Game Screenshots.jpg,
digital_illustration_of_a_black_silhouette_figure_in_gold_striped_garment_against_a_blue_background.jpg,Illustration - Black Silhouette Figure in Gold Striped Garment Against Blue Background by Attat Mayou.jpg,
digital_illustration_of_a_blonde_woman_with_coiled_hair_looking_at_a_pink_smartphone.jpg,Illustration - Blonde Woman With Coiled Hair Looking At Pink Smartphone.jpg,
digital_illustration_of_a_chibi_character_surrounded_by_weapon_icons_in_a_dark_street_setting.jpeg,Illustration - Chibi Character Surrounded By Weapon Icons In Dark Street.jpeg,
digital_illustration_of_a_child_offering_drawings_to_indifferent_adults.jpg,Illustration - Child Offers Drawings to Indifferent Adults by mimi_n.jpg,
digital_illustration_of_a_dark_gothic_castle_on_a_snowy_mountain_cliff.jpg,Illustration - Dark Gothic Castle on Snowy Mountain Cliff.jpg,
digital_illustration_of_a_face_overlaid_with_urban_structures_explosions_and_a_winding_highway.jpg,Illustration - Digital Illustration of a Face Overlaid with Urban Structures and Highway.jpg,
digital_illustration_of_a_figure_holding_daisies_against_a_blue_graffiti_background.png,Illustration - Digital Illustration of Figure Holding Daisies Against Blue Graffiti Background by LAZY+PUNCH.png,
digital_illustration_of_a_figure_in_black_and_gold_striped_clothing_by_atab_mayawa.jpg,Illustration - Stylized Figure in Black and Gold Striped Clothing by Atab Mayawa.jpg,
digital_illustration_of_a_giant_bloody_caterpillar_attacking_people_in_a_field.jpg,Illustration - Giant Bloody Caterpillar Attacking People In A Field.jpg,
digital_illustration_of_a_head_profile_containing_a_castle_legs_and_text_walking_towards.jpg,"Illustration - Surreal Digital Illustration of Head Profile, Castle, Legs, and Text.jpg",
digital_illustration_of_a_large_wave_rendered_as_a_circuit_board_pattern.png,Illustration - Digital Illustration of The Great Wave as a Circuit Board by Alain Bousquet.png,
digital_illustration_of_a_person_with_dark_hair_and_a_red_headband_holding_a_glowing_green_object.jpg,Illustration - Person with Red Headband Holding Glowing Green Sword-like Object.jpg,
digital_illustration_of_a_sunlit_plant_filled_living_room_viewed_from_above.jpg,Illustration - Sunlit Plant-Filled Living Room Viewed From Above.jpg,
digital_illustration_of_a_young_man_in_white_and_orange_streetwear_with_orange_goggles_by_goathe.jpg,Illustration - Digital Illustration of Kaneda from Akira in Streetwear by GOATHE.jpg,
digital_illustration_of_a_young_woman_sitting_cross_legged_in_a_grey_hoodie.jpeg,Image - Twitter Post with Ghibli-Style Illustration and Chat Messages.jpeg,
digital_illustration_of_a_young_woman_with_curly_hair_and_a_large_crescent_moon_in_a_golden_background.jpg,Illustration - Young Woman With Curly Hair And Crescent Moon In Golden Background.jpg,
digital_illustration_of_an_elderly_man_drawing_an_anime_girl_2020.jpg,Illustration - Elderly Man Drawing Anime Girl on Digital Tablet.jpg,
digital_illustration_of_complex_abstract_and_mechanical_forms_in_red_and_yellow_displayed_in_ms_paint_interface.jpeg,Screenshot - Complex Abstract Illustration Displayed in MS Paint Interface.jpeg,
digital_illustration_of_four_stylized_colorful_tigers_huddled_together.jpg,Illustration - Four Stylized Colorful Tigers Huddled Together.jpg,
digital_illustration_of_multiple_stylized_fantasy_characters_and_monsters_under_an_orange_dragon_by_cam_collins_2021.jpg,Illustration - Stylized Fantasy Characters and Monsters Under an Orange Dragon.jpg,
digital_illustration_of_three_anime_style_girls_wearing_jackets_and_skirts_against_a_pink_and_blue_gradient_background_with_a_grid_pattern.jpg,Illustration - Three Anime Girls In Jackets And Skirts On Gradient Background.jpg,
digital_illustration_of_two_anime_style_girls_in_a_car_in_the_desert_one_wearing_a_bucket_hat_and_biting_a_cigarette.png,"Illustration - Two Anime Girls Driving Desert Car, One Biting Cigarette.png",
digital_illustration_of_two_dogs_in_pixelated_style_with_pink_abstract_shapes.jpeg,Illustration - Pixelated Dogs with Pink Abstract Shapes.jpeg,
digital_image_mimicking_a_retro_computer_terminal_screen_displaying_company_information_a_list_of_players_and_ascii_art_spelling_intdev.png,"Illustration - Retro Computer Terminal Displaying Company Information, Player List, and ASCII Art.png",
digital_image_of_a_figure_aiming_a_pistol_at_a_man_walking_past_parked_cars_on_a_blue_sidewalk_with_stars.jpeg,Screenshot - Figure Aiming Pistol at Man on Star-Patterned Sidewalk.jpeg,
digital_image_of_a_highly_distorted_face_with_glowing_red_eyes_and_a_fiery_symbol.png,Illustration - Distorted Face with Glowing Red Eyes and Fiery Symbol.png,
digital_image_of_a_text_based_cheetah_figure_superimposed_on_a_classical_landscape.jpeg,Illustration - Text-Based Cheetah Figure Superimposed on Classical Landscape.jpeg,
digital_image_of_an_eye_rendered_with_colorful_fractal_patterns.png,Illustration - Colorful Eye Rendered With Fractal-Like Floral Patterns.png,
digital_image_of_multicolored_flowing_lines_representing_neural_pathways_on_a_black_background.jpg,Diagram - Colorful Digital Visualization of Brain Neural Pathways.jpg,
digital_image_of_three_people_watching_two_lobsters_fight_on_a_floor_with_text_overlays.jpg,Image - Three People Watching Two Lobsters Fight With Text Overlays.jpg,
digital_image_of_wavy_blue_and_gray_lines_with_diagonal_black_overlays.png,Screenshot - Screenshot of a Computer Desktop Displaying an Abstract Pattern.png,
digital_painting_of_a_character_with_blue_eyes_and_star_motifs_riding_a_white_horse.jpeg,"Illustration - Johnny Joestar Riding a White Horse, Reaching Out by Dai Yi.jpeg",
digital_painting_of_a_person_drinking_and_smoking.jpg,Illustration - Painterly Portrait of Person Drinking and Smoking.jpg,
digital_painting_of_a_woman_s_face_surrounded_by_white_material.png,Illustration - Digital Painting of a Woman's Face Surrounded by White Material.png,
digital_painting_of_whales_floating_vertically_above_a_beach.jpg,Illustration - Whales Floating Vertically Above Beach With Person And Dog.jpg,
digital_pattern_of_repeated_blue_faces_with_pink_hair_on_a_background_of_mcdonald_s_m_logos.png,Illustration - Repeating Pattern of Blue Faces with Pink Hair on McDonald's 'M' Logos.png,
digital_photograph_of_four_women_in_evening_wear_and_costumes_displayed_in_a_social_media_screenshot.jpeg,Screenshot - Social Media Post With Four Women In Halloween Costumes.jpeg,
digital_rendering_of_a_blue_and_silver_metallic_audio_player_interface.png,Screenshot - Blue and Silver Metallic Winamp Audio Player Interface.png,
digital_rendering_of_a_view_from_a_car_window_over_water_and_a_railing.jpeg,Illustration - Hyperrealistic View From Car Window Over Water by Marcago.jpeg,
digital_screenshot_of_a_computer_interface_with_images_of_the_eiffel_tower_and_parisian_maps.png,Screenshot - Digital Screenshot of Computer Interface with Parisian Landmarks and Maps.png,
digital_sketch_and_diagrams_illustrating_tips_for_drawing_faces_from_a_bottom_up_angle_created_in_ms_paint.jpeg,Illustration - Digital Sketch and Diagrams Illustrating Face Drawing Tips.jpeg,
digital_sketch_compilation_of_multiple_anime_style_female_characters.png,Illustration - Rough Digital Sketches of Anime-Style Female Characters.png,
digital_sketch_of_a_character_with_green_hair_and_clown_makeup_and_bleeding_nose.jpeg,"Illustration - Anime-Style Character with Green Hair, Clown Makeup, and Bleeding Nose.jpeg",
digital_sketch_of_a_fantasy_figure_with_multiple_head_and_body_studies_long_hair_and_halo.jpeg,Illustration - Digital Sketch of Fantasy Figure with Multiple Head and Body Studies.jpeg,
digital_sketch_of_a_white_haired_character_with_long_ears_and_green_eyes.jpg,"Illustration - White-Haired Character with Long Ears, Green Eyes, Finger to Lips.jpg",
digital_sketch_of_a_woman_with_an_angry_expression_and_braids_on_a_tan_background.png,Illustration - Digital Sketch of Angry Woman with Braids on Tan Background.png,
digital_sketch_of_black_and_white_cats_in_a_grid_of_transparent_boxes_2024.jpeg,Illustration - Digital Sketch of Black and White Cats in Transparent Boxes.jpeg,
digital_sketch_of_two_tiger_heads_grayscale_and_line_art.jpeg,"Illustration - Two Tiger Heads, One Grayscale, One Line Art Sketch.jpeg",
digital_sketch_page_with_anatomical_head_studies_and_character_drawings.png,Illustration - Digital Sketch Page with Anatomical Head Studies and Character Drawings.png,
digital_sketch_sheet_of_hooded_abstract_figures_and_creatures.png,Illustration - Monochromatic Sketches of Hooded Figures and Abstract Creatures.png,
digital_sketches_and_renderings_of_a_red_and_silver_crossover_coupe_concept_car_by_zidaren.jpeg,Illustration - Digital Sketches and Renderings of Red and Silver Concept Cars by Zidaren.jpeg,
digital_study_of_a_man_s_profile_in_four_panels.jpeg,Illustration - Digital Study of a Man's Profile in Four Panels.jpeg,
digitally_edited_photograph_of_a_black_and_white_cat_disintegrating_into_triangles.jpg,Image - Digitally Altered Photograph of a Crying Cat Disintegrating.jpg,
diptych_comparing_a_paleolithic_female_figurine_sculpture_to_a_modern_anime_style_female_figure_sculpture.jpg,Image - Diptych Comparing Ancient Figurine to Modern Anime Figure.jpg,
diptych_of_abstract_colorful_fabric_panels_with_camouflage_like_pattern.jpeg,Illustration - Diptych of Abstract Colorful Fabric Panels with Camouflage-like Pattern.jpeg,
document_journal_bismouth_1_jpg.jpg,Illustration - Black And White Photograph Of Woman With Scribbled Lines.jpg,
dog_star_ii_by_roy_de_forest_2001.jpeg,"Illustration - Whimsical Artwork of a Town with an Airplane, People, and Animals.jpeg",
dogcow_from_laserwriter_8_png.png,Illustration - Black and White Pixel Art Dog-Cow Character by Susan Kare.png,
don_t_know_artist_jpg.jpg,Illustration - Cyberpunk Character with Goggles and Spiky Hair on Pink Background.jpg,
dorje_drolo_a_bhutanese_deity_astride_the_air_tiger_and_holding_the_vajra_and_ceremonial_dagger_line_drawing.jpeg,"Illustration - Bhutanese Deity Astride Air Tiger, Holding Vajra and Dagger.jpeg",
drawing_of_a_dark_sports_car_and_a_pencil_sketch_of_a_station_wagon.jpg,Illustration - Dark Sports Car Drawing With Pencil Sketch Of Station Wagon.jpg,
drawing_of_a_dense_geometric_grid_pattern_composed_of_black_lines_forming_triangles_on_a_light_background.jpeg,Illustration - Dense Geometric Grid Pattern of Black Lines Forming Triangles.jpeg,
drawing_of_a_geometric_triangular_mesh_on_beige_background.jpeg,"Illustration - Geometric Triangular Mesh on Beige Background, Framed.jpeg",
drawing_of_a_man_s_head_and_shoulders_in_red_and_black_pencil_on_brown_paper.jpeg,Illustration - Drawing of a Man's Head and Shoulders in Red and Black Pencil.jpeg,
drawing_of_a_wizard_like_green_character_on_a_floating_checkered_platform_in_space.jpeg,Illustration - Green Wizard-like Character on Floating Checkered Platform in Space.jpeg,
drawing_of_a_woman_with_floral_dress_against_a_black_and_white_swirl_background_on_staggered_wooden_planks.jpeg,Illustration - Drawing of Woman in Floral Dress on Staggered Wooden Planks.jpeg,
drawing_of_an_irregular_triangular_grid_with_yellow_wash_and_looped_horizontal_band.jpeg,Illustration - Irregular Triangular Grid With Yellow Wash And Looped Horizontal Band.jpeg,
drawing_of_armored_knights_mourning_a_fallen_figure_and_horse_on_a_battlefield.jpg,Illustration - Armored Knights Mourning Fallen Figure and Horse on Battlefield.jpg,
drawing_of_colorful_flowers_and_vines_on_a_chain_link_fence.jpeg,Illustration - Colorful Flowers and Vines on a Chain-Link Fence.jpeg,
drawing_of_figures_in_a_celestial_battle_or_allegory_executed_in_wash_and_pen_on_toned_paper.jpeg,Illustration - Drawing of Figures in a Celestial Battle or Allegory.jpeg,
drawing_of_numerous_faces_and_heads_some_green_surrounding_a_blue_and_rainbow_mandala_pattern.jpeg,Illustration - Drawing of Numerous Faces and Heads Surrounding a Blue Mandala.jpeg,
drawing_of_the_united_states_map_with_colored_scribbles_and_numbers.png,"Image - US Map With Scribbles, Numbers, And Overlaid Text.png",
drawing_of_two_expressive_facial_studies_in_black_marker_and_color_accents.jpeg,Illustration - Two Expressive Facial Studies in Black Marker and Color Accents.jpeg,
dreaming_of_mavericks_by_debra_reid_jenkins.jpeg,Illustration - Children Playing In Shallow Water On A Beach.jpeg,
dreamlibrary_jpg.jpg,Dream Library by Malene Reynolds Laugesen (2013).jpg,
drift_by_sean_henry_2023.jpeg,Illustration - Textured Sculpture Of A Hooded Figure Holding A Red Object.jpeg,
drift_by_sean_henry_2023_3.jpeg,Illustration - Textured sculpture of a person in a black hooded jacket.jpeg,
dropping_a_han_dynasty_urn_02_jpg.jpg,Dropping a Han Dynasty Urn by Ai Weiwei (1995).jpg,
ds2_dirty_sprite_2_album_cover_by_future_2015.jpg,Bad Cameo by James Blake & Lil Yachty (2023).jpg,
dynamic_black_ink_brushwork_on_paper.jpeg,Illustration - Dynamic Black Ink Brushwork on Paper.jpeg,
dynamic_line_art_sketch_of_a_girl_in_a_school_uniform_fighting_a_monstrous_figure_with_large_hands_accompanied_by_a_small_cat_and_a_ufo.png,Illustration - Line Art Sketch of Girl Fighting Monster with Cat and UFO.png,
e_j3cvzxeaea8hp_jpeg.jpeg,Arzach by Jean Giraud (Moebius) (1975).jpeg,
edgar_degas_dancer_in_the_wings_c_18781880.jpg,Dancer in the Wings by Edgar Degas (c. 1878-1880).jpg,
egg_chair_siamese_by_ann_mika_2010.jpg,Egg Chair Siamese by Ann Mika (2010).jpg,
el_cazador_by_celes_2009.jpg,Casadores by Carlos Torres.jpg,
el_greco_the_burial_of_the_count_of_orgaz_15861588.jpg,The Burial of the Count of Orgaz by El Greco (1586-1588).jpg,
el_templo_de_la_sabiduria_by_pablo_amaringo_2008.jpg,El Templo de la Sabiduría by Pablo Amaringo (2008).jpg,
embroidery_style_drawing_of_two_women_and_a_masked_man_in_a_cluttered_scene.jpg,Illustration - Embroidery-Style Drawing of Two Women and a Masked Man.jpg,
end_of_eva_jpg.jpg,Screenshot - Crude Crayon Drawing of Distressed Face with Wide Eyes.jpg,
end_of_eva_png.png,The End of Evangelion (1997).png,
engraving_depicting_the_resurrection_of_christ_with_soldiers_and_holy_women_near_a_cave_tomb.jpeg,The Resurrection of Christ by Pieter Bruegel the Elder (c. 1563).jpeg,
engraving_detail_of_draped_figure_above_a_frieze_with_ram_heads.jpeg,Illustration - Detail of Draped Figure Above Frieze with Ram Heads.jpeg,
engraving_of_a_crowned_woman_comforting_a_man_in_armor.jpeg,"Illustration - Crowned Woman Comforting Man in Armor, Distressed Woman Nearby.jpeg",
engraving_of_a_large_complex_of_exhibition_buildings_surrounding_a_body_of_water_viewed_from_above.jpg,"World's Columbian Exposition, Chicago (1893).jpg",
engraving_of_a_large_domed_tower_and_ruins_on_a_bridge_with_figures.jpg,"Illustration - Engraving of Domed Tower, Bridge, and Figures in Andernach.jpg",
engraving_of_a_muscular_male_figure_with_anatomical_labels_copy_of_a_sketch_by_michelangelo.jpeg,Illustration - Engraving of Muscular Male Figure with Anatomical Labels.jpeg,
engraving_of_a_woman_in_a_long_dress_looking_up_at_a_scroll_emerging_from_clouds_in_a_hilly_landscape.jpeg,Illustration - Woman In Long Dress Looking At Scroll From Clouds In Landscape.jpeg,
engraving_of_grotesque_ornament_panel_with_foliage_birds_and_a_winged_creature.jpeg,"Illustration - Intricate Grotesque Ornament with Foliage, Birds, and Winged Creature by Francesco Villamena.jpeg",
engraving_of_grotesque_ornament_with_foliage_birds_and_a_central_artichoke_motif.jpeg,"Illustration - Engraving of Grotesque Ornament with Foliage, Birds, and Artichoke.jpeg",
engraving_portrait_of_a_man_with_long_wavy_hair_and_white_collar.jpg,Illustration - Engraved Portrait of René Descartes.jpg,
enter_by_sergey_shabohin_2011.jpeg,Illustration - Stylized Keyboard With Lifted Enter Key Revealing Red 'E'.jpeg,
ernest_your_html_is_like_fire_in_my_eyes_by_ernest_strauhal_2017.png,Screenshot - MacOS Desktop Screenshot with Distorted Image and Bright Colors.png,
error_api_request_failed_with_status_401.gif,Image - Solid Black Rectangle.gif,
error_api_request_failed_with_status_401.jpeg,Photograph - Marble Sculpture of a Male Torso on Display.jpeg,
error_api_request_failed_with_status_401_14.gif,Burning House by Mattis Dovier (2014).gif,
error_api_request_failed_with_status_401_15.gif,Illustration - Pixelated Black And White Space Scene With Planets And Craters by Bert Monroy.gif,
error_api_request_failed_with_status_401_16.gif,Illustration - Black and White Halftone Profile of a Person's Head.gif,
error_api_request_failed_with_status_401_17.gif,Woman Combing Hair by Susan Kare (1984).gif,
error_api_request_failed_with_status_401_2.gif,"Illustration - Vibrant Pixelated Art of Person, Computer, Synthesizer, Abstract Background.gif",
error_api_request_failed_with_status_401_2.jpeg,Photograph - Reflection of Person in Dark Jacket Over Faint Landscape.jpeg,
error_api_request_failed_with_status_401_2_2.gif,"Illustration - Blue Pixel Art Character, John Ward, From Faith: The Unholy Trinity.gif",
error_api_request_failed_with_status_401_2_2.jpeg,The Virgin and Child with Saint Anne by Leonardo da Vinci (c. 1500).jpeg,
error_api_request_failed_with_status_401_3.gif,Image - Close-Up Of Man's Face With 'Same As It Ever Was' Text.gif,
error_api_request_failed_with_status_401_3.jpeg,Study for The Virgin and Child with Saint Anne by Leonardo da Vinci (c. 1500).jpeg,
error_api_request_failed_with_status_401_3_2.gif,Photograph - Blurry Night Photograph of Buildings with Red and Blue Lights.gif,
error_api_request_failed_with_status_401_4.gif,Illustration - Pixel Art Hand Reaching Out Against Starry Black Background.gif,
error_api_request_failed_with_status_401_4.jpeg,Illustration - Stylized Illustration of Dancing Figures in a Room with Phone Shrine by Muhammad Fatchurofi.jpeg,
error_could_not_retrieve_structured_data_from_the_api_response_no.jpg,Comic - Four-Panel Pencil Drawing of Stitched Figures and Surreal Environments.jpg,
error_could_not_retrieve_structured_data_from_the_api_response_no.png,Comic - Four-Panel Comic Comparing Stone Age Figure to Modern Woman.png,
error_could_not_retrieve_structured_data_from_the_api_response_no_2.jpeg,Illustration - Standing Figure And Upside-Down Nude In Abstract Setting.jpeg,
error_could_not_retrieve_structured_data_from_the_api_response_no_2_2.jpeg,Illustration - Surreal Reclining Nude Figure with Emerging Forms in Dark Landscape.jpeg,
error_could_not_retrieve_structured_data_from_the_api_response_no_2_3.jpg,Illustration - Illustration from The Rubaiyat of Omar Khayyam by Ronald Balfour.jpg,
error_could_not_retrieve_structured_data_from_the_api_response_no_3.jpeg,Illustration - Line Drawing of Nude Figures and a Bull.jpeg,
error_could_not_retrieve_structured_data_from_the_api_response_no_3_2.jpeg,Reclining Nude by Egon Schiele (1917).jpeg,
error_could_not_retrieve_structured_data_from_the_api_response_no_4.jpeg,Fish Blood by Gustav Klimt (1898).jpeg,
error_could_not_retrieve_structured_data_from_the_api_response_no_4.jpg,"Illustration - Woman Squatting, Unwrapping Gifts, Bottles, and Christmas Tree.jpg",
error_could_not_retrieve_structured_data_from_the_api_response_no_4_2.jpeg,Illustration - Line Drawing Of Reclining Nude Woman.jpeg,
error_could_not_retrieve_structured_data_from_the_api_response_no_4_3.jpeg,Photograph - Artworks Displayed in a Gallery or Storage Space.jpeg,
error_could_not_retrieve_structured_data_from_the_api_response_no_5.jpeg,The Dance by Henri Matisse.jpeg,
error_could_not_retrieve_structured_data_from_the_api_response_no_5.jpg,Portrait of Mlle. Lange as Danae by Anne-Louis Girodet de Roussy-Trioson (1799).jpg,
error_could_not_retrieve_structured_data_from_the_api_response_no_5_2.jpeg,"Illustration - Nude Reclining Figure on Draped Bed, Black and White Drawing.jpeg",
error_could_not_retrieve_structured_data_from_the_api_response_no_6.jpeg,Illustration - Nude Figure Reclining on Brown Surface with Blue Drape.jpeg,
error_could_not_retrieve_structured_data_from_the_api_response_no_6.jpg,"Illustration - Nude Woman Sitting By Stream, Touching Her Foot.jpg",
error_could_not_retrieve_structured_data_from_the_api_response_no_6_2.jpeg,"Illustration - Nude Woman Seated on Draped Fabric, Looking Down.jpeg",
error_failed_to_fetch.jpeg,Illustration - Abstract Geometric Composition with Colorful Rectangles and Triangles.jpeg,
escalator_by_avogado6_2020.jpg,Illustration - Anime-Style Character On Escalator Looking Up At Viewer.jpg,
etching_of_a_woman_s_face_obscured_by_branching_organic_forms.jpeg,Illustration - Etching of a Woman's Face Obscured by Branching Organic Forms.jpeg,
eudua_imgur_png.png,Document - Profile Drawing with Text Describing Patient's Artistic Process.png,
event_poster_with_pink_and_purple_background_and_portrait_photos_for_grad_prin_talk.jpeg,Document - Pink And Purple Event Poster With Portrait Photos.jpeg,
examples_of_checkerboard_artifacts_produced_by_image_deconvolution_with_and_without_png.png,Diagram - Grid of Pixelated Images Illustrating Deconvolution Artifacts.png,
exhibition_wall_text_titled_tradition_and_the_self_discussing_wayne_thiebaud.jpeg,Photograph - Exhibition Wall Text Titled Tradition and The Self.jpeg,
exploration_de_la_gravite_by_philippe_ramette_2006.jpg,Photograph - Three People Planking on a Wall Next to Stairs.jpg,
expressionistic_painting_of_a_nude_woman_with_red_hair_surrounded_by_red_flowers.jpeg,Illustration - Expressionistic Painting of Nude Woman with Red Hair and Flowers.jpeg,
expressionistic_painting_of_two_figures_dancing_against_a_red_background_with_yellow_lights.jpeg,Candle Dancers by Emil Nolde (1912).jpeg,
expressive_charcoal_drawing_of_a_dog_on_a_platform.jpeg,Illustration - Expressive Charcoal Drawing of a Dog on a Platform.jpeg,
expressive_figure_study_drawing_in_black_red_and_blue_crayon_on_tan_paper.jpeg,"Illustration - Expressive Figure Study Drawing in Black, Red, and Blue Crayon.jpeg",
expressive_oil_painting_of_a_light_colored_pickup_truck_parked_on_a_street.jpeg,Illustration - Expressive Oil Painting of a Light-Colored Pickup Truck on Street.jpeg,
expressive_painting_of_multiple_colorful_boats_on_a_shore_2019.jpeg,Illustration - Expressive Painting of Colorful Boats on a Shore.jpeg,
eyeulpie_by_amose_2018.jpeg,Illustration - Abstract Colorful Figure Drawn Over Architectural Plans.jpeg,
faig_ahmed_liquid_2021.jpg,Illustration - People Holding a Large Red Melting Rug by Faig Ahmed.jpg,
fairy_tale_by_misha_2010.jpeg,"Illustration - Green Fairy With Red Wings, Unicorn, City Skyline At Night.jpeg",
falls_by_mary_brodbeck.jpeg,Illustration - Stylized Waterfall Scene with Trees and Rocks.jpeg,
fashion_illustration_of_a_woman_crouching_in_a_red_and_white_striped_turtleneck_by_rene_gruau.jpeg,"Illustration - Woman Crouching in Red and White Striped Turtleneck, Short Hair.jpeg",
fb5pdebxiam7_ze_jpeg.jpeg,Photograph - Crocheted Fried Chicken Drumsticks and Dipping Sauce in Takeout Box.jpeg,
feast_by_hao_liang_2022.jpg,Illustration - Surreal Feast of Nude Figures on a Food-Laden Table.jpg,
fecteau_jpg.jpg,Photograph - Man Standing Next to Abstract Blue and Black Sculpture.jpg,
female_torso_by_eric_boyer.jpeg,Illustration - Black Wire Mesh Sculpture of Female Torso.jpeg,
ffm6_oqxeau0evv_jpeg.jpeg,Diagram - Colorful Microchip Layout Diagram with Interconnected Traces.jpeg,
fgamma_fracturas_2010_gif.gif,"Illustration - Abstract Head with Split Face, One Side Wireframe, Red Eye.gif",
fgamma_syntaxismystery_2010_gif.gif,Illustration - Abstract Figure with Ruffled Collar and Segmented Body by Francoise Gamma.gif,
fhizmlvxmaifen_jpeg.jpeg,Photograph - Willem Dafoe Posing Beside Norman Osborn Portrait.jpeg,
fidenza_993_by_tyler_hobbs_2021.jpg,Illustration - Abstract Yellow Shape With Black Lines On White Background.jpg,
field_fire_by_david_hockney_2011.jpg,Illustration - Green Field With Fire And Black Smoke Against Blue Sky.jpg,
fig_14_jpg.jpg,"Diagram - Two Circular Diagrams Outlining Educational Curriculum, German and English Versions.jpg",
fisheye_photograph_of_two_young_people_in_alternative_fashion_on_a_crowded_tokyo_street.png,Photograph - Fisheye Photograph of Two Young People in Alternative Fashion.png,
five_line_drawings_figures_142_146_showing_skeletal_diagrams_of_posture_and_equilibrium_change.jpeg,Diagram - Five Line Drawings of Skeletal Posture and Equilibrium Changes.jpeg,
fjcpwumwyaaafkz_jpeg.jpeg,Illustration - Abstract Pattern of Wavy White and Teal Rectangles.jpeg,
flag_by_jeremy_deller_2013.png,Illustration - Colorful Patchwork Flag Flying Against Blue Sky.png,
flag_for_a_new_world_by_john_giorno_2015.png,Illustration - Colorful Patchwork Flag Flying Against Blue Sky (2).png,
flock_ii_album_art_by_mason_london_2020.jpeg,Flock II.jpeg,
fluxus_png.png,Document - Comparison of Art and Fluxus Art-Amusement Concepts.png,
fnctolhuyaahaia_jpeg.jpeg,"Photograph - Isabella Rossellini and David Lynch, His Face Obscured.jpeg",
fofccstxkaarxgw_png.png,Screenshot - Green Winamp Music Player Interface With Playlist.png,
fofcegkwiaa_exs_png.png,Screenshot - Winamp 2.76 Media Player Interface.png,
fom8mj7xwaeiw_y_jpeg.jpeg,Illustration - Isometric Forest Scene With Character Panels.jpeg,
fom_f2ax0aijtst_jpeg.jpeg,Illustration - Damaged Robot Head with Exposed Wires and Leaking Fluid.jpeg,
four_black_and_white_relief_prints_of_a_portrait_on_fabric.jpeg,Illustration - Four Black and White Relief Prints of a Portrait on Fabric.jpeg,
four_framed_black_line_fashion_sketches_of_coats_and_jackets.jpeg,Illustration - Four Framed Black Line Fashion Sketches of Coats and Jackets.jpeg,
four_framed_op_art_prints_with_black_and_white_stripes_on_colored_backgrounds.jpeg,Illustration - Four Framed Op Art Prints With Black And White Stripes.jpeg,
four_labeled_anatomical_diagrams_of_the_human_trunk_skeleton_surface_form_and_muscles.jpeg,"Diagram - Four Labeled Anatomical Diagrams of Human Trunk Skeleton, Surface Form, and Muscles.jpeg",
four_panel_drawing_showing_figures_split_between_flesh_tone_and_red_musculature_by_ji_jianye_2004.jpeg,Illustration - Four-Panel Drawing of Figures with Flesh and Musculature by Ji Jianye.jpeg,
four_panel_pencil_drawing_depicting_figures_with_long_hair_and_a_stitched_naked_figure_in_a_dark_industrial_environment.jpg,Comic - Four Panel Pencil Drawing of Stitched Figures in Industrial Setting.jpg,
fqotvoauyaqyfqv_png.png,Illustration - Classical Scene with Man and Dancing Women Offering Fruit.png,
fqpqp_2vcaefzrr_jpeg.jpeg,Photograph - Multiple Vintage Computer Monitors Displaying Abstract Geometric Wireframe Graphics.jpeg,
fractured_worlds3_jpg.jpg,Photograph - Minimalist White Tunnel With Statue Holding Black Flag.jpg,
fragmented_marble_sculpture_of_a_nude_male_torso.jpeg,Illustration - Fragmented Marble Sculpture of a Nude Male Torso.jpeg,
framed_collection_of_four_black_ink_fashion_sketches_of_women_s_dresses.jpeg,Illustration - Four Framed Black Ink Fashion Sketches of Women's Dresses.jpeg,
framed_italian_movie_poster_featuring_two_caricatures_of_a_man_s_head_and_two_images_of_a_woman_advertising_le_folli_notti_del_dottor_jerryll.jpeg,Le Folli Notti del Dottor Jerryll (1963).jpeg,
framed_monochromatic_drawing_of_a_treed_landscape.jpeg,Photograph - Gavin Newsom Reading 'Beloved' by Toni Morrison at a Table.jpeg,
framed_museum_information_panel_titled_renoir_and_his_contemporaries.jpeg,Document - Framed Museum Information Panel About Renoir and Contemporaries.jpeg,
framed_set_of_four_blue_and_white_ceramic_tiles_depicting_four_distinct_portraits_and_genre_scenes.jpeg,Photograph - Four Blue and White Ceramic Tiles in a Wooden Frame.jpeg,
framed_sheet_of_paper_with_blue_ink_sketches_and_handwritten_notes.jpeg,Illustration - Framed Sheet Of Paper With Blue Ink Sketches And Handwritten Notes.jpeg,
franz_marc_020_jpg.jpg,Deer in the Forest II by Franz Marc (1914).jpg,
free_syrian_army_fighter_in_a_suit_holds_an_ak_47_rifle_in_aleppo_by_goran_tomasevic_2012.jpg,Photograph - Syrian Rebel in Suit Holds Rifle in Aleppo Street by Goran Tomasevic.jpg,
from_the_knees_of_my_nose_to_the_belly_of_my_toes_by_alex_chinneck_2013.jpg,From the Knees of my Nose to the Belly of my Toes by Alex Chinneck (2013).jpg,
frrusw_xwaix194_jpeg.jpeg,Photograph - Alpine Ibex Leaping Across a Deep Chasm.jpeg,
frxpwyzuyaudgsq_jpeg.jpeg,Photograph - Building on Fire with Flames and Smoke Pouring from Windows.jpeg,
fs8_1oxacaa6lad_png.png,"Illustration - Three Pixel Art Panels: Landscape, Building, and Roses.png",
fuck_kim_jung_gi_is_dead_by_b_c_komix_2023.jpg,Comic - Comic Panels Reacting To Illustrator Kim Jung Gi's Death.jpg,
future_by_misha_petrick_2020.jpg,Illustration - Detailed Purple and Blue Futuristic Computer Room Illustration.jpg,
futuristic_figure_in_white_armor_holding_a_spear_and_black_flag_in_a_white_room.jpg,Ludens by Kojima Productions (2016).jpg,
fuznvbdwyaitykg_jpeg.jpeg,"Illustration - Still Life Painting of Tacos, Drink, and Orchid by Noah Verrier.jpeg",
fxkp_vcxeamauqn_jpeg.jpeg,The Sirens and Ulysses by William Etty (1837).jpeg,
g1z8pxpb0aud_8_jpeg.jpeg,Illustration - Blue Circuit Board Pattern Forming a Crucifix on Black Background.jpeg,
g3nb_i7wsaazna7_jpeg.jpeg,Photograph - Osaka Castle Overlooking Night Baseball Game.jpeg,
g46vt_ybqacsnck_png.png,Photograph - Muted Toned Image of Suburban Houses and Garages.png,
g47gqwuxqaamdpj_2_png.png,Photograph - Two People in Traditional Attire Against Corrugated Wall.png,
g49bc1pbqaeei_q_jpeg.jpeg,Photograph - Seagull Drinking From 'Dogs Only' Water Bowl.jpeg,
g4cosgxw4aa8gh4_2_jpeg.jpeg,Photograph - Donald Trump and Official View Trump Mugshot T-Shirt Display.jpeg,
g4g_pm_wqaakgys_jpeg.jpeg,Young Girl on a Red Carpet by Felice Casorati (circa 1912).jpeg,
g4la_vgxyaangn4_jpeg.jpeg,Comic - Elderly Person with Walker Under 'Bauhaus Retirement Home' Sign by tonodo.jpeg,
g4qcp60xeaaxn_h_jpeg.jpeg,The Coffee House by William Ratcliffe.jpeg,
g5_bletwyaaopdc_jpeg.jpeg,Illustration - Stylized Figure in Circuit Board Garment on Blue Background.jpeg,
g5_blezwcaakiye_jpeg.jpeg,Illustration - Miniature Buildings on Circuit Board Islands in Blue Water.jpeg,
g5qn_1bauaehys3_jpg.jpg,Illustration - Sketchbook Drawing of Interior with Large Windows and Street View.jpg,
g5uus_dbwaa0adu_jpeg.jpeg,Illustration - Multiple Abstract Faces in Textured Pastel Colors.jpeg,
g5uxilkwwaazl_7_jpeg.jpeg,"Image - Collage of Book Covers, Diagrams, Text, and Photograph.jpeg",
g5wtdwrwoaa_9he_jpeg.jpeg,"Photograph - Room with Mattress, Crucifix, Books, Rifle, DJ Controller on Floor.jpeg",
g6apr_aa8aeh8vx_jpeg.jpeg,Illustration - Stylized Sketch of Person's Face With Hand Covering Eye.jpeg,
g6bhi3ybmakpns_png.png,Diagram - Exploded Diagram of Original Sony PlayStation Console Components.png,
g6f_ajtaaaajhuq_jpeg.jpeg,Image - Man Peeking Through Stars into Modern Commercial Street.jpeg,
g6l8rjuacauq_t_jpeg.jpeg,Illustration - Pink Poster with Wavy Pattern of Repeated Figures and Text.jpeg,
g6wf8q_aoaajqmf_jpeg.jpeg,Illustration - Close-Up Of Pixelated Eye And Face On Dark Background.jpeg,
g7nrve_xgaayr6z_jpeg.jpeg,Illustration - Page with Black Organic Shapes and Grid of Circles.jpeg,
g9t2raewwaavbn_jpeg.jpeg,Illustration - Risograph Print of Layered Anime-Style Doodles and Abstract Shapes.jpeg,
g9ubpzawwaeplnd_2_png.png,"Screenshot - Computer Screenshot Displaying Paris Landmarks, Maps, and Japanese Text.png",
gaze_by_mary_brochak.jpeg,"Illustration - Stylized Landscape with Deer, Tall Grass, Trees, and Red Sun.jpeg",
gcompassions_1276159600_gif.gif,Illustration - Blue Deity Offers Bleeding Heart To Bearded Man And Dogs.gif,
gea0ktmaiaalv1_jpeg.jpeg,Illustration - Woman in Red Glasses and Blue Striped Top.jpeg,
genaro_prez_de_villaamil_vista_de_cuenca_view_of_cuenca_18451850.jpg,View of City of Fraga and its Hanging Bridge by Genaro Pérez Villaamil (c. 1845-1850).jpg,
genres_of_art_png.png,"Screenshot - Screenshot of a ""See Also"" section listing art genres.png",
geometric_abstract_painting_with_red_lime_green_blue_and_orange_fields.jpg,"Illustration - Geometric Abstract Painting With Red, Green, Blue, And Orange.jpg",
geometric_abstract_print_with_dark_green_and_cream_zigzag_pattern.jpeg,Illustration - Geometric Abstract Print with Dark Green and Cream Zigzag Pattern.jpeg,
geometric_acrylic_painting_of_a_mountain_landscape_with_a_house_and_conical_trees.jpeg,Illustration - Geometric Mountain Landscape with a House and Conical Trees.jpeg,
geometric_composition_of_interlocking_beige_triangles_on_black_background.jpeg,Illustration - Geometric Composition of Interlocking Beige Triangles on Black Background.jpeg,
geometric_depiction_of_an_industrial_building_with_a_water_tower_and_smokestack.jpeg,Illustration - Geometric Depiction of Industrial Building with Water Tower and Smokestack.jpeg,
geometric_diagram_of_spiral_extension_of_helix_and_golden_ratio_cubes.jpg,Diagram - Geometric Diagram of Spiral Extension of Helix and Golden Ratio Cubes.jpg,
geometric_drawing_of_interlocking_cubes_and_lines_within_a_triangle.png,Illustration - Geometric Drawing of Interlocking Cubes and Lines within a Triangle.png,
geometric_op_art_pattern_of_nested_squares_created_by_white_lines_on_a_black_background.png,Screenshot - Screenshot of Op Art with Nested White Squares on Black.png,
george_frederic_watts_the_spirit_of_the_stream_c_18651875.jpg,The Water Sprite by Ernst Josephson (1882).jpg,
gerard_van_honthorst_old_woman_and_boy_with_a_candle_c_16201635.jpg,Illustration - Old Woman and Boy Illuminated by Candlelight.jpg,
gfl_asmxyaafizr_jpeg.jpeg,Photograph - Luigi Mangione In Orange Jumpsuit Escorted By Police.jpeg,
gg9fh_tw4aab2l0_jpeg.jpeg,Illustration - Colorful Detailed Cityscape on Mountain with Animals and Waterfall.jpeg,
ghi3trjbkaaek9_jpeg.jpeg,Illustration - Surreal Biomorphic Forms With A Window View.jpeg,
ghost_by_faxada_2021.jpeg,Illustration - Abstract Portrait of Woman with Bold Brushstrokes and Text.jpeg,
ghost_chair_by_nendo_2012.jpeg,Photograph - Modern Transparent Chair with Wooden Seat and Back Slats.jpeg,
gif_image_2_gif.gif,"Illustration - Animated Pixel Art Landscape with Pond, Trees, and Mountains by Mark Ferrari.gif",
gif_image_3_gif.gif,Screenshot - Bartender from The Town with No Name by Delta 4.gif,
gif_image_gif.gif,"Illustration - Detailed Pen And Ink Drawing Of Many Grotesque, Surreal Creatures.gif",
giovanni_antonio_canal_canaletto_piazza_san_marco_with_the_basilica_and_the_campanile_c_17301735.jpg,Piazza San Marco by Giovanni Antonio Canal (Canaletto) (c. 1730-1735).jpg,
giovanni_battista_piazzetta_the_ecstasy_of_st_francis_wga17423_jpg.jpg,The Ecstasy of St. Francis by Giovanni Battista Piazzetta (1740-60).jpg,
giovanni_battista_tiepolo_allegory_of_virtue_and_nobility_google_art_project_jpg.jpg,Allegory of Virtue and Nobility by Giovanni Battista Tiepolo (1740-1745).jpg,
giovanni_paolo_pannini_gallery_of_views_of_ancient_rome_wga16979_jpg.jpg,Gallery of Views of Ancient Rome by Giovanni Paolo Pannini (1757).jpg,
gkqrxepxoaaecm_jpg_large_jpeg.jpeg,The Sun roars into View by Anna Loginova (2024).jpeg,
glitch_art_digital_image_of_a_classical_sculpture_face.jpg,Illustration - Glitch Art Digital Image of a Classical Sculpture Face.jpg,
glitch_art_of_a_head_profile_with_text_i_have_already_paid_for_all_my_future_sins.jpeg,Illustration - Glitch Art Profile of Head with Repeating 'Future Sins' Text.jpeg,
glitch_slide_original_jpg.jpg,Illustration - Pixelated Glitch Art of a Human Head on Teal Background.jpg,
glitched_digital_abstract_with_green_and_black_patterns_on_a_purple_background.jpeg,Illustration - Abstract Digital Glitch Art with Green and Black on Purple.jpeg,
glr8c6_xuaan9n6_jpeg.jpeg,Illustration - Viking Longships Attacking a Walled City with Fire.jpeg,
going_to_the_woods_by_morgan_penza_2021.jpeg,"Illustration - Surreal Landscape with Figures, Mountains, Lightning, and Portrait Inset.jpeg",
golden_hour_by_uriel_mayana_2020.jpg,Illustration - Stylized Profile of Woman with Gold Earring and Necklace.jpg,
graffiti_tags_layered_over_posters_on_a_wall.jpeg,Photograph - Yellow and Purple Graffiti Tags Over Posters on a Wall.jpeg,
grainy_blurry_photograph_of_a_figure_with_a_crescent_shape_and_light_leak.jpeg,"Photograph - Grainy, Blurry Figure with Crescent Shape and Orange Light Leak.jpeg",
grainy_photograph_of_a_man_in_a_fedora_smiling_while_escorted_by_uniformed_officers_with_handwritten_german_text_across_the_bottom.jpeg,Democracy is Merry by Joseph Beuys (1973).jpeg,
grainy_photograph_of_an_airplane_and_a_smoking_skyscraper.jpg,Photograph - Airplane Approaching Smoking World Trade Center Tower.jpg,
graphic_design_featuring_four_stylized_portraits_in_orange_black_and_magenta_for_a_record_box_set_cover.jpeg,Beethoven The Nine Symphonies Bruno Walter.jpeg,
graphic_design_of_a_pipe_and_text_i_can_t_believe_it_s_not_une_pipe_on_a_yellow_and_red_oval_background.jpg,Image - Graphic Design of Pipe and Text 'I Can't Believe It's Not une pipe!'.jpg,
graphic_illustration_of_a_spiral_galaxy_in_a_black_rectangle_with_the_text_thanks_for_the_mystery.jpg,Illustration - Stylized Spiral Galaxy with 'Thanks For The Mystery' Text.jpg,
graphic_illustration_of_a_stylized_red_and_blue_face_with_yellow_teeth_and_eyes.jpeg,Illustration - Stylized Red and Blue Face with Yellow Eyes and Teeth.jpeg,
graphic_painting_of_a_night_landscape_and_a_window_with_blue_flames.jpeg,"Illustration - Stylized Night Landscape with Moon, Vines, Flowers, and Blue Flames.jpeg",
graphic_painting_of_a_woman_sewing_next_to_a_stylized_dress_form_on_a_bright_green_background.jpeg,Illustration - Woman Sewing Next to Stylized Dress Form on Green Background.jpeg,
graphite_and_chalk_drawing_of_a_bearded_man_in_profile_wearing_a_turban.jpeg,Illustration - Graphite and Chalk Drawing of a Bearded Man in Profile Wearing a Turban.jpeg,
grave_slab_decoration_featuring_black_and_white_tessellating_bird_and_geometric_patterns.jpg,Photograph - Photograph of M.C. Escher's Gravestone with Tessellating Bird Design.jpg,
grayscale_photograph_of_a_woman_in_oversized_dark_clothing.jpeg,Photograph - Grayscale Photograph of a Woman in Oversized Dark Clothing.jpeg,
grayscale_still_life_of_four_vases_with_stylized_foliage.jpeg,Illustration - Grayscale Still Life with Stylized Vases and Foliage.jpeg,
grayscale_study_showing_a_detailed_engraving_and_a_digital_painting_of_a_classical_male_sculpture_head_in_profile.jpeg,Illustration - Grayscale Study of Classical Male Sculpture Head in Profile.jpeg,
great_mosque_minaret_and_courtyard_kairouan_tunisia_836_and_subsequent_alterations.jpeg,"Photograph - Great Mosque Minaret and Courtyard, Kairouan, Tunisia.jpeg",
great_north_star_ii_by_the_great_north_star_2020.jpg,"Illustration - Soundwave, Birds, and Constellations Against Dark Background with Text.jpg",
grid_of_24_sketchbook_pages_containing_various_pen_and_ink_drawings_of_figures_and_portraits.jpg,Illustration - Grid of 24 Sketchbook Pages with Various Pen and Ink Drawings.jpg,
grid_of_72_black_and_white_occult_sigils_with_labels.jpeg,Illustration - Grid of 72 Black and White Occult Sigils with Labels.jpeg,
grid_of_nine_black_and_white_drawings_of_a_man_in_profile_wearing_glasses.jpeg,Illustration - Grid of Nine Black and White Drawings of a Man's Profile.jpeg,
grid_of_nine_black_ink_sketches_depicting_urban_and_rural_scenes.jpeg,Illustration - Grid of Nine Black Ink Sketches of Urban and Rural Scenes.jpeg,
grid_of_ten_framed_drawings_depicting_minimalist_black_human_figures_in_various_poses.jpeg,Photograph - Gallery View of Ten Framed Minimalist Figure Drawings.jpeg,
group_of_patinated_bronze_vessels_and_utensils.jpeg,Mai Dang Lao (McDonald's) by Xu Bing (2001).jpeg,
gu_hongzhong_s_night_revels_1_edit_jpg.jpg,The Night Revels of Han Xizai by Gu Hongzhong (c. 970).jpg,
guan_yu_capturing_his_enemy_pang_de_by_shang_xi_ming_dynasty.jpeg,Guan Yu Capturing His Enemy Pang De by Shang Xi (Ming dynasty).jpeg,
guin_saga_the_battle_of_nospherus_by_jun_suemi_2003.jpg,Illustration - Winged Armored Warrior Battles Dragon in Cavern with Stairs.jpg,
gutqomlboaauz_z_jpeg.jpeg,Photograph - CD-R Disc Wall Decor with Plant and Skincare Products.jpeg,
gvbuouuxqaad_mk_png.png,Illustration - Cartoon Man Pointing to Shirt with Digital Image Examples.png,
gwhlxyhacaakw_h_jpeg.jpeg,Image - Close-Up Of Teeth With Blue And White Porcelain Designs.jpeg,
gxh_q4hwwaaajiu_jpeg.jpeg,Illustration - Red Hibiscus Flower with Digital Data Overlay.jpeg,
gxneiteaiaatg_b_jpeg.jpeg,Illustration - Bright Green Hills Under Blue Sky.jpeg,
gxw_9k5wiaaocsc_jpeg.jpeg,Photograph - Photograph of Hand Holding Sketchbook with Drawing of Butchers.jpeg,
gxxjjr_waaabmrx_jpeg.jpeg,Illustration - Two Dogs Made of Text on a Beach.jpeg,
gxyw_rbacaags0q_jpeg.jpeg,Photograph - DJ Turntables on Fire with a Hand.jpeg,
gy_1yfbwwaacil2_jpeg.jpeg,Corpse Decomposition Meditation by Blair Landis.jpeg,
gyda6ecaiae_eyq_png.png,Photograph - Black Speaker and Green Translucent Cube with Wire.png,
gyhzb_hbwaahfsl_jpeg.jpeg,Illustration - M1a1 Abrams - USPS Livery by LunaHydreigon.jpeg,
gytdpzgacaenp_2_jpeg.jpeg,Photograph - Concrete Table Shaped Like Aphex Twin Logo.jpeg,
gzi_szbbeaabjjp_jpeg.jpeg,Photograph - Blue Parakeet Balancing on a Toy Skateboard.jpeg,
gzmrqxtwgae_esg_jpeg.jpeg,Illustration - Old Computer Monitor Shaped Like a House Floating in Sky.jpeg,
gzxys_bxkaa9lag_jpeg.jpeg,Sheeple by David Dees (2017).jpeg,
h_mag_blog_post_only_steichen_perfection_in_black_12974030880340357017_jpg.jpg,Photograph - Woman in Black Dress Leaning on Grand Piano. by Edward Steichen.jpg,
hal_emmerich_otacon_character_design_by_yoji_shinkawa_2001.jpg,Hal Emmerich (Otacon) Character Design by Yoji Shinkawa (2001).jpg,
halftone_blue_flowers_on_geometric_yellow_and_orange_background_with_pink_painted_detail.jpeg,Illustration - Framed Illustration of Two People Embracing in Rain.jpeg,
halftone_print_of_two_figures_kissing_with_the_text_i_shall_kiss_you_so_much_that_they_will_mistake_my_mouth_for_yours.jpeg,Illustration - Halftone Print of Two Figures Kissing with Text.jpeg,
hallobiggrin_polaroid_1276158029_gif.gif,"Illustration - Woman Winking, Smiling, Holding a Vintage Polaroid Camera by Unomoralez.gif",
halloeb_goodgirls_1276158029_gif.gif,Blue Teeth by Uno Moralez.gif,
hand_colored_portrait_of_a_young_girl_in_a_white_dress_and_blue_bow_standing_next_to_a_chair.jpeg,Photograph - Hand-Colored Portrait of Young Girl in White Dress and Blue Bow.jpeg,
hand_colored_woodcut_of_a_figure_in_armor_and_red_cloak_holding_a_bucket_next_to_a_burning_tower.jpeg,Photograph - Two Framed Hand-Colored Woodcuts on a Textured Wall.jpeg,
hard_edge_geometric_abstract_painting_with_magenta_lime_green_yellow_and_purple_blocks.jpg,Illustration - Hard-Edge Geometric Abstract Painting with Bright Colors.jpg,
harmonykorine_jpg.jpg,Illustration - Figure In Thermal Colors Holding A Gun Against Blue Background.jpg,
harry_clarke_lirreparable_illustration_for_the_poems_of_charles_baudelaire_c_19191921.jpeg,The Man of the Crowd by Harry Clarke (1919).jpeg,
hassan_rizali_fantasia_early_21st_century.jpg,Illustration - Dynamic Painting of Horsemen in Traditional Attire Riding Through Dust.jpg,
head_and_shoulders_portrait_of_a_person_with_dark_hair_wearing_a_dark_turtleneck_against_a_textured_brown_background.jpeg,Illustration - Head-and-Shoulders Portrait of a Person with Dark Hair.jpeg,
heavily_textured_oil_painting_of_a_dense_forest_canopy_with_bright_colors.jpeg,Illustration - Textured Oil Painting: Dense Forest Canopy with Bright Colors.jpeg,
heavy_dog_kiss_by_dennis_oppenheim_2001.jpeg,Illustration - Colorful Abstract Drawing With A Pink Boat-Like Shape.jpeg,
her600_png.png,Illustration - Abstract Line Drawing of a Woman's Face with Pixelated Colors.png,
her_bluebird_of_happiness_by_lisa_clague_2021.jpeg,Illustration - Ceramic Bust of Woman Holding Blue Bird.jpeg,
her_bluebird_of_happiness_by_lisa_clague_2021_3.jpeg,"Illustration - Ceramic Bust of Woman Holding Blue Bird, Small Wings.jpeg",
herbert_james_draper_clyties_of_the_mist_jpg.jpg,Clyties of the Mist by Herbert James Draper.jpg,
heresy_by_oliver_laric_2012.jpeg,Illustration - Digital Artwork of Ruined Stone Church Interior with Robed Figure.jpeg,
hgk_23479_02122025_1_jpg.jpg,"Illustration - Blue Bird on Branch with Red Leaves, Ink Wash Style.jpg",
high_angle_photograph_of_military_vehicles_moving_down_a_wide_avenue_lined_with_trees.jpg,Photograph - High-Angle View of Tanks and Troops in Tiananmen Square.jpg,
high_contrast_color_separated_image_of_a_figure_jumping.jpg,"Screenshot - Riddles of the Sphinx by Laura Mulvey, Peter Wollen.jpg",
highly_detailed_cartoon_drawing_of_a_crowded_landscape_with_figures_and_objects.png,Illustration - Highly Detailed Cartoon Drawing of Crowded Landscape with Figures and Objects.png,
highly_detailed_multi_tiered_temple_tower_facade_covered_in_colorful_stucco_sculptures_of_hindu_deities.jpeg,"Photograph - Colorful, Multi-Tiered South Indian Temple Gopuram Adorned With Deities.jpeg",
highly_saturated_abstract_portrait_of_a_woman.webp,Illustration - Highly Saturated Abstract Portrait Of A Woman.webp,
highly_saturated_illustration_of_tropical_ocean_scene_with_dolphins_rainbow_and_coral_reef.jpg,Paradise Cove.jpg,
highly_saturated_print_of_a_hillside_cityscape_with_purple_cacti_and_orange_sky.jpeg,Illustration - Highly Saturated Hillside Cityscape With Purple Cacti And Orange Sky.jpeg,
highly_stylized_abstract_portrait_of_a_man_with_long_hair_and_a_collar_rendered_in_blue_and_orange_tones.jpg,Illustration - Highly Stylized Abstract Portrait of a Man in Blue and Orange.jpg,
highly_symmetrical_image_of_blue_and_white_geometric_tiling_on_a_vaulted_ceiling.jpeg,"Photograph - The ceiling of Shah Mosque in Isfahan, Iran.jpeg",
highly_symmetrical_image_of_blue_and_white_geometric_tiling_on_a_vaulted_ceiling_2.webp,"Photograph - Ceiling of Shah Mosque, Isfahan by Ghasem Ganeshi.webp",
highly_textured_oil_painting_of_a_forest_canopy_with_red_green_and_blue_tones_by_salaam.jpeg,Illustration - Highly Textured Painting of a Forest Canopy.jpeg,
highly_textured_painting_of_a_green_hill_under_a_blue_sky_with_white_clouds.jpeg,Illustration - Impasto Painting of a Green Hill and Cloudy Blue Sky.jpeg,
hill_climber_by_vulfpeck_2018.jpg,Hill Climber by Vulfpeck (2018).jpg,
hiroshi_jpg.jpg,Illustration - Stylized Tropical Beach Scene with Pool and Palm Trees by Hiroshi Nagai.jpg,
hollywood_hills_by_scott_naismith_2020.jpeg,Electric Avenue by Seth Armstrong.jpeg,
homefigure_upload_1000_png.png,"Illustration - Surreal Fantasy Scene with Figures, Monsters, Buildings, and Explosions.png",
hope_by_mary_brodbeck_2004.jpeg,Illustration - Colorful Print of Buoy on Water with Forest Shoreline.jpeg,
horizontal_abstract_painting_with_multicolored_crisscrossing_lines_and_black_yellow_gradient_edges.jpeg,Illustration - Abstract Painting with Multicolored Crisscrossing Lines and Gradient Edges.jpeg,
horses_1_by_jessica_bohus.jpeg,Illustration - Two Wire Sculptures of Horses on a White Pedestal.jpeg,
hortensia_by_andres_reisinger_2020.jpeg,Illustration - Translucent Pink Figure Adorned with Vibrant Pink Flowers and Green Leaves.jpeg,
hotel_room_by_paige_powell_2023.jpeg,Illustration - Two People And Baby Sleeping In Messy Hotel Room.jpeg,
how_to_change_your_mind_what_the_new_science_of_psychedelics_teaches_us_about_consciousness_dying_addiction_depression_and_transcendence_by_michael_pollan_2018.jpeg,Document - Close-Up Of A Book Page With Printed Text.jpeg,
hyper_paris_by_jean_francois_rauzier_2012.jpg,Hyper Paris (Plan Voisin) by Jean-François Rauzier (2012).jpg,
i_m_next_by_yoshitomo_nara_2011.jpeg,Illustration - Cartoon Child With Ball Among Silhouettes And Speech Bubbles.jpeg,
ic_post_the_last_thing_you_drew_artworkcritique_4chan_png.png,Screenshot - Screenshot of a 4chan Thread Discussing an Artwork.png,
icelandic_horse_by_charlotte_dumas_2006.jpg,Anima by Charlotte Dumas (2006).jpg,
ichi_by_bandit9_2022.jpg,Ichi by Bandit9 (2022).jpg,
icon_of_a_bearded_man_in_a_woven_hat_holding_a_lamb.jpeg,Illustration - Religious Icon of Bearded Man Holding Lamb.jpeg,
icon_of_christ_in_a_chasm_with_saints_on_rocky_terrain.jpeg,The Anastasis (late 15th–early 16th century).jpeg,
icon_of_the_virgin_mary_and_christ_child_giving_the_rosary_to_saint_dominic.jpeg,Illustration - Virgin Mary and Christ Child Giving Rosary to Saint Dominic.jpeg,
idea_for_communications_bay_2010.webp,Illustration - Detailed Sketch of a Futuristic Communications Bay Interior with Figure.webp,
illuminated_manuscript_fragment_with_initial_e_musical_notation_and_red_staff_lines.jpeg,Document - Illuminated Manuscript Fragment with Initial E and Musical Notation.jpeg,
illustration_of_a_child_with_falling_pants_surrounded_by_roses.jpeg,Illustration - Child With Falling Pants Amidst Roses And Distant Houses.jpeg,
illustration_of_a_figure_in_headphones_kicking_a_machine_shattering_glass_against_a_red_background.jpg,"Illustration - Figure in Headphones Kicking Machine, Shattering Glass on Red Background.jpg",
illustration_of_a_man_carving_a_wooden_head_sculpture_while_holding_a_glass_of_wine.jpg,"Image - WikiHow Page Showing Man Carving Wood, 'Have Rich Parents' Text.jpg",
illustration_of_a_person_drinking_from_a_soy_bottle_with_a_long_white_stream.jpg,Illustration - Stylized Person Drinking Soy Milk From Bottle.jpg,
illustration_of_a_prehistoric_aquatic_creature_with_scales_and_fins_resting_on_a_sandy_bank.jpeg,Image - Tiktaalik Illustration with 'Doing My Own Thang' Text.jpeg,
illustration_of_a_reclining_woman_drinking_a_cocktail.jpg,Illustration - Stylized Reclining Woman Drinking a Cocktail with Orange Slice.jpg,
illustration_of_a_woman_standing_against_a_yellow_food_pattern_background_with_a_speech_bubble_reading_i_find_myself_missing_chicken_parmesan.jpeg,Comic - Woman Standing Against Yellow Food Pattern Background With Speech Bubble.jpeg,
illustration_of_a_yellow_and_deep_purple_pansy_flower_pensee_no_7_from_the_fleurs_series_xiv.jpg,Illustration - Yellow and Deep Purple Pansy Flower Illustration.jpg,
illustration_of_a_young_woman_with_a_long_braid_and_patterned_top_standing_in_front_of_a_building_by_junji_ito.jpeg,Illustration - Tomie: Adopted Daughter by Junji Ito.jpeg,
illustration_of_an_orange_and_red_chrysanthemum_flower.jpg,Illustration - Chrysanthème.jpg,
illustration_of_five_women_with_blonde_hair_and_colorful_birds_on_a_pale_pink_background.png,The Red Summer (2017).png,
illustration_of_two_characters_on_futuristic_skates_in_a_futuristic_city_environment_by_daniel_isles_2018.jpg,Illustration - Stylized Characters Skating in a Futuristic City by Daniel Isles.jpg,
illustration_of_young_female_gymnasts_resting_and_stretching_in_a_practice_room.jpg,Illustration - Young Female Gymnasts Resting and Stretching in Practice Room.jpg,
image_asset_jpeg.jpeg,Illustration - Abstract Typewriter Drawing Of Characters And Symbols by Ruth Wolf-Rehfeldt.jpeg,
img_0536_jpeg.jpeg,The Fall of the Damned by Peter Paul Rubens (c. 1618-1620).jpeg,
img_0629_webp.webp,Illustration - Red And Black Stylized 3D Letters On White Background.webp,
img_2115_jpeg.jpeg,Illustration - Dark Figure with Skull-like Head Gazing at Abstract Shapes.jpeg,
img_2817_jpeg.jpeg,Illustration - Digital Illustration of a Woman in Green Dress.jpeg,
img_3064_jpg.jpg,Illustration - Abstract Painting Of Geometric Shapes And Flowing Forms.jpg,
img_5472_png.png,Illustration - Geometric Pattern Drawing with Red and Black Shapes on Aged Paper.png,
img_5472_png_2.png,"Diagram - Geometric Pattern Diagram with Red, Black, and Stippled Shapes.png",
impasto_oil_painting_of_a_southwestern_mesa_landscape.jpeg,Illustration - Impasto Oil Painting of a Southwestern Mesa Landscape.jpeg,
impasto_oil_painting_of_an_aspen_birch_forest_with_yellow_and_green_foliage_by_frank_balaam.jpeg,"Illustration - Vibrant Impasto Painting of a Birch Forest with Green, Yellow Leaves.jpeg",
impasto_oil_painting_of_red_and_orange_trees_in_a_landscape.jpeg,Illustration - Impasto Painting of Red and Orange Trees in a Landscape.jpeg,
impasto_painting_of_dense_green_and_yellow_foliage.jpeg,Illustration - Impasto Painting of Dense Green and Yellow Foliage.jpeg,
impressionistic_oil_painting_of_a_muted_landscape_with_foliage_and_bright_center.jpeg,Illustration - Impressionistic Muted Landscape Painting in Ornate Gold Frame.jpeg,
impressionistic_painting_of_a_field_of_flowers_by_the_sea.jpeg,Photograph - Impressionistic Painting of Flowers and Greenery Against Blue Sky.jpeg,
impressionistic_painting_of_figures_walking_in_a_park_with_flags.jpeg,Illustration - Impressionistic Painting of Figures Walking in a Park.jpeg,
indaanik_oobijigan_by_andrea_carlson_2019.jpeg,"Illustration - Vibrant Collage Artwork with Landscapes, Figures, Animals, and Text.jpeg",
indian_miniature_painting_of_a_festival_scene_with_figures_in_balconies.jpeg,Illustration - Indian Miniature Painting: Festival Scene with Figures in Balconies.jpeg,
indian_miniature_painting_of_a_multi_tiered_palace_and_garden_complex_with_cityscape.jpeg,Illustration - Indian Miniature Painting of a Grand Palace and Formal Gardens.jpeg,
indian_miniature_painting_of_a_palace_and_formal_gardens_with_a_cityscape_beyond.jpeg,"Illustration - Indian Miniature Painting of Palace, Formal Gardens, Figures, and Cityscape.jpeg",
indian_miniature_painting_of_deities_and_attendants_in_a_garden_setting.jpeg,Illustration - A Lady and Krishna Seated on a Terrace with Attendants.jpeg,
indian_miniature_painting_of_figures_in_a_multi_level_palace_structure_with_a_celestial_chariot.jpeg,Illustration - Indian Miniature Painting of Figures in Multi-Level Palace with Chariot.jpeg,
infinity_by_refik_anadol_2019.jpg,Photograph - Modern Light Installation in Grand Ornate Hall with Painted Ceiling.jpg,
infographic_chart_of_generational_kid_culture_from_early_boomer_1949_through_early_gen_alpha_2020_featuring_collages_of_media_technology_and_political_figures.png,Image - Childhood cultures of the generations.png,
ink_and_color_landscape_painting_of_mountains_water_and_a_village_with_terraced_fields.jpeg,Fishermen's Retreat at Lotus Stream Scroll by Qiu Ying.jpeg,
ink_and_color_painting_of_a_woman_with_a_staff_under_a_bare_tree.jpg,费丹旭十二金钗图册-8 by Fei Danxu.jpg,
ink_and_color_painting_of_towering_jagged_mountains_and_dense_forest.jpeg,Emperor Minghuang's Journey into Shu by Li Zhaodao (Song Dynasty).jpeg,
ink_and_marker_drawing_of_a_woman_with_blue_facial_markings_and_stylized_earrings_by_gus_o_shea_2021.jpeg,Illustration - Woman With Blue Facial Markings And Stylized Earrings.jpeg,
ink_and_marker_sketch_of_a_sunlit_orange_toned_cafe_interior_with_arched_windows.jpeg,Illustration - Sunlit Orange-Toned Cafe Interior with Arched Windows and Figure by Ethan Lee.jpeg,
ink_and_marker_sketch_of_an_interior_room_with_large_window_and_orange_chair.jpeg,Illustration - Ink and Marker Sketch of Interior Room with Orange Chair.jpeg,
ink_and_pen_drawing_of_abstract_geometric_pattern_with_dark_organic_shapes_on_a_sketchbook_spread.jpeg,Illustration - Abstract Geometric Pattern with Dark Organic Shapes on Sketchbook Spread.jpeg,
ink_and_pencil_sketches_of_military_vehicles_tanks_and_robotic_figures_on_a_sketchbook_page.jpg,Illustration - Sketches of Military Vehicles and Robotic Figures on Sketchbook Page.jpg,
ink_and_wash_drawing_in_panels_depicting_a_classical_profile_figure_and_a_stylized_warrior.jpeg,Illustration - Ink and Wash Drawing: Classical Profile and Stylized Warrior.jpeg,
ink_and_wash_drawing_of_two_stylized_heads_on_a_surface.jpeg,Illustration - Ink And Wash Drawing Of Two Stylized Heads.jpeg,
ink_and_wash_landscape_painting_of_mountains_trees_and_pavilions_with_extensive_calligraphy.jpeg,"Illustration - Ink And Wash Landscape With Mountains, Trees, Pavilions, And Calligraphy.jpeg",
ink_and_wash_painting_of_a_stylized_dark_figure_or_bird.jpeg,Illustration - Ink and Wash Painting of Stylized Dark Figure.jpeg,
ink_and_wash_scroll_painting_of_craggy_mountains_and_trees.jpeg,Photograph - Photograph of Traditional East Asian Ink Wash Mountain Scroll Paintings.jpeg,
ink_and_wash_sketch_of_a_japanese_street_corner_building_with_pink_accents.jpeg,Photograph - Hand Holding Sketchbook with Ink and Pink Wash Street Sketch.jpeg,
ink_drawing_composed_of_dense_script_overlaid_with_thick_looping_circular_lines.jpeg,Illustration - Ink Drawing: Dense Script Overlaid With Thick Looping Lines.jpeg,
ink_drawing_detail_of_three_figures_including_a_man_in_a_vest.jpeg,"Illustration - Ink Drawing Detail: Three Figures, One Man in Vest.jpeg",
ink_drawing_grid_of_16_architectural_and_landscape_sketches.jpeg,Illustration - Grid of Sixteen Ink Sketches of Architectural and Landscape Scenes.jpeg,
ink_drawing_of_a_mountain_landscape_with_trees_and_calligraphy.jpeg,Illustration - Ink Drawing of Mountain Landscape with Trees and Calligraphy.jpeg,
ink_drawing_of_a_muscular_man_with_a_spear_standing_next_to_a_lion.jpg,Illustration - Muscular Man with Spear Standing Next to Lion by Robert G. K. (R.G.K.).jpg,
ink_drawing_of_a_textured_walking_head_figure_on_a_white_background.jpeg,Illustration - Textured Walking Head Figure on White Background.jpeg,
ink_drawing_of_abstract_shapes_on_geometric_cross_hatching_in_a_sketchbook.jpeg,Illustration - Abstract Ink Drawing on Geometric Cross-Hatching in Sketchbook.jpeg,
ink_drawing_of_horizontal_lines_modulated_around_a_central_circle.jpeg,Illustration - Abstract Drawing of Horizontal Lines Modulating Around a Central Circle.jpeg,
ink_painting_of_bamboo_and_rocks_with_calligraphy_and_seals.jpeg,Illustration - Ink Painting of Bamboo and Rocks with Calligraphy and Seals.jpeg,
ink_painting_of_monumental_landscape_with_steep_mountains_and_misty_valleys.jpeg,Early Spring by Guo Xi (c. 1072).jpeg,
ink_sketch_of_a_car_with_pop_up_headlights_on_a_road.jpg,Illustration - Ink Sketch of a Car with Pop-Up Headlights on a Road.jpg,
ink_sketch_of_a_figure_drawing_a_barn_and_mountains_using_perspective_lines.jpeg,Illustration - Ink Sketch of Figure Drawing Barn and Mountains with Perspective Lines.jpeg,
ink_sketch_of_fishing_boats_docked_at_a_port_2023.jpg,Photograph - Hand Holding Sketchbook with Fishing Boat Drawing and Real Boats.jpg,
ink_sketch_of_four_figures_in_long_robes_one_gesturing.jpeg,Illustration - Ink Sketch of Four Figures in Long Robes.jpeg,
ink_sketch_of_multiple_dynamic_mecha_figures_and_head_studies.png,Illustration - Ink Sketch of Multiple Dynamic Mecha Figures and Head Studies.png,
ink_sketches_of_cyberpunk_characters_and_figure_studies_in_a_sketchbook.jpeg,Illustration - Ink Sketches of Cyberpunk Characters and Figure Studies in Sketchbook.jpeg,
ink_sketches_of_draped_figures_and_two_seated_people.jpeg,Illustration - Ink Sketches of Draped Figures and Seated People.jpeg,
ink_wash_drawing_of_abstract_swirling_forms_above_a_city_skyline.jpeg,Illustration - Ink Wash Drawing of Abstract Swirling Forms Above a City Skyline.jpeg,
innocent_manga_panel_by_shin_ichi_sakamoto_2013.jpg,Comic - Innocent by Shin'ichi Sakamoto.jpg,
installation_featuring_a_diptych_of_large_vertical_framed_drawings_with_sparse_black_line_sketches_of_organic_forms_alongside_three_smaller_framed_pieces.jpeg,Photograph - Art Installation with Framed Drawings and Smaller Pieces.jpeg,
installation_of_abstract_drawings_of_feet_on_hanging_fabric.jpeg,Illustration - Abstract Drawings of Feet on Hanging White Fabric.jpeg,
installation_of_multiple_small_colorful_abstract_paintings_in_a_gallery_setting.jpeg,Illustration - Multiple Colorful Abstract Dot Paintings Displayed in a Gallery.jpeg,
installation_of_multiple_square_abstract_paintings_featuring_colorful_dots_and_patterns.jpeg,Illustration - Installation of Multiple Square Abstract Paintings with Colorful Dots.jpeg,
installation_of_ten_framed_black_and_white_drawings_of_rocky_landscapes_overlaid_with_neon_geometric_shapes.jpeg,Photograph - Ten Framed Black And White Rocky Landscapes With Neon Geometric Shapes.jpeg,
installation_of_ten_framed_paintings_depicting_stylized_black_and_brown_figures_on_textured_white_backgrounds.jpeg,Photograph - Installation of Ten Framed Paintings of Stylized Figures.jpeg,
installation_view_of_a_long_white_gallery_space_with_four_vertical_abstract_paintings.jpeg,Photograph - Installation View of a Long White Gallery Space with Abstract Paintings.jpeg,
installation_view_of_gallery_with_black_and_white_patterned_artworks.jpeg,Photograph - Installation View of Gallery with Black and White Patterned Artworks.jpeg,
installation_view_of_three_square_abstract_paintings_with_dot_and_line_motifs.jpeg,Photograph - Installation View of Three Abstract Paintings with Dot and Line Motifs.jpeg,
instant_photograph_of_a_young_man_in_a_tuxedo.jpeg,Photograph - Young Steve Jobs Posing in a Tuxedo.jpeg,
instructional_drawing_of_a_pear_and_a_rectangular_block_comparison_of_outlined_vs_shaded_forms.jpeg,"Document - Instructional Page with Drawings of Pears and Blocks, Outlined vs. Shaded.jpeg",
instructional_poster_showing_24_studio_portrait_lighting_setups.jpg,"Illustration - LIGHTING GUIDE MASTER PRO PORTRAIT LIGHTING WITH THESE 24 ESSENTIAL STUDIO SET-UPS by Ben Brain, James Paterson, Andy McLaughlin, Roddy Llewellyn.jpg",
interior_by_dmitry_levin_2014.jpg,"Illustration - Interior Scene With A Window, Plant, And Open Door.jpg",
interior_photograph_of_a_museum_gallery_displaying_multiple_framed_paintings_and_visitors.jpeg,Photograph - Museum Gallery Interior with Visitors and Framed Paintings.jpeg,
interior_view_of_a_highly_decorated_dome_and_arches_featuring_a_large_golden_chandelier_with_red_and_green_accents.jpg,Photograph - Interior View of Highly Decorated Mosque Dome and Chandelier.jpg,
interior_view_of_a_modern_building_lounge_with_floor_to_ceiling_windows_terrazzo_floor_and_five_upholstered_wooden_chairs_arranged_around_small_tables.jpeg,Photograph - Modern Lounge with Floor-to-Ceiling Windows and Terrazzo Floor.jpeg,
interior_view_of_an_archway_with_muqarnas_and_colorful_tile_decoration.jpeg,Photograph - Interior View of Archway with Muqarnas and Colorful Tile Decoration.jpeg,
interior_view_of_an_art_exhibition_room_labeled_italia_displaying_numerous_sculptures_and_paintings.jpg,Photograph - Interior View of an Art Exhibition Room with Sculptures and Paintings.jpg,
interior_view_of_two_armchairs_and_a_table_facing_a_window_overlooking_foggy_forested_mountains.jpg,Photograph - Cozy Room With Armchairs Facing Foggy Forested Mountains.jpg,
intricate_colorful_tilework_ceiling_with_geometric_and_floral_patterns.jpg,Photograph - Intricate Colorful Tilework Ceiling with Geometric and Floral Patterns.jpg,
intricately_tiled_islamic_dome_and_archway_interior_blue_and_yellow_patterns.jpeg,Photograph - Intricately Tiled Islamic Dome And Archway Interior With Blue And Yellow Patterns.jpeg,
iranian_geometric_architectural_tilework_by_unknown_photographer_unknown_year_303.webp,Photograph - Intricate Blue Geometric Ceiling Tilework by Ghasem Baneshi.webp,
iranian_geometric_architectural_tilework_by_unknown_photographer_unknown_year_304.webp,"Photograph - Intricate Blue and White Geometric Tilework, Shah Mosque by Ghasem Baneshi.webp",
iranian_geometric_architectural_tilework_by_unknown_photographer_unknown_year_305.webp,Photograph - Intricate Geometric Tilework on an Iranian Mosque Ceiling by Ghasem Baneshi.webp,
iranian_geometric_architectural_tilework_by_unknown_photographer_unknown_year_306.webp,Photograph - Colorful Intricate Tiled Ceiling and Arches with Light Reflections by Ghasem Baneshi.webp,
iranian_geometric_architectural_tilework_by_unknown_photographer_unknown_year_307.webp,Photograph - Intricate Blue and Yellow Geometric Tilework Ceiling by Ghasem Baneshi.webp,
iranian_geometric_architectural_tilework_by_unknown_photographer_unknown_year_308.webp,Photograph - Intricate Blue Tiled Iranian Architecture Against Blue Sky by Ghasem Baneshi.webp,
iranian_geometric_architectural_tilework_by_unknown_photographer_unknown_year_309.webp,Photograph - Intricate Blue And Yellow Tiled Iranian Architectural Interior With Sunlight by Ghasem Baneshi.webp,
isfahan_lotfollah_mosque_ceiling_jpg.jpg,Photograph - Ornate Gold and Blue Tiled Ceiling.jpg,
isometric_pixel_art_drawing_of_a_kitchen_with_robots_and_food.png,Illustration - Isometric Pixel Art Illustration of Robots Working in a Kitchen.png,
j_s_sargent_1_jpg.jpg,Miss Beatrice Townsend by John Singer Sargent (1921).jpg,
jacqueslouis_david_the_consecration_of_the_emperor_napoleon_and_the_coronation_of_empress_josphine_18051807.jpg,The Coronation of Napoleon by Jacques-Louis David (1805-1807).jpg,
james_tissot_the_jewish_people_taken_into_captivity_c_18961902.jpg,The Flight of the Prisoners by James Tissot (1896-1902).jpg,
japanese_advertisement_for_ibm_thinkpad_535e_laptop_featuring_a_woman_in_red_gloves_on_the_screen.jpeg,Illustration - Japanese Advertisement for IBM ThinkPad 535E Laptop.jpeg,
jean_braud_boulevard_saintdenis_at_night_c_18851890.jpg,Illustration - Busy City Street at Night with Arch and Many Lights.jpg,
jeffery_by_young_thug_2016.jpg,Wyclef Jean by Young Thug (2016).jpg,
jeremy_mann_newsstand_21st_century.jpg,Illustration - Man and Dog at Newsstand as Train Approaches.jpg,
joan_mitchell_musee_giverny_2_jpg.jpg,Photograph - Woman Painting Large Abstract Artwork in Studio.jpg,
john_singer_sargent_portrait_drawings_wb_yeats_scaled_jpg.jpg,Portrait of W. B. Yeats by John Singer Sargent (1908).jpg,
johnsmain_4000_jpg.jpg,In Memory of My Feelings by Jasper Johns (1961).jpg,
joker_by_todd_phillips_2019.jpeg,Screenshot - Young Man and Joker Reflection on Bus by Todd Phillips.jpeg,
joseph_clement_coll_challenger_jpg.jpg,Challenger by Joseph Clement Coll.jpg,
joseph_clement_coll_fu_manchu_jpg.jpg,"Illustration - Ink Drawing of Menacing Figure, Falling Object, and Distressed Person.jpg",
juche_by_juck_juck_grunzie_2013.png,Illustration - Woman Playing Synthesizer Connected to Radio Tower by Juck Juck Grunzie.png,
jungian_psycho_symbolic_diagram_of_the_diary_web_png.png,Diagram - Colorful Network Diagram of Interconnected Psycho-Symbolic Concepts.png,
juxtaposition_of_a_potted_pilea_plant_and_multiple_satellite_dishes_on_a_building.jpeg,Photograph - Potted Pilea Plant Next to Building Covered in Satellite Dishes.jpeg,
kama_by_esther_shimazu_2021.jpeg,"Illustration - Nude Bald Figure Smiling, Holding Cup, Sitting On Plinth.jpeg",
kamo_no_chomei_jpg.jpg,Illustration - Line Drawing of Kamo no Chōmei Looking Up.jpg,
kava_by_esther_shimazu_2024.jpeg,Illustration - Nude Bald Figure Smiling and Holding a Cup.jpeg,
kleininvariantj_jpg.jpg,Diagram - Colorful Radial Plot of the j-invariant Function.jpg,
krakow_poland_by_tomasz_wiech_2013.jpg,Photograph - Purple-Toned Street Scene with Buildings and Streaking Lights.jpg,
kuala_lumpur_city_by_eko_bintang_2020.jpg,"Illustration - Detailed, Colorful Illustration of a Bustling City with Many Characters.jpg",
kuchi_zuke_kiss_by_takato_yamamoto_2002.jpg,Illustration - Two Women Kissing Amidst Ornate Patterns And Red Moon by Takato Yamamoto.jpg,
l_uomo_che_lavora_by_gianfranco_meggiato_2019.jpg,L'Uomo Che Lavora by Gianfranco Meggiato (2019).jpg,
la_venus_de_las_drogas_by_antonio_de_felipe_2015.jpeg,Illustration - Person with Pink Hair and Striped Shirt Against Patterned Background.jpeg,
labeled_cross_section_illustration_of_a_medieval_castle_keep.jpg,Illustration - Detailed Labeled Cross-Section of a Medieval Castle Keep by Stephen Biesty.jpg,
lady_guoguo_s_spring_outing_by_emperor_huizong_northern_song_dynasty.jpeg,Lady Guoguo's Spring Outing by Emperor Huizong (Northern Song dynasty).jpeg,
lady_with_an_umbrella_by_anatoly_metlan.jpeg,Illustration - Geometric Woman in Green Coat Holding Red Umbrella by Water by Georgy Kurasov.jpeg,
lakota_honorsees_the_horses_womansuwakan_ayutan_win_by_rhonda_holy_bear_2018.jpeg,Illustration - Intricately Beaded Doll with Feathered Headdress and Horns.jpeg,
landscape_by_wang_meng_yuan_dynasty.jpeg,"Photograph - Detailed Ink Painting of Mountains, Trees, and Waterfall.jpeg",
landscape_flowers_and_plants_album_leaf_by_yun_shouping_qing_dynasty.jpeg,Illustration - Painting of Pink Flowers and Green Leaves.jpeg,
landscape_of_misty_mountains_and_pine_trees.jpeg,Photograph - Misty Mountains and Pine Trees in a Hazy Landscape.jpeg,
landscape_painting_one_of_several_similar_works_visible_in_a_gallery.jpeg,Photograph - People Viewing Landscape Paintings In A Gallery.jpeg,
large_abstract_painting_with_dark_blue_ribbed_forms_on_a_yellow_background.jpeg,Photograph - Art Gallery with Abstract Paintings and Sculptural Wall Piece.jpeg,
large_abstract_painting_with_red_black_blue_and_yellow_swirls.jpeg,Photograph - Artist in Studio with Large Abstract Painting and Forest View.jpeg,
large_geometric_pointillist_painting_with_repeating_kaleidoscopic_patterns_in_yellow_orange_red_and_blue.jpeg,Photograph - Woman Painting Large Geometric Pointillist Artwork.jpeg,
laurent_gapaillard_jpg.jpg,Illustration - Intricate Ornate Fantasy Architecture Drawing in Grayscale by Laurent Gapaillard.jpg,
layered_abstract_photograph_with_figures_in_blue_and_white.jpeg,Photograph - Layered Abstract Photograph with Distorted Figures in Blue and White.jpeg,
lazy_summer_by_erin_mullis.jpeg,Illustration - Abstract Floral Forms in Warm Hues.jpeg,
lea_seydoux_by_samuel_m_price_2023.jpeg,Illustration - Close-Up Line Art Portrait of a Woman with Wavy Hair.jpeg,
lennon_jpg.jpg,Illustration - Nine Stylized Faces in Rectangular Frames by John Lennon.jpg,
letters_and_life_by_taku_satoh_2005.jpg,Illustration - Abstract Rainbow-Colored Layered Shapes on Light Background with Text.jpg,
lf_jpeg.jpeg,Explosion by Martin Sharp (1968).jpeg,
light_calligraphy_of_arabic_script_over_a_sunset_landscape_by_julien_breton.jpeg,Illustration - Light Calligraphy of Arabic Script Over Sunset Landscape by Julien Breton.jpeg,
line_art_poster_of_a_man_in_a_suit_with_new_visual_order_and_20_25_text_on_a_brown_background.png,Illustration - Line Art Poster of Man in Suit with Text and Symbols.png,
line_drawing_and_watercolor_of_a_modern_airport_terminal_with_a_traditional_thai_pavilion.jpeg,Illustration - Line Drawing and Watercolor of Modern Airport Terminal with Thai Pavilion.jpeg,
line_drawing_diagram_of_nine_architectural_crown_molding_styles.jpg,Diagram - Nine Line Drawings Illustrating Different Crown Molding Styles.jpg,
line_drawing_of_a_bare_tree_with_small_objects_hanging_from_branches.png,Illustration - Line Drawing of a Bare Tree with Small Objects Hanging.png,
line_drawing_of_a_female_character_in_cybernetic_armor_and_cloak.jpg,Illustration - Line Drawing of Female Character in Cybernetic Armor and Cloak.jpg,
line_drawing_of_a_figure_falling_above_a_dense_cityscape_against_a_light_blue_background.jpg,Illustration - Line Drawing of Figure Falling Above Dense Cityscape.jpg,
line_drawing_of_a_grotesque_fleshy_mass_on_a_spatula_labeled_road_horror.png,Illustration - Grotesque Fleshy Mass on Spatula Labeled 'Road Horror'.png,
line_drawing_of_a_hanging_potted_plant_in_a_room_corner_with_blinds.jpeg,Illustration - Line Drawing of Hanging Potted Plant in Room Corner with Blinds.jpeg,
line_drawing_of_a_heavily_armored_mecha_figure_in_action.png,Illustration - Line Drawing of Armored Mecha Figure in Action.png,
line_drawing_of_a_large_quadrupedal_industrial_machine_with_a_saw_blade_and_a_small_human_figure.png,Illustration - Line Drawing of Large Quadrupedal Machine and Small Human Figure.png,
line_drawing_of_a_man_s_head_and_a_full_body_armored_robot_mecha.png,Illustration - Line Drawing of Man's Head and Armored Robot.png,
line_drawing_of_a_mechanical_figure_and_a_muscular_figure_in_conflict.png,Illustration - Line Drawing of Muscular and Mechanical Figures in Conflict.png,
line_drawing_of_a_pig_with_snorkel_swimming_underwater_among_coral_and_marine_life.png,Illustration - Line Drawing of Pig with Snorkel Swimming Underwater Among Coral.png,
line_drawing_of_a_reclining_female_nude_by_augustus_john.jpeg,Illustration - Line Drawing of Reclining Female Nude.jpeg,
line_drawing_of_a_seated_deity_tara_surrounded_by_tibetan_script.jpeg,Illustration - Line Drawing of Green Tara with Tibetan Script.jpeg,
line_drawing_of_a_standing_female_figure_in_a_long_dress.jpeg,Illustration - Line Drawing of Standing Female Figure in Long Dress.jpeg,
line_drawing_of_a_still_life_with_bottles_and_geometric_forms.jpeg,Photograph - Photograph of a Framed Line Drawing of Still Life.jpeg,
line_drawing_of_a_stylized_woman_s_face_with_eye_patch_and_flowers_sticker_art.jpeg,Illustration - Stylized Woman's Face with Eye Patch and Flowers Sticker.jpeg,
line_drawing_of_a_woman_s_bust_in_profile_on_toned_paper.jpeg,Illustration - Line Drawing of Woman's Bust in Profile.jpeg,
line_drawing_of_five_groups_of_abstract_and_geometric_shapes_labeled_a_through_e_illustration_9_2.jpeg,Illustration - Line Drawing of Five Groups of Abstract and Geometric Shapes.jpeg,
line_drawing_of_massive_industrial_ruins_with_two_figures_on_an_orange_background.jpeg,Illustration - Line Drawing of Massive Industrial Ruins with Two Figures on Orange Background.jpeg,
line_drawing_of_multiple_male_weightlifters_and_bodybuilders_in_dynamic_poses.png,Illustration - Line Drawing of Multiple Male Weightlifters in Dynamic Poses.png,
line_drawing_of_the_lord_buddha_seated_on_the_lotus_throne.jpeg,Illustration - Line Drawing Of Buddha Seated On Lotus Throne With Attendants.jpeg,
line_drawing_of_the_wheel_of_samsara_bhavachakra.jpeg,Illustration - Detailed Line Drawing of the Buddhist Wheel of Samsara Mandala.jpeg,
line_drawing_of_three_separate_motifs_a_figure_holding_the_moon_and_earth_a_crawling_devil_and_a_silhouette_carrying_buckets.jpeg,"Illustration - Line Drawings of Figure, Devil, and Silhouette with Buckets.jpeg",
line_drawing_portrait_with_pixelated_cyan_and_magenta_blocks.png,Illustration - Line Drawing Portrait with Pixelated Cyan and Magenta Blocks.png,
line_drawing_study_of_three_human_skulls_in_different_poses.png,Illustration - Line Drawing Study of Three Human Skulls in Different Poses.png,
line_drawing_tattoo_of_two_nude_figures_dancing_one_with_horns_and_a_tail.jpeg,Photograph - Line Drawing Tattoo of Two Nude Figures Dancing.jpeg,
line_engraving_of_a_male_bust_in_profile_wearing_a_laurel_wreath_labeled_ovid.jpg,Illustration - Portrait of Ovid.jpg,
line_engraving_profile_portrait_of_a_woman_wearing_a_crown_and_pearl_earring.jpeg,Illustration - Profile Portrait of Woman Wearing Crown and Pearl Earring.jpeg,
living_room_by_patrick_hughes_2007.jpeg,Illustration - Line Drawing of a Living Room with Sunlight and Shadows.jpeg,
logan_hagege_the_sky_we_walk_under_2021.jpg,The Vermillion Trail by Mark Maggiori (2021).jpg,
logan_maxwell_hagege_southwestern_sentinel_2021.jpg,Southwestern Sentinel by Brett Allen Johnson (2021).jpg,
logan_maxwell_hagege_the_coming_storm_c_2018.jpg,Mesmerized by Mark Maggiori.jpg,
loose_graphite_sketch_of_two_figures.jpeg,"Illustration - Loose Graphite Sketch of Two Figures, After Daumier.jpeg",
loose_line_drawing_of_a_standing_female_figure_in_a_dress_on_tan_paper.jpeg,Illustration - Loose Line Drawing of Standing Female Figure in Dress.jpeg,
loose_pencil_sketch_of_a_standing_woman_with_long_wavy_hair_on_tan_paper.jpeg,Illustration - Loose Pencil Sketch of Standing Woman with Wavy Hair.jpeg,
loose_pencil_sketches_of_multiple_figures_and_heads.jpeg,Illustration - Loose Pencil Sketches of Multiple Figures and Heads.jpeg,
loose_screw_by_anna_weyant_2020.jpeg,Illustration - Woman Leaning on Balcony Railing with Cityscape Background.jpeg,
loose_screw_by_anna_weyant_2020_2.jpeg,Loose Screw by Anna Weyant (2020).jpeg,
louis_toussaint_the_battle_of_balaclava_c_18551856.jpg,The Battle of the Alma by Louis Toussaint (1855-1856).jpg,
low_poly_sculpture_of_a_four_armed_figure_with_blue_head_and_red_yellow_camouflage_pattern.jpeg,Illustration - Low-Poly Four-Armed Figure With Blue Head And Camouflage Pattern.jpeg,
ludwig_ferdinand_schnorr_von_carolsfeld_die_versuchung_christi_3260_kunsthistorisches_museum_jpg.jpg,The Temptation of Christ by Ludwig Ferdinand Schnorr von Carolsfeld (1847).jpg,
m4_motorway_sign_by_banksy_2009.jpg,Illustration - Blue Road Sign With White Abstract Knot Design.jpg,
macbook_pro_by_daniel_arsham_2019.jpeg,Illustration - MacBook Pro Embedded in Rough Concrete-like Material.jpeg,
macintosh_witch_by_fenris_2019.png,Illustration - Pixel Art Witch Flying With Macintosh Computer Against Moon.png,
magenta_ink_drawing_of_swirling_patterns_and_mathematical_equations_on_graph_paper.jpeg,Illustration - Magenta Ink Drawing: Swirling Patterns and Mathematical Equations on Graph Paper.jpeg,
man_painting_parallel_wavy_lines_in_cool_colors_on_a_brick_wall.jpg,Photograph - Man Painting Wavy Lines On Brick Wall With Roller.jpg,
maniac_by_conan_gray_2019.jpeg,Maniac by Conan Gray (2019).jpeg,
manonfire_jpg.jpg,Photograph - Self-immolation of Aaron Bushnell.jpg,
map_of_the_mandelbrot_set_by_bill_tavis_and_leonard_massin_2004.jpeg,Diagram - Detailed Diagram of the Mandelbrot Set and Related Fractals by Bill Tavis and Leonard Massin.jpeg,
map_projection_centered_on_antarctica_showing_the_world_ocean.jpg,Diagram - The Spilhaus Projection by Athelstan Spilhaus.jpg,
marble_sculpture_of_a_cherub_covering_a_woman_s_eyes.jpg,Illustration - Marble Sculpture of Cherub Covering Woman's Eyes.jpg,
mark_maggiori_out_where_the_big_clouds_are_2022.jpg,Photograph - Artist Mark Maggiori Posing With His Western Painting by Mark Maggiori.jpg,
mark_roth_current_2017.jpeg,Illustration - White Deer With Pylon Antlers Against Dark Blue Background.jpeg,
marker_and_ink_drawing_of_a_grey_hatchback_car.jpg,Illustration - Marker And Ink Drawing Of A Grey Hatchback Car.jpg,
marker_and_ink_sketch_of_a_woman_s_head_with_blue_eyes_and_brown_hair.jpeg,Illustration - Marker and Ink Sketch of a Woman's Head with Blue Eyes.jpeg,
marker_drawing_of_a_running_anime_style_character_with_enjoy_everything_text_on_a_cabinet_door.jpg,"Photograph - Marker Drawing of Running Anime Character, 'Enjoy Everything' Text, Plush Toy.jpg",
marker_drawing_of_a_stylized_character_in_a_helmet_and_oversized_clothes.png,Illustration - Stylized Character in Helmet and Oversized Clothes.png,
matangi.jpg,Matangi.jpg,
matissedrawingslg_jpg.jpg,Illustration - Four Line Drawings of a Man with Glasses and Mustache.jpg,
matta_au_fond_du_reflet_jpg.jpg,Illustration - Abstract Painting With Swirling White Lines And Yellow-Green Tones by Roberto Matta.jpg,
mc_escher_metamorphosis_ii_19391940.jpg,"Illustration - Long Artwork Showing Continuous Transformation Of Patterns, Animals, And Townscape.jpg",
medical_scan_of_an_obese_human_figure_showing_skeleton_and_internal_organs.jpeg,Diagram - Medical Scan of Obese Human Figure Showing Skeleton and Organs.jpeg,
mehrdad_08_jpg.jpg,Photograph - Intricate Geometric and Floral Patterned Ceiling in Iranian Mosque Architecture by Mehrdad Rasoulifard.jpg,
meme_graphic_titled_the_aesthetic_brain_featuring_a_wojak_style_character_and_a_green_handheld_device.png,Image - Wojak-Style Character And Green Handheld Device With Text.png,
mermaid_by_victor_nizovtsev_2006.jpg,Illustration - Mermaid with Red Hair and Goldfish in Water by Victor Nizovtsev.jpg,
messett_s_musical_entertainers.jpeg,Illustration - Vintage Poster: Woman In White Costume With Musical Entertainers.jpeg,
metal_panel_covered_in_layers_of_stickers_graffiti_and_paint.jpeg,"Photograph - Metal Panel Covered in Layers of Stickers, Graffiti, and Paint.jpeg",
michelangelo1_small_png.png,Illustration - Abstract Outlines of Figures Over Bright Granular Colors with Red Seal.png,
michelangelo_merisi_da_caravaggio_the_conversion_on_the_way_to_damascus_16001601.jpg,The Conversion on the Way to Damascus by Caravaggio (1600-1601).jpg,
michigan_united_states_of_america_by_cal_crotchett.jpeg,Illustration - Abstract Floral Outlines on Blue Background.jpeg,
mike_mearls_the_dungeon_master_by_ken_bastian_2015.jpeg,A Pudgy God by Stephen Andrade.jpeg,
milan_by_christian_boltanski_2007.jpeg,Illustration - Airbrushed Portrait Of Two People Before Milan Duomo by Elena Rotenberg.jpeg,
miniature_painting_of_a_dancing_red_deity_on_a_lotus_throne.jpeg,Illustration - Miniature Painting of Dancing Red Deity on Lotus.jpeg,
miniature_painting_of_a_red_seated_buddha_figure_on_a_lotus_throne.jpeg,Illustration - Red Seated Buddha Figure on Lotus Throne with Halo.jpeg,
miniature_painting_of_a_red_seated_buddha_figure_on_a_lotus_throne_2.jpeg,Illustration - Red Seated Buddha Figure on Lotus Throne with Halo (2).jpeg,
miniature_painting_of_a_seated_buddha_on_a_lotus_throne_with_tibetan_script.jpeg,Illustration - Seated Buddha on Lotus Throne with Tibetan Script.jpeg,
miniature_painting_of_a_wrathful_red_deity_surrounded_by_flames_with_tibetan_script_below.jpeg,Illustration - Wrathful Red Deity Surrounded by Flames with Tibetan Script.jpeg,
minidisc_cartridge_with_pink_cube_mix_graphics.jpg,Photograph - MiniDisc Cartridge with Pink Cube Graphics.jpg,
minimalist_painting_of_layered_hills_reflected_in_water_with_pink_and_blue_gradient_sky.jpeg,Illustration - Minimalist Layered Hills Reflected In Water Under A Gradient Sky.jpeg,
minimalist_photograph_of_a_single_tree_in_a_desert_landscape.jpeg,Photograph - Minimalist Photograph of a Single Tree in a Desert Landscape.jpeg,
mixed_media_artwork_with_rolling_stone_logo_and_blindfolded_man.jpeg,Illustration - Mixed Media Artwork with Rolling Stone Logo and Blindfolded Man.jpeg,
mixed_media_collage_and_drawing_featuring_abstract_red_black_and_grey_patterns_surrounding_a_central_square_with_two_interlocking_figures_forming_a_maze_by_jen_wenkai_2024.jpeg,Illustration - Abstract Mixed Media with Interlocking Figures and Maze.jpeg,
mixed_media_collage_featuring_sheet_music_red_polka_dots_and_cherry_imagery.jpeg,"Illustration - Mixed Media Collage with Sheet Music, Red Polka Dots, and Cherries.jpeg",
mixed_media_drawing_of_white_mossy_tree_branches_over_layered_brown_strata_by_maysey_craddock.jpeg,Illustration - White Mossy Tree Branches Over Layered Brown Strata.jpeg,
mixed_media_drawing_with_architectural_sketches_text_commentary_on_frank_lloyd_wright_and_abstract_squares.jpeg,"Illustration - Mixed Media Drawing with Architectural Sketches, Text, and Abstract Squares.jpeg",
mixed_media_floral_still_life_with_yellow_impasto_flowers_and_red_halftone_flower.jpeg,Illustration - Mixed Media Floral Still Life with Yellow Impasto and Red Halftone Flowers.jpeg,
mixed_media_installation_with_stacked_projectors_papers_and_lamp_illuminating_a_dark_blue_image.jpeg,"Illustration - Mixed Media Installation with Stacked Projectors, Papers, and Lamp.jpeg",
mixed_media_painting_of_two_women_in_hats_smoking.jpeg,Illustration - Mixed Media Painting of Two Women in Hats Smoking.jpeg,
modern_icon_of_christ_holding_a_crown_of_thorns_against_a_dark_blue_abstract_background.jpeg,Illustration - Iconic Christ Figure Holding Crown of Thorns Against Abstract Blue Background.jpeg,
modular_wooden_artwork_with_mirrored_section_reflecting_legs_a_photographic_insert_of_a_hand_and_a_dark_panel.jpeg,"Photograph - Gallery Interior with Wooden Artwork, Mirrored Section, and Hand Photo.jpeg",
molecular_diagram_of_a_bacterial_flagellar_motor_complex_showing_membrane_layers_and_labeled_components.jpeg,Illustration - Detailed Molecular Diagram of a Bacterial Flagellar Motor.jpeg,
monochromatic_oil_study_of_three_female_heads_with_dramatic_lighting.png,Illustration - Monochromatic Oil Study of Three Female Heads with Dramatic Lighting.png,
monochromatic_portrait_painting_of_an_older_woman_with_a_smirk.jpeg,Illustration - Monochromatic Portrait Painting of an Older Woman with a Smirk by Stefan Burnett.jpeg,
monstruo_mexicano_exhibition_poster_by_chema_skandal_2010.jpeg,Illustration - Pop Art Style Monster And Woman In Bikini Poster.jpeg,
morning_light_by_william_maus.jpeg,Illustration - Native American Rider On Horseback With Tipis At Sunset.jpeg,
motoko_kusanagi_by_josan_gonzalez_2017.jpg,Illustration - Black and White Illustration of Motoko Kusanagi with a Gun.jpg,
mr_goody_goody_by_kenny_scharf_2021.jpeg,"Illustration - Vibrant, Chaotic Cartoon Artwork With Various Characters And Objects.jpeg",
muddy_waters_buffalo_springfield_web_jpg.jpg,Illustration - Psychedelic Concert Poster with Stylized Face and Swirling Text.jpg,
multi_color_print_of_blueberry_branches_and_leaves.jpeg,Illustration - Multi-Color Print of Blueberry Branches and Leaves.jpeg,
multi_color_print_of_water_ripples_and_rocky_coastline.webp,Illustration - Graphic Print of Rippling Ocean Water and Coastal Rocks.webp,
multi_panel_ink_drawing_depicting_crowds_of_men_in_suits_in_office_environments.jpeg,Comic - Multi-Panel Ink Drawing of Men in Dystopian Office Environments by Hariton Pushwagner.jpeg,
multicolor_diagram_of_complex_electronic_circuitry_or_integrated_circuit_layout.jpg,Diagram - Multicolor Diagram of Complex Electronic Circuitry Layout.jpg,
multicolored_fractal_design_on_black_background.jpeg,Illustration - Multicolored Fractal Design on Black Background.jpeg,
multiple_pencil_and_ink_sketches_on_lined_paper_including_a_portrait_nude_figures_and_a_cartoon_rabbit.jpeg,"Illustration - Multiple Pencil and Ink Sketches on Lined Paper: Portrait, Nudes, Rabbit.jpeg",
mural_in_progress_of_horizontal_colored_lines_on_a_brick_wall.webp,Illustration - Street Artist Painting Wavy Lines on Brick Wall by Revok.webp,
mural_of_a_person_in_a_conical_hat_and_red_shirt_riding_a_black_water_buffalo.png,Illustration - Mural of Person in Conical Hat Riding Black Water Buffalo.png,
mural_of_a_person_painting_a_red_green_and_white_geometric_pattern_on_a_wall.jpg,"Photograph - Person Painting Red, Green, And White Geometric Pattern On Wall.jpg",
mural_of_a_red_devil_figure_holding_a_trident_labeled_el_diablito_and_numbered_2.jpeg,EL DIABLITO.jpeg,
murmuration_by_sren_solkr_2017.jpeg,Photograph - Large Flock of Birds Forming Wave-like Shape.jpeg,
museum_installation_view_of_a_grid_of_photographs_and_exhibition_text_behind_reflective_glass.jpeg,Photograph - Museum Installation View of Photographs and Text Behind Reflective Glass.jpeg,
my_people_did_not_let_my_people_in_so_they_flew_home_by_marcela_okeke_2023.jpeg,Illustration - Two Figures In Vibrant Pink And Blue Abstract Landscape.jpeg,
nah_by_d_angelo_lovell_williams_2018.jpeg,"Photograph - Person Submerged in Water, Seen From Above.jpeg",
nail_art_depicting_a_first_person_perspective_video_game_scene.jpg,Illustration - Nail Art Depicting First-Person DOOM Video Game Scene.jpg,
nameless_by_laura_catherwood_2024.jpeg,Illustration - Orange Cat Upside Down Staring at a Green Beetle.jpeg,
nami_by_guweiz_2019.jpeg,Illustration - Red-Haired Woman With Tattoo In Water Looking Up.jpeg,
nasa_spiders_drugs_experiment_3_jpg.jpg,Diagram - Diagram Of Two Spider Webs From Drug Experiment.jpg,
nasa_spiders_drugs_experiment_5_jpg.jpg,Diagram - Two Diagrams Comparing Normal Spider Web to Drug-Affected Web.jpg,
nasa_spiders_drugs_experiment_6_jpg.jpg,"Diagram - Two Spider Webs, One Regular, One Irregular.jpg",
nature_s_voiceprint_by_kirk_rosenkranz.jpeg,"Illustration - Abstract Lake with Forest, Mountains, and Stylized Water Reflections.jpeg",
navajo_blanket_by_terri_kelly_moyers_2021.jpeg,Navajo Blanket by Terri Kelly Moyers (2021).jpeg,
needlepoint_tapestry_of_a_large_floral_bouquet_in_an_ornate_wooden_frame.jpeg,Illustration - Needlepoint Tapestry of Floral Bouquet in Ornate Frame.jpeg,
nemfrog_jpg.jpg,Diagram - Eight Numbered Graphs Illustrating Harmonic Curves.jpg,
neo_tokyo_2019_by_kilian_eng_2019.jpg,The Raid by Josan Gonzalez and Laurie Greasley.jpg,
never_rest_unrest_by_tiffany_sia_2020.jpeg,Photograph - Exhibition Label for Tiffany Sia's Never Rest-Unrest on Wall.jpeg,
new_english_garden_by_sarah_bouchard.jpeg,Illustration - Textured Abstract Painting of Colorful Flowers in a Field.jpeg,
nhs_update_by_liam_brazier_2020.jpg,Illustration - Stylized Human Head Being Updated with Wires and Progress Bar.jpg,
nichtschwimmerbecken_schwimmhalle_anton_saefkow_platz_by_eline_brontsema_2024.jpg,"Nichtschwimmerbecken, Schwimmhalle Anton Saefkow-Platz by Eline Brontsema (2024).jpg",
nick_carter_weekly_no_136_une_fumerie_d_opium_an_anarchist_plot.jpeg,Comic - Man In White Pushing Door To Opium Den With Sleeping Figures.jpeg,
nicolas_lefeuvre_monumental_baroque_fantastical_architecture_21st_century.jpg,Illustration - Detailed Ornate Fantastical Baroque Architecture Drawing by Laurent Gapaillard.jpg,
night_by_waneella_2015.jpeg,Illustration - Pixel Art Of A Person In A Messy Room At Night.jpeg,
nighttime_photograph_of_a_memorial_with_flowers_candles_and_a_red_heart_balloon.webp,"Photograph - Nighttime Memorial with Flowers, Candles, Teddy Bears, and Red Balloon.webp",
nine_framed_black_and_white_prints_depicting_draped_fabric_folds_in_a_grid_installation.jpeg,Photograph - Person Viewing Art Installation in a Modern Gallery.jpeg,
no_problem_single_cover_art_by_chance_the_rapper_2016.jpeg,Illustration - Black Silhouettes of Two Figures in a Frame on Gradient Background.jpeg,
not_straight_lines_jpg.jpg,Illustration - White Background With Many Wavy Horizontal Lines.jpg,
null_18_jpeg.jpeg,Illustration - Two White Cranes Among Green Ferns on Gold Background by Jessie Arms Botke.jpeg,
nyanko_by_fuyuko_matsui_2007.jpeg,Illustration - Close-up Painting of Cat Paw with Extended Bloody Claws by Miki Kim.jpeg,
oil_painting_depicting_two_seated_women_one_wearing_a_white_garment_with_blue_polka_dots_and_the_other_wearing_a_solid_blue_garment.jpeg,"Illustration - Two Seated Women, One In Polka Dots, One In Blue.jpeg",
oil_painting_of_a_blocky_blue_structure_with_game_interface.jpeg,Illustration - Oil Painting of Minecraft Scene with Blue Blocks and Torches by Cayde.jpeg,
oil_painting_of_a_blossom_orchard_with_green_grass_and_yellow_flowers.jpeg,Illustration - Oil Painting of a Blossom Orchard with Green Grass and Yellow Flowers by Fernande de Gavere.jpeg,
oil_painting_of_a_close_up_abstracted_face_in_grayscale.jpeg,Illustration - Close-Up Abstracted Face Painting in Grayscale Tones.jpeg,
oil_painting_of_a_close_up_portrait_of_a_person_with_blue_eyes_and_pale_hair.jpeg,Illustration - Close-Up Portrait of a Person with Blue Eyes.jpeg,
oil_painting_of_a_coastal_landscape_with_figures_and_flags_central_artwork_in_gallery.jpeg,Photograph - Museum Gallery With Visitors Viewing Artworks.jpeg,
oil_painting_of_a_colorful_floral_bouquet_in_a_glass_vase.jpeg,Illustration - Colorful Floral Bouquet in Glass Vase on Table.jpeg,
oil_painting_of_a_cowboy_on_horseback_leading_a_pack_mule_in_a_mountain_landscape_by_w_preston_hughes.jpeg,Illustration - Cowboy on Horseback Leading Pack Mule in Mountain Landscape by W. Preston Hughes.jpeg,
oil_painting_of_a_crowd_of_people_in_blue_and_red_tones.jpeg,Illustration - Crowd of People in Blue and Red Tones.jpeg,
oil_painting_of_a_dark_figure_in_motion_on_a_white_background.jpeg,Illustration - Abstract Dark Figure in Motion on White Background.jpeg,
oil_painting_of_a_dissolving_head_in_profile_with_an_exposed_brain_and_an_internal_candle_flame.jpg,Illustration - Surreal Painting of Dissolving Head with Exposed Brain and Internal Candle.jpg,
oil_painting_of_a_dramatic_storm_cloud_over_a_dark_landscape.jpeg,Illustration - Oil Painting of a Dramatic Storm Cloud Over a Dark Landscape.jpeg,
oil_painting_of_a_figure_in_a_black_mask_and_a_dark_creature.jpg,Illustration - Masked Figure With Green Eyes And Dark Creature.jpg,
oil_painting_of_a_figure_in_a_dark_hood_smoking_with_a_partially_obscured_face.jpg,Illustration - Portrait of Hooded Figure Smoking with Swirling Smoke.jpg,
oil_painting_of_a_flower_garden_with_pink_and_yellow_blooms_by_william_puthuff.jpeg,Illustration - Vibrant Flower Garden With Pink And Yellow Blooms.jpeg,
oil_painting_of_a_garden_with_pink_and_yellow_flowers_and_a_low_stone_wall.jpeg,Illustration - Oil Painting of a Garden with Pink and Yellow Flowers.jpeg,
oil_painting_of_a_gaunt_figure_confronting_a_person_in_glasses.jpg,"Illustration - Gaunt Figure Confronting Person in Glasses, Muted Tones.jpg",
oil_painting_of_a_giant_figure_overlooking_fleeing_people_and_animals.jpg,The Colossus by Francisco de Goya (1808-1812).jpg,
oil_painting_of_a_girl_in_white_offering_a_red_apple_to_a_robed_figure.jpg,Illustration - Young Girl in White Offering Red Apple to Robed Figure.jpg,
oil_painting_of_a_girl_with_green_eyes_and_bob_hair_against_a_red_background.jpeg,Illustration - Girl with Green Eyes and Bob Hair Against Red Background.jpeg,
oil_painting_of_a_glowing_blue_stylized_plant_with_two_yellow_flowers.jpg,Illustration - Glowing Blue Stylized Plant With Two Yellow Flowers.jpg,
oil_painting_of_a_grassy_meadow_and_dense_forest_edge.jpeg,Illustration - Oil Painting of a Grassy Meadow and Dense Forest Edge.jpeg,
oil_painting_of_a_grassy_valley_path_leading_between_dark_hills.jpeg,Illustration - Oil Painting of a Grassy Valley Path Between Dark Hills.jpeg,
oil_painting_of_a_green_gatorade_frost_bottle.jpeg,Illustration - Oil Painting of a Green Gatorade Frost Bottle by Noah Verrier.jpeg,
oil_painting_of_a_hairy_figure_in_a_hat_playing_a_saxophone.jpg,Illustration - Hairy Monstrous Figure in Hat Playing Saxophone.jpg,
oil_painting_of_a_hand_emerging_from_pink_draped_satin_fabric.jpeg,Illustration - Hand Emerging From Pink Draped Satin Fabric.jpeg,
oil_painting_of_a_horseman_in_a_red_cloak_on_a_white_horse_at_a_stone_well.jpeg,Illustration - Horseman in Red Cloak on White Horse at Stone Well.jpeg,
oil_painting_of_a_large_orange_and_pink_cumulonimbus_cloud_over_a_dark_desert_landscape.jpeg,Illustration - Large Orange And Pink Cumulonimbus Cloud Over Dark Desert Landscape.jpeg,
oil_painting_of_a_layered_composition_featuring_a_sun_face_and_a_skull_in_white_tones.jpeg,"Illustration - Layered White Painting with Sun Face, Skull, and Faint Figures.jpeg",
oil_painting_of_a_man_and_woman_holding_hands_in_a_green_field.jpeg,Illustration - Man and Woman Holding Hands in Green Field.jpeg,
oil_painting_of_a_man_resembling_mark_zuckerberg_drinking_barbecue_sauce_directly_from_a_bottle.jpg,Illustration - Painting of Man Resembling Mark Zuckerberg Drinking Barbecue Sauce by Chapman.jpg,
oil_painting_of_a_man_s_portrait_overlaid_with_geometric_digital_patterns.png,Illustration - Oil Painting of Man's Portrait with Digital Geometric Overlay.png,
oil_painting_of_a_panoramic_field_of_yellow_and_orange_flowers_in_green_grass.jpeg,Illustration - Panoramic Field of Yellow and Orange Flowers in Green Grass.jpeg,
oil_painting_of_a_park_landscape_with_bare_trees_and_distant_city_towers.jpeg,Photograph - Four Framed Paintings Displayed In A Museum Gallery.jpeg,
oil_painting_of_a_person_drawing_the_cool_s_symbol.jpeg,Illustration - Person Drawing The Cool S Symbol.jpeg,
oil_painting_of_a_person_drawing_the_stylized_s_symbol.jpeg,Illustration - Person Drawing Stylized 'S' Symbol on Whiteboard.jpeg,
oil_painting_of_a_person_with_large_dark_hair_looking_upwards_against_a_blurred_background.jpeg,Illustration - Oil Painting of Person with Large Dark Hair Looking Upwards.jpeg,
oil_painting_of_a_pot_boiling_on_a_gas_stove_with_blue_flame.jpg,Cooking by Jeremy Miranda (2023).jpg,
oil_painting_of_a_rider_on_horseback_in_a_southwestern_canyon_landscape.jpeg,Illustration - Oil Painting of Rider on Horseback in Desert Canyon.jpeg,
oil_painting_of_a_rocky_coastline_with_a_pine_tree.jpeg,Photograph - Two Framed Oil Paintings Hanging on a Textured Wall.jpeg,
oil_painting_of_a_rocky_landscape_with_a_kneeling_figure_tomb_and_skeleton.jpeg,"Illustration - Rocky Landscape with Kneeling Figure, Tomb, Skeleton, and Distant City.jpeg",
oil_painting_of_a_rocky_landscape_with_dense_trees_and_cloudy_sky.jpeg,Landscape at Chailly by Frederic Bazille (1865).jpeg,
oil_painting_of_a_seated_female_figure_in_a_limited_gray_and_brown_palette.jpeg,Illustration - Seated Female Figure in Limited Gray and Brown Palette.jpeg,
oil_painting_of_a_seated_figure_with_blurred_face_holding_a_cigarette_and_drink.jpg,Canto by Juliano Mazzuchini (2020).jpg,
oil_painting_of_a_seated_woman_with_blank_face_holding_a_key_and_ring_featuring_a_large_unpainted_patch.jpeg,"Portrait of Mariana de Silva y Sarmiento, Duchess of Huescar (Unfinished) by Anton Raphael Mengs (c. 1775).jpeg",
oil_painting_of_a_seated_young_man_in_a_pink_shirt_holding_a_hat.jpeg,Illustration - Seated Young Man in Pink Shirt Holding Hat.jpeg,
oil_painting_of_a_snowy_city_street_at_night_with_cars_and_a_tree_decorated_with_red_lights.jpg,Illustration - Snowy City Street at Night with Red-Lit Tree and Cars by T. Strömndahl.jpg,
oil_painting_of_a_steep_residential_street_with_parked_cars.jpeg,Pulled Up by Rob Pointon (2016).jpeg,
oil_painting_of_a_still_life_with_a_white_horse_statue_and_dark_vase.jpg,"Illustration - Still Life With White Horse Statue, Vase, And Flowers by David A. Leffel.jpg",
oil_painting_of_a_still_life_with_an_open_book_dark_cup_and_clear_glass_on_a_green_table.jpeg,"Illustration - Still Life with Open Book, Dark Cup, and Clear Glass.jpeg",
oil_painting_of_a_still_life_with_grapes_flowers_wheat_and_a_blue_ribbon.jpeg,"Illustration - Still Life with Flowers, Grapes, Wheat, and Blue Ribbon.jpeg",
oil_painting_of_a_still_life_with_pink_flowers_green_grapes_and_a_blue_and_white_jar.jpeg,"Illustration - Still Life with Pink Flowers, Green Grapes, and Blue Jar.jpeg",
oil_painting_of_a_sunset_landscape_rendered_in_square_brushstrokes.jpg,Illustration - Abstract Oil Painting of a Sunset Landscape with Square Brushstrokes.jpg,
oil_painting_of_a_sunset_sky_with_purple_and_orange_clouds_over_a_dark_landscape.jpeg,Illustration - Oil Painting of a Sunset Sky with Purple and Orange Clouds Over a Dark Landscape.jpeg,
oil_painting_of_a_valencia_club_building_and_cars_under_a_split_day_night_sky.jpeg,Illustration - Valencia Club Building and Cars Under Split Day-Night Sky.jpeg,
oil_painting_of_a_vineyard_landscape_with_distant_hills.jpeg,Illustration - Oil Painting of a Vineyard Landscape with Distant Hills.jpeg,
oil_painting_of_a_waterfall_in_a_dark_landscape.jpeg,Photograph - Museum Gallery Corner with Three Framed Landscape Paintings.jpeg,
oil_painting_of_a_western_canyon_landscape_with_sheep_and_dramatic_clouds.jpeg,Illustration - Oil Painting of Western Canyon Landscape with Sheep and Clouds.jpeg,
oil_painting_of_a_white_block_structure_against_a_red_background.jpeg,Illustration - White Block Structure Against Red Background.jpeg,
oil_painting_of_a_winding_road_through_autumn_trees_with_a_curve_sign.jpeg,Illustration - Oil Painting of Winding Road Through Autumn Trees with Curve Sign.jpeg,
oil_painting_of_a_woman_holding_a_source_of_warm_light_by_agnieszka_rzonca_2016.jpeg,Illustration - Woman Holding A Source Of Warm Light In Darkness.jpeg,
oil_painting_of_a_woman_in_a_purple_shawl_outside_an_adobe_pueblo_at_night.jpeg,Illustration - Woman in Purple Shawl Outside Adobe Pueblo at Night.jpeg,
oil_painting_of_a_woman_in_a_white_bonnet_holding_a_child_in_a_yellow_and_white_dress.jpeg,Illustration - Woman in White Bonnet Holding Child in Yellow Dress.jpeg,
oil_painting_of_a_woman_in_a_white_dress_floating_in_dark_water.jpeg,Illustration - Woman in White Dress Floating in Dark Water.jpeg,
oil_painting_of_a_woman_in_a_white_fringed_showgirl_costume_and_blue_feather_headdress.jpeg,Illustration - Woman in White Fringed Showgirl Costume and Blue Feather Headdress.jpeg,
oil_painting_of_a_woman_preparing_tortillas_in_a_traditional_kitchen_by_carlos_bueno_2006.jpeg,Illustration - Woman Preparing Tortillas In Traditional Kitchen.jpeg,
oil_painting_of_a_woman_s_profile_against_a_dark_red_background.jpg,Illustration - Oil Painting of Woman's Profile Against Dark Red Background.jpg,
oil_painting_of_a_woman_with_dark_hair_and_purple_clothing.jpeg,Illustration - Oil Painting of a Woman with Dark Hair and Purple Clothing.jpeg,
oil_painting_of_a_young_girl_in_hanbok_with_interwoven_ribbon_background.jpeg,Illustration - Colorful Painting of Young Girl in Hanbok with Ribbon Background.jpeg,
oil_painting_of_a_young_person_looking_down_in_a_dark_hoodie.jpg,Illustration - Portrait of Young Person Looking Down in Hoodie.jpg,
oil_painting_of_an_abstract_landscape_with_yellow_sky_blue_water_and_brown_green_foreground.jpeg,"Illustration - Abstract Landscape Painting with Yellow Sky, Blue Water, Brown and Green Foreground.jpeg",
oil_painting_of_an_adult_and_child_seated_at_a_table_with_a_bottle.jpeg,Illustration - Oil Painting of an Adult and Child Seated at a Table.jpeg,
oil_painting_of_an_elderly_woman_seated_in_a_garden_with_a_parasol.jpeg,Illustration - Impressionistic Painting of Elderly Woman with Parasol in Garden.jpeg,
oil_painting_of_an_indigenous_woman_carrying_a_child_in_a_desert_landscape.jpeg,Illustration - Indigenous Woman Carrying Child in Desert Landscape.jpeg,
oil_painting_of_colorful_segmented_fields_with_a_row_of_dark_trees.jpeg,Illustration - Colorful Segmented Landscape with Fields and Trees by Wayne Thiebaud.jpeg,
oil_painting_of_cows_in_a_polder_landscape_with_windmill.jpeg,Illustration - Cows in a polder landscape with a windmill and cloudy sky.jpeg,
oil_painting_of_dark_mountains_under_blue_sky.jpeg,Photograph - Wall with Multiple Framed Paintings and Decorative Items on Shelf.jpeg,
oil_painting_of_figures_and_a_dog_by_a_swimming_pool.jpeg,Illustration - Figures And Dog By A Swimming Pool.jpeg,
oil_painting_of_figures_and_traffic_lights_in_saturated_pink_and_orange_hues.jpeg,Illustration - Saturated Pink and Orange Painting of Figures and Traffic Lights.jpeg,
oil_painting_of_figures_horses_and_goats_gathered_at_a_stone_well_in_a_rocky_landscape.jpeg,"Illustration - Figures, Horses, Goats Gathered at Stone Well in Rocky Landscape.jpeg",
oil_painting_of_fishing_boats_docked_in_a_busy_harbor.jpeg,Illustration - Oil Painting of Fishing Boats Docked in a Busy Harbor.jpeg,
oil_painting_of_five_people_gathered_around_a_table.jpeg,Illustration - Oil Painting of Five People Gathered Around a Table.jpeg,
oil_painting_of_interlocking_abstract_shapes_in_peach_blue_and_gray_tones.jpeg,"Illustration - Abstract Interlocking Shapes in Peach, Blue, and Gray Tones.jpeg",
oil_painting_of_nude_figures_dancing_in_a_dark_forest.jpg,"Illustration - Nude Figures Dancing in a Dark, Expressive Forest.jpg",
oil_painting_of_red_and_yellow_roses_in_a_glass_vase.jpeg,Illustration - Oil Painting of Red and Yellow Roses in Glass Vase.jpeg,
oil_painting_of_red_and_yellow_roses_in_a_glass_vase_against_a_golden_background.jpeg,Illustration - Still Life of Red and Yellow Roses in Glass Vase.jpeg,
oil_painting_of_security_cameras_with_red_abstract_figures.jpeg,Illustration - Oil Painting of Security Cameras with Red Abstract Figures.jpeg,
oil_painting_of_still_life_with_hanging_hare_duck_pie_and_bottles_in_an_archway.jpeg,"Illustration - Still Life with Hanging Hare, Duck, Pie, Bottles, and Fruit.jpeg",
oil_painting_of_the_virgin_mary_in_the_clouds_with_cherubs_and_a_dove.jpg,The Immaculate Conception by Bartolomé Esteban Murillo (1678).jpg,
oil_painting_of_three_figures_in_an_interior.jpeg,Illustration - Oil Painting of Three Figures in an Interior.jpeg,
oil_painting_of_three_figures_two_women_in_red_dresses_one_man_in_grey_suit_seated_indoors.jpeg,Illustration - Stylized Painting of Three Figures Indoors with Cards.jpeg,
oil_painting_of_two_female_figures_one_crouching_and_one_reclining_against_a_yellow_background.jpeg,Illustration - Oil Painting of Two Female Figures Against a Yellow Background.jpeg,
oil_painting_of_two_folding_chairs_on_a_patio_next_to_blue_water.jpeg,Illustration - Two Folding Chairs on Patio Next to Blue Water.jpeg,
oil_painting_of_two_headless_figures_in_suits_against_a_yellow_and_brown_gradient_background.jpeg,Illustration - Two Headless Figures In Suits Against Gradient Background.jpeg,
oil_painting_of_two_large_trees_on_a_bluff_overlooking_a_beach_and_ocean.jpeg,Illustration - Two Large Trees on Bluff Overlooking Beach and Ocean.jpeg,
oil_painting_of_two_nude_figures_in_a_vibrant_stylized_landscape_with_steps.jpeg,Illustration - Two Nude Figures In Vibrant Stylized Landscape With Steps.jpeg,
oil_painting_of_women_reclining_in_a_lush_orientalist_conservatory.jpeg,The Interior of the Palm House on the Pfaueninsel Near Potsdam by Carl Blechen (1832-1833).jpeg,
oil_painting_portrait_of_a_man_in_a_dark_jacket_and_blue_shirt_against_a_blue_background.jpeg,Illustration - Portrait of a Man in Dark Jacket and Blue Shirt.jpeg,
oil_painting_portrait_of_a_man_in_a_dark_suit.jpeg,Illustration - Oil Painting Portrait of a Man in a Dark Suit.jpeg,
oil_painting_portrait_of_a_woman_with_exaggerated_features_blonde_hair_and_blue_eyes.jpeg,"Illustration - Painting of Woman with Exaggerated Features, Blonde Hair, Blue Eyes.jpeg",
oil_painting_portrait_of_an_east_asian_woman_against_a_red_floral_background.jpeg,Illustration - Oil Painting Portrait of an East Asian Woman with Floral Background.jpeg,
oil_painting_style_portrait_of_a_man_in_a_suit_against_a_black_background.jpeg,Illustration - Stylized Portrait of Man in Suit Against Black Background.jpeg,
op_art_pattern_of_horizontal_wavy_lines_in_dark_gray_and_white.jpeg,Illustration - Op Art Pattern of Wavy Lines in Dark Gray and White.jpeg,
open_by_oneen_2020.jpg,Illustration - Stylized Person Wearing Headphones and Baggy Jeans by Oneen.jpg,
orientalist_watercolor_of_men_gathered_in_an_apothecary_shop.jpeg,Illustration - Orientalist Watercolor of Men in an Apothecary Shop.jpeg,
original_ink_drawing_of_a_multi_panel_comic_page_in_a_forest_setting.jpeg,Comic - Multi-Panel Comic Page of Figures in a Desolate Forest.jpeg,
original_jpg_webp.webp,Photograph - Hundreds of Students Taking Outdoor Examination in China.webp,
ornate_carved_skull_with_figures_of_skeletons.jpg,Illustration - Ornate Carved Skull With Skeletons And Intricate Patterns.jpg,
ornate_carved_wood_fire_screen_with_floral_needlepoint_panel.jpeg,Illustration - Ornate Carved Wood Fire Screen With Floral Needlepoint Panel.jpeg,
ornate_church_interior_with_blue_vaulted_ceiling_gold_trim_and_central_altar.jpg,Photograph - Ornate Blue and Gold Vaulted Ceiling in a Grand Basilica.jpg,
outdoor_sculpture_of_a_tree_trunk_with_a_rectangular_metal_branching_structure.jpeg,Illustration - Outdoor Sculpture of Tree Trunk with Rectangular Metal Branching Structure.jpeg,
pablo_amaringo_pinturas_y_visiones_de_la_selva_amazonica_02_jpg.jpg,Concentracion Palistica by Pablo Amaringo (2008).jpg,
page_from_hokusai_manga_perspective_study_and_studies_of_muscular_figures_by_katsushika_hokusai.jpeg,Illustration - Page from Hokusai Manga showing perspective study and muscular figures. by Katsushika Hokusai.jpeg,
painting_depicting_a_complex_urban_scene_with_graffiti_figures_in_balaclavas_a_person_sitting_in_a_box_with_a_white_cloth_over_their_head_a_pink_alien_and_a_military_figure_holding_a_rifle.jpeg,"Illustration - Urban Scene with Graffiti, Balaclava Figures, Alien, and Military Figure.jpeg",
painting_of_a_bedroom_interior_with_a_distressed_man_at_a_computer_and_a_starry_night_visible_through_the_window.jpg,Illustration - Distressed Man at Computer in Van Gogh-Style Bedroom.jpg,
painting_of_a_blonde_woman_viewed_from_behind_looking_at_an_old_wooden_house_in_a_dry_field.jpeg,Photograph - Blonde Woman From Behind Looking At Four Paintings On Wall.jpeg,
painting_of_a_brown_teddy_bear_stencil_and_brown_swirls_on_a_pale_green_canvas.jpeg,Illustration - Brown Teddy Bear Stencil with Swirls on Pale Green Canvas.jpeg,
painting_of_a_buddha_head_and_hand_performing_a_mudra_against_a_vibrant_green_and_purple_background.jpg,Illustration - Buddha Head and Hand Performing Mudra Against Vibrant Background.jpg,
painting_of_a_couple_dancing_folklorico_in_front_of_a_yellow_cathedral.jpeg,Illustration - Painting of a Couple Dancing Folklorico in Front of a Yellow Cathedral.jpeg,
painting_of_a_crouching_hairless_cat_with_large_ears_against_a_purple_floral_background.jpeg,Illustration - Crouching Hairless Cat with Glowing Eyes Against Purple Floral Background.jpeg,
painting_of_a_crowd_of_stylized_figures_in_front_of_a_brick_wall.jpeg,Illustration - Stylized Figures in Front of a Brick Wall.jpeg,
painting_of_a_dense_group_of_white_swans_on_dark_water.jpeg,Illustration - Dense Group Of White Swans On Dark Water.jpeg,
painting_of_a_grey_heron_standing_in_green_foliage.jpeg,Illustration - Grey Heron Standing in Green Foliage.jpeg,
painting_of_a_jar_of_sliced_cucumbers_tomatoes_and_whole_cucumbers_on_a_cutting_board.jpg,Illustration - Still Life with Jar of Sliced Cucumbers and Tomatoes.jpg,
painting_of_a_large_industrial_refinery_complex_on_a_waterfront_with_ships.jpg,Illustration - Waterfront Industrial Refinery with Ships and Smoking Stacks.jpg,
painting_of_a_man_using_a_phone_at_a_beach_bar_counter_overlooking_the_ocean_and_condominiums_by_jeff_hall_2024.jpg,Illustration - Man Using Phone At Beach Bar Overlooking Ocean And Condominiums.jpg,
painting_of_a_multi_armed_hindu_goddess_durga_in_a_red_sari_standing_next_to_a_tiger_in_a_mountainous_landscape.jpeg,Illustration - Multi-Armed Goddess in Red Sari Standing with Tiger in Mountains.jpeg,
painting_of_a_native_american_figure_on_horseback_holding_a_spear_and_looking_into_the_distance.jpeg,"Illustration - Native American Figure on Horseback Holding Spear, Looking Distant.jpeg",
painting_of_a_person_s_head_and_shoulders_with_green_eyes_an_orange_sun_and_abstract_background_elements.jpg,"Illustration - Painting of a Person with Green Eyes, Orange Sun, Abstract Background.jpg",
painting_of_a_potted_plant_flower_and_halftone_collage_element.jpeg,"Illustration - Painting of a Potted Plant, Flower, and Halftone Collage Element.jpeg",
painting_of_a_six_armed_green_goddess_seated_on_a_throne_with_a_veena.jpg,Illustration - Green-Skinned Six-Armed Goddess Matangi Seated on Throne with Veena.jpg,
painting_of_a_small_white_house_surrounded_by_bright_yellow_and_orange_trees_overlooking_dark_blue_water.jpeg,Illustration - Abstract Landscape Painting of White House by Water.jpeg,
painting_of_a_stylized_female_figure_in_pale_green_tones_leaning_on_a_balcony_railing_with_a_city_background.jpeg,Photograph - Two Paintings Displayed on White Gallery Wall with Concrete Floor.jpeg,
painting_of_a_stylized_orange_mesa_against_layered_pastel_hills.jpeg,Illustration - Stylized Orange Mesa Against Layered Pastel Hills.jpeg,
painting_of_a_swimmer_submerged_in_a_blue_pool_with_light_refractions.jpg,Illustration - Overhead View of Swimmer Submerged in Blue Pool by David Hockney.jpg,
painting_of_a_warrior_in_armor_holding_a_sword_against_a_fiery_stormy_background.jpg,"Illustration - Warrior in Armor Holding Sword Against Fiery, Stormy Background by Sage.jpg",
painting_of_a_woman_in_a_yellow_sari_with_a_blue_skinned_child_in_a_flowery_garden.jpg,Illustration - Yashoda and Baby Krishna in a Flowery Garden.jpg,
painting_of_an_animated_male_character_wearing_a_white_helmet_with_a_red_m_logo.jpeg,Photograph - Woman Sits in Cafe with Large Speed Racer Wall Art.jpeg,
painting_of_an_anime_character_with_spiky_yellow_and_red_hair.jpeg,Illustration - Painting of an Anime-Style Character With Spiky Yellow And Red Hair.jpeg,
painting_of_an_unmade_bed_with_a_laptop_mug_and_pink_framed_picture.jpeg,"Illustration - Painting of an Unmade Bed with Laptop, Mug, and Pink Picture.jpeg",
painting_of_figures_in_an_urban_setting_with_graffiti_including_masked_men_a_soldier_and_a_figure_in_a_box.jpeg,"Illustration - Urban Scene with Masked Figures, Soldier, Boxed Person, and Graffiti.jpeg",
painting_of_still_life_with_dandelions_torn_playing_card_elmer_s_glue_and_billie_eilish_album_title.jpeg,"Illustration - Still Life with Dandelions, Glue, Cards, and Billie Eilish Album.jpeg",
painting_of_stylized_figures_dancing_around_a_central_fire_on_a_black_background.jpeg,Illustration - Stylized Figures Dancing Around a Central Fire.jpeg,
painting_of_three_nude_female_figures_against_a_blue_background_centered_around_a_dark_star_filled_infinity_shape.jpeg,Illustration - Three Nude Female Figures with Dark Infinity Shape on Blue Background.jpeg,
painting_of_two_stylized_blue_elephant_figures_and_broken_pieces_on_a_yellow_green_background.jpeg,Illustration - Stylized Blue Elephant Figures and Broken Pieces on Yellow-Green Background.jpeg,
pair_of_oil_paintings_depicting_urban_street_corners_one_with_a_flying_bird_and_the_other_with_a_reclining_white_dog.jpeg,Photograph - Two Framed Oil Paintings of Urban Street Scenes.jpeg,
panel_from_frieren_beyond_journey_s_end_soso_no_furiren_by_abe_tsukasa_2020.jpg,Comic - Black and White Manga Panel of Long-Haired Woman Lying Down by Abe Tsukasa.jpg,
pangea_politica_by_massimo_pietrobon.jpeg,Illustration - Political Map of Pangea with Modern Countries.jpeg,
paradisocantogustavedore_jpg.jpg,Illustration - Two Figures Gaze Up at a Swirling Vortex of Angels and Light by Gustave Doré.jpg,
paraisopolis_and_morumbi_by_tuca_vieira_2004.png,Photograph - Aerial View of Favela Next to Luxury Condominium by Tuca Vieira.png,
paravent_cat_2025.jpg,Illustration - Black Cat Peeking From Behind Screen on Checkered Floor.jpg,
pastel_drawing_of_a_dark_road_with_motion_blur_and_red_lights.jpeg,Illustration - Pastel Drawing of a Dark Road with Motion Blur and Red Lights.jpeg,
patchwork_textile_combining_floral_fabrics_and_painted_bridge_structure.jpeg,Illustration - Patchwork Textile with Floral Fabrics and Painted Bridge Structure.jpeg,
patrick_nagel_180_jpg.jpg,Illustration - Stylized Illustration of Woman's Face with Blue and Red Accents by Patrick Nagel.jpg,
patterns_are_everywhere_by_false_knees_2021.jpg,"Comic - Bird Discusses Patterns, Becomes Part of Pattern by False Knees.jpg",
peace_by_joe_roberts_2018.jpeg,Peace by Joe Roberts (2018).jpeg,
pen_and_ink_drawing_of_a_female_figure_with_surreal_internal_organs_and_two_heads_2022.jpeg,Illustration - Surreal Pen And Ink Drawing Of Female Figure With Two Heads by L. Mayus.jpeg,
pen_and_ink_drawing_of_a_woman_holding_a_mirror_and_a_serpent.jpeg,Illustration - Pen and Ink Drawing of Woman Holding Mirror and Serpent.jpeg,
pen_and_ink_illustration_of_a_man_running_from_a_large_grotesque_creature.jpg,Illustration - Pen and Ink Illustration of Man Fleeing Grotesque Monster.jpg,
pen_and_ink_sketch_of_a_bearded_man_wearing_a_cap.jpeg,Illustration - Pen and Ink Sketch of a Bearded Man Wearing a Cap.jpeg,
pen_and_ink_sketch_of_three_figures_in_conversation.jpeg,Illustration - Pen And Ink Sketch Of Three Figures In Conversation.jpeg,
pen_and_ink_study_sheet_featuring_multiple_sketches_of_horses_and_human_heads.jpeg,"Illustration - Pen and Ink Study Sheet of Horses and Human Heads, Attributed to Géricault.jpeg",
pencil_drawing_comic_strip_of_a_horror_sequence_with_distorted_figures_and_dialogue.jpg,Comic - Pencil Drawing Horror Comic Strip with Distorted Figures and Dialogue.jpg,
pencil_drawing_of_a_sad_girl_with_a_skull_shirt_surrounded_by_chaotic_grotesque_imagery_and_debris.jpg,Illustration - Pencil Drawing of Sad Girl Surrounded by Chaotic Grotesque Imagery.jpg,
pencil_drawing_of_a_standing_woman_on_grid_paper_with_notations.jpeg,Illustration - Pencil Drawing of Standing Woman on Grid Paper with Notations.jpeg,
pencil_sketch_of_a_cow_or_bull_viewed_from_above.jpeg,Illustration - Pencil Sketch of a Cow or Bull from Above.jpeg,
pencil_sketch_of_a_figure_in_profile_with_scribbled_head.jpg,Illustration - Pencil Sketch of Figure in Profile with Scribbled Head.jpg,
pencil_sketch_of_a_frog_wearing_a_woven_hat_a_ruffled_collar_and_large_detached_eyes.jpg,"Illustration - Frog Wearing Woven Hat, Ruffled Collar, and Detached Eyes.jpg",
pencil_sketch_of_a_mechanical_creature_or_armored_figure_with_a_separate_head_study.png,Illustration - Pencil Sketch of Mechanical Creature with Separate Head Study.png,
pencil_sketch_of_a_reclining_female_nude_figure_leaning_on_a_block.png,Illustration - Pencil Sketch of Reclining Female Nude Figure Leaning on Block.png,
pencil_sketch_of_a_seated_woman_in_a_high_collared_dress.jpeg,Illustration - Pencil Sketch of Seated Woman in High-Collared Dress.jpeg,
pencil_sketch_of_a_sleeping_figure_with_long_flowing_hair_on_toned_paper.jpeg,Illustration - Pencil Sketch of Sleeping Figure with Flowing Hair.jpeg,
pencil_sketch_of_a_standing_woman_in_a_long_coat.jpeg,Illustration - Pencil Sketch of Standing Woman in Long Coat.jpeg,
pencil_sketch_of_a_stylized_girl_in_alternative_fashion_holding_a_crow_and_umbrella.jpg,"Illustration - Pencil Sketch of Stylized Girl with Crow, Umbrella, and Pug.jpg",
pencil_sketch_of_a_trailer_home_and_three_cars.jpeg,Illustration - Pencil Sketch of Trailer Home and Three Cars.jpeg,
pencil_sketch_of_a_woman_s_portrait_with_bobbed_hair_resting_chin_on_hands.jpg,Illustration - Pencil Sketch of Woman with Bobbed Hair Resting Chin on Hands.jpg,
pencil_sketch_of_an_armored_figure_on_a_rearing_horse_in_ruins_by_joe_madureira.png,Illustration - Pencil Sketch of Armored Figure on Rearing Horse in Ruins by Joe Madureira.png,
pencil_sketch_of_four_figures_examining_a_large_central_hand.jpg,Illustration - Four Figures Examining a Large Central Hand.jpg,
pencil_sketch_of_human_skeleton_torso_and_pelvis_on_brown_paper.jpeg,Illustration - Pencil Sketch of Human Skeleton Torso and Pelvis on Brown Paper.jpeg,
pencil_sketch_of_three_stylized_characters_with_large_eyes_and_annotations.jpg,Illustration - Pencil Sketch of Three Stylized Characters with Large Eyes and Annotations.jpg,
pencil_sketch_of_two_figures_embracing.jpeg,Illustration - Pencil Sketch of Two Figures Embracing.jpeg,
pencil_sketch_of_two_figures_in_a_dynamic_pose_in_a_notebook.jpeg,Imbalance.jpeg,
pencil_sketch_of_two_figures_of_a_man_with_textured_hair.jpg,Illustration - Pencil Sketch of Two Men with Textured Hair.jpg,
pencil_sketch_of_two_rear_views_of_a_hatchback_car.jpg,Illustration - Two Pencil Sketches of Rear Views of a Hatchback Car.jpg,
pencil_sketch_studies_of_animal_skulls_and_female_faces.jpg,Illustration - Pencil Sketches of Animal Skulls and Female Faces on White Paper.jpg,
pencil_sketches_of_human_figures_in_various_poses_displayed_on_a_board.jpeg,Illustration - Pencil Sketches of Human Figures in Various Poses on a Board.jpeg,
pencil_sketches_of_twelve_different_portraits_of_a_young_girl.jpg,Illustration - Twelve Pencil Sketches of a Young Girl's Head.jpg,
perfectblue_jpg.jpg,Screenshot - Perfect Blue by Satoshi Kon.jpg,
personal_rock by gramm (2003).jpg,Personal Rock by Gramm (1999).jpg,
pete_seeger_woody_guthrie_alan_lomax_and_bess_lomax_hawes.jpg,Photograph - Four Members of The Weavers Folk Group with Instruments.jpg,
peter_paul_rubens_prometheus_bound_16111618.jpg,Prometheus Bound by Peter Paul Rubens (c. 1611-1618).jpg,
peter_paul_rubens_the_assumption_of_the_virgin_c_16181620.jpg,'Modello' for the Ascension of the Virgin by Peter Paul Rubens (c. 1618-1620).jpg,
peter_paul_rubens_the_fall_of_icarus_c_16361637.jpg,The Fall of Icarus by Jacob Peter Gowy (c. 1637).jpg,
peter_paul_rubens_two_satyrs_c_16181619.jpg,Two Satyrs by Peter Paul Rubens (c. 1618-1619).jpg,
photo_41_singular_display_fullpicture_jpeg.jpeg,Illustration - Blurry Painting of Sailboat on Choppy Water.jpeg,
photo_on_1_26_24_at_6_06_pm_jpg.jpg,Photograph - Person's Silhouetted Head and Shoulders Against Bright Doorway.jpg,
photograph_of_a_bearded_man_and_a_woman_in_a_black_coat_standing_next_to_a_toilet_in_a_green_tiled_room.jpeg,Photograph - Slavoj Žižek and Woman in Black Leather Coat in Green Tiled Bathroom.jpeg,
photograph_of_a_black_u_s_air_force_reconnaissance_jet_flying_above_clouds.jpg,Photograph - Lockheed A-12.jpg,
photograph_of_a_blue_and_white_shiba_inu_dog_wearing_a_red_harness.jpg,Photograph - Blue And White Shiba Inu Dog Wearing Red Harness.jpg,
photograph_of_a_bridge_over_a_large_pile_of_garbage_in_a_densely_built_urban_area_rendered_mostly_in_monochrome_with_selective_color_accents.png,Photograph - People Cross Bridge Over Massive Garbage Pile in Urban Area.png,
photograph_of_a_chimpanzee_wearing_a_yellow_shirt_and_playing_a_video_game_under_a_sign_reading_user.jpg,Photograph - Chimpanzee In Yellow Shirt Playing Video Game Under 'USER' Sign.jpg,
photograph_of_a_chrome_chair_frame_holding_an_open_laptop_near_a_window.jpeg,Screenshot - Screenshot of a Chrome Chair Frame Holding an Open Laptop.jpeg,
photograph_of_a_clenched_hand_holding_blue_and_white_material_against_a_dark_background.jpeg,Photograph - Photograph of a Display Case Showing a Clenched Hand Image.jpeg,
photograph_of_a_closed_scratched_silver_laptop_with_apple_logo.jpeg,Photograph - Scratched Silver Apple Laptop on White Background.jpeg,
photograph_of_a_collection_of_click_movie_merchandise_and_dvds_beneath_a_german_promotional_poster_featuring_adam_sandler.jpeg,Image - Adam Sandler Poster Above Extensive Collection of Click DVDs.jpeg,
photograph_of_a_colorful_coastal_town_on_a_turquoise_bay_with_a_small_jetty.jpg,Photograph - Colorful Coastal Town on Turquoise Bay with Jetty.jpg,
photograph_of_a_conceptual_gray_apple_flip_phone_design.jpeg,"Photograph - Gray Apple Flip Phone Concept, Shown Open and Closed. by Frog Design.jpeg",
photograph_of_a_crowded_street_in_a_city_with_tangled_electrical_wires_and_commercial_signs.jpeg,Photograph - Crowded Street in Old Delhi with Tangled Electrical Wires.jpeg,
photograph_of_a_dense_mass_of_black_cables_covering_a_building_facade_and_utility_pole_in_an_urban_area.jpeg,Photograph - Dense Black Cables Covering Building Facade and Utility Pole in Dhaka.jpeg,
photograph_of_a_dense_urban_skyline_at_dusk_under_a_hazy_sky.jpeg,Photograph - Dense Urban Skyline at Dusk Under Hazy Sky.jpeg,
photograph_of_a_digital_display_showing_a_united_airplane_icon_on_a_map_near_chicago_and_milwaukee.jpeg,Photograph - Photograph of Digital Map Showing United Airplane Near Chicago.jpeg,
photograph_of_a_dramatic_orange_and_red_sunset_over_a_suburban_street_with_a_snow_capped_mountain_visible_above_the_houses.jpg,Photograph - Dramatic Orange And Red Sunset Over Suburban Street With Mountain.jpg,
photograph_of_a_field_of_rusty_red_british_telephone_booths.jpg,"Photograph - Field of Rusty Red British Telephone Booths in Merstham, Surrey.jpg",
photograph_of_a_foggy_forest_edge_and_field_of_purple_flowers.jpeg,Photograph - Foggy Forest Edge with Field of Purple Flowers.jpeg,
photograph_of_a_group_of_seven_people_including_several_wearing_tactical_vests_walking_on_a_dirt_path_in_front_of_soviet_era_apartment_buildings_on_an_overcast_day.jpg,"Photograph - Group of People, Some in Vests, Walking on Dirt Path.jpg",
photograph_of_a_handcuffed_man_in_an_orange_jumpsuit_escorted_by_police.webp,Photograph - Luigi Mangione's Arrest.webp,
photograph_of_a_hong_kong_tram_in_front_of_a_massive_residential_building_facade.jpeg,Photograph - Hong Kong Street Scene with Trams and Densely Packed Buildings.jpeg,
photograph_of_a_hooded_figure_in_a_dark_poncho_standing_on_a_cardboard_box_holding_wires_in_a_yellow_room_with_a_soldier_nearby.jpeg,Photograph - Hooded Figure on Box with Wires and Soldier.jpeg,
photograph_of_a_keychain_shaped_like_a_software_toolbar.jpeg,Photograph - Keychain Shaped Like Software Toolbar Hanging From Keys.jpeg,
photograph_of_a_large_crowd_of_students_painting_on_easels_in_an_indoor_venue.jpg,Photograph - Large Crowd of Students Painting During Art School Entrance Exam.jpg,
photograph_of_a_large_historic_fortress_complex_on_a_hill_with_snow_capped_mountains_in_the_background_at_sunset.jpg,Photograph - Alhambra.jpg,
photograph_of_a_large_historic_hotel_surrounded_by_snowy_pine_trees_and_mountains_at_dusk.jpg,Photograph - Historic Hotel Surrounded By Snowy Pine Trees And Mountains At Dusk.jpg,
photograph_of_a_large_murmuration_of_birds_against_a_pale_blue_and_orange_sky.jpeg,Photograph - Large Murmuration of Birds Against a Pale Blue and Orange Sky.jpeg,
photograph_of_a_large_neo_gothic_building_with_a_central_dome_and_spires_along_a_blue_river_under_a_pale_blue_sky.jpg,Photograph - Neo-Gothic Building with Dome and Spires Along a Blue River.jpg,
photograph_of_a_large_office_space_under_vaulted_brick_arches.jpg,Photograph - Large Office Space Under Vaulted Brick Arches.jpg,
photograph_of_a_large_red_mascot_costume_head_next_to_a_child.jpeg,Photograph - Close-up of Jollibee Mascot Head Next to Child.jpeg,
photograph_of_a_large_vaulted_brick_and_concrete_interior_converted_into_an_office_space.jpg,Photograph - Large Vaulted Brick and Concrete Interior Converted into Office Space.jpg,
photograph_of_a_large_vaulted_brick_interior_repurposed_as_an_office_space.jpg,Photograph - Vaulted Brick Interior Repurposed as Office Space.jpg,
photograph_of_a_large_vaulted_brick_room_converted_into_a_modern_office_space_with_desks_and_fluorescent_lighting.jpg,Photograph - Vaulted Brick Room Converted Into Modern Office Space.jpg,
photograph_of_a_large_weathered_wooden_house_with_a_balcony_and_overgrown_vegetation.jpg,Photograph - Large Weathered Wooden House With Balcony And Overgrown Vegetation.jpg,
photograph_of_a_leucistic_axolotl_in_a_clear_plastic_container_with_label.jpeg,Photograph - Leucistic Axolotl In Clear Plastic Container With Label.jpeg,
photograph_of_a_luxury_retail_store_interior_with_checkered_floor_and_handbag_displays.jpeg,Photograph - Interior of a Luxury Retail Store with Checkered Floor and Handbags.jpeg,
photograph_of_a_man_dining_alone_with_a_projected_silhouette_of_a_woman.jpeg,Photograph - Man Dining Alone with Projected Silhouette of Woman.jpeg,
photograph_of_a_man_holding_a_surfboard_in_front_of_a_stack_of_surfboards.jpg,Photograph - Man Holding Surfboard In Front Of Stacked Surfboards.jpg,
photograph_of_a_man_in_a_black_shirt_standing_against_a_concrete_wall_illuminated_by_diagonal_light.jpeg,Screenshot - Social Media Post About OpenAI Whistleblower News.jpeg,
photograph_of_a_man_in_a_dark_hoodie_standing_center_among_models_in_monochromatic_clothing.jpg,Photograph - Kanye West Among Models in Monochromatic Clothing.jpg,
photograph_of_a_man_in_a_dark_suit_raising_his_right_arm_toward_a_cheering_audience.jpeg,Photograph - Elon Musk Raising Right Arm Towards Cheering Audience.jpeg,
photograph_of_a_man_in_a_suit_pointing_toward_a_crowd_reaching_out_to_him_flanked_by_american_flags_and_blue_curtains.jpeg,Photograph - Man in Suit Points to Reaching Crowd at Rally.jpeg,
photograph_of_a_man_in_a_turkey_costume_carving_a_large_piece_of_food_on_a_subway_train.jpeg,Photograph - Man in Turkey Costume Carving Food on Subway Train.jpeg,
photograph_of_a_miniature_zen_garden_arrangement_featuring_a_zyn_nicotine_pouch_container.jpeg,Photograph - Miniature Zen Garden With Zyn Nicotine Pouch Container by Creative Display Works.jpeg,
photograph_of_a_minimalist_art_gallery_installation_featuring_abstract_paintings_and_a_central_black_sculpture.jpeg,Photograph - Minimalist Art Gallery With Abstract Paintings And Black Sculpture.jpeg,
photograph_of_a_model_wearing_a_large_black_textured_garment_in_a_white_studio_2015.jpeg,Photograph - Ceremony of Separation.jpeg,
photograph_of_a_modern_spiral_staircase_made_of_glass_and_stainless_steel.png,Photograph - Modern Glass and Steel Spiral Staircase with Blurred Figure.png,
photograph_of_a_person_holding_a_colorful_modular_computer_prototype.jpeg,Photograph - Person Holding Colorful Modular Apple Computer Prototype by Hartmut Esslinger - Frog Design.jpeg,
photograph_of_a_person_in_a_conical_hat_mending_green_fishing_nets.jpg,Photograph - Person In Conical Hat Mending Green Fishing Nets.jpg,
photograph_of_a_person_in_a_yellow_jacket_and_goggles_squatting_on_an_asphalt_road_with_an_outstretched_hand.jpeg,Photograph - Person in Yellow Jacket and Goggles Squatting on Road.jpeg,
photograph_of_a_person_in_dark_clothing_and_a_red_beret_pointing_at_an_emo_trans_sign.jpeg,Photograph - Person in Dark Clothing and Red Beret Pointing at 'EMO TRANS' Sign.jpeg,
photograph_of_a_person_s_head_with_a_colorful_swirling_abstract_hair_dye_pattern.jpeg,Photograph - Back of Head with Colorful Swirling Abstract Hair Dye.jpeg,
photograph_of_a_person_submerged_underwater_with_pink_and_purple_tones.jpeg,Photograph - Person Submerged Underwater with Pink and Purple Tones.jpeg,
photograph_of_a_person_suspended_on_power_lines_against_an_orange_sunset_sky.jpeg,Photograph - Silhouette of Person Suspended on Power Lines at Sunset.jpeg,
photograph_of_a_research_paper_title_slide_projected_onto_a_large_screen_in_a_dark_auditorium.jpeg,Photograph - Research Paper Title Slide Projected in Auditorium.jpeg,
photograph_of_a_road_covered_in_spilled_red_liquid_under_an_overpass_with_an_overturned_truck.jpg,Photograph - Road Covered In Red Liquid From Overturned Truck Under Overpass.jpg,
photograph_of_a_robotic_dog_with_a_rifle_attachment_at_a_trade_show.jpg,Photograph - Robotic Dog With Rifle Attachment At Trade Show.jpg,
photograph_of_a_screen_displaying_a_text_post_from_an_online_forum_2014.jpg,Photograph - Photograph of a Screen Displaying a Text Post and eBay Listing.jpg,
photograph_of_a_shirtless_male_singer_on_stage_illuminated_by_spotlights_and_smoke_with_a_backdrop_of_red_and_green_grid_lights.jpeg,Photograph - Shirtless Freddie Mercury Performing On Stage Amidst Smoke And Lights.jpeg,
photograph_of_a_snowy_hillside_with_bare_trees_a_building_and_a_black_railing.jpg,"Photograph - Snowy Hillside with Bare Trees, Building, and Black Railing.jpg",
photograph_of_a_street_cleaner_sweeping_debris_into_a_heart_shape_on_a_paved_sidewalk.jpeg,Photograph - Street Cleaner Sweeping Debris Into Heart Shape.jpeg,
photograph_of_a_street_scene_with_an_advertisement_for_ai_employees_and_a_person_sitting_on_the_sidewalk.webp,Photograph - Street Scene With AI Ad And Person Sitting On Sidewalk.webp,
photograph_of_a_tall_ornate_cathedral_structure_under_construction_above_a_city_skyline.jpeg,Sagrada Familia by Antoni Gaudí.jpeg,
photograph_of_a_tall_square_minaret_and_surrounding_courtyard_arcades_under_a_blue_sky.jpeg,"Photograph - Great Mosque, Minaret and Courtyard.jpeg",
photograph_of_a_tattooed_man_and_a_young_girl_sitting_on_a_stage_platform_near_drums.jpg,Photograph - Tattooed Man MC Ride and Young Girl Sitting on Stage.jpg,
photograph_of_a_train_crossing_a_trestle_bridge_above_a_red_barn_and_forest_with_large_mountains_in_the_background.jpeg,Photograph - Train Crossing Trestle Bridge Above Red Barn and Mountains.jpeg,
photograph_of_a_village_and_grazing_cows_in_rolling_green_hills_under_a_blue_sky.jpg,Photograph - Village and Grazing Cows in Rolling Green Hills Under Blue Sky.jpg,
photograph_of_a_vintage_apple_macintosh_portable_computer_displaying_the_classic_operating_system_interface.jpeg,Photograph - Vintage Apple PenLite Prototype Computer Displaying Classic OS.jpeg,
photograph_of_a_vintage_macintosh_computer_with_a_piano_keyboard_and_mouse.jpeg,Photograph - Vintage Macintosh Computer with MIDI Keyboard and Mouse.jpeg,
photograph_of_a_wasp_floating_on_blue_water_with_shadow.jpg,Photograph - Wasp Floating on Blue Water with Shadow.jpg,
photograph_of_a_white_headset_with_an_orange_earpiece_and_a_black_wristband_with_a_keypad.jpeg,Photograph - White Headset with Apple Logo and Black Wristband Keypad.jpeg,
photograph_of_a_wide_bridge_lined_with_white_streetlights_leading_to_a_tunnel_entrance.jpeg,Photograph - Hong Kong-Zhuhai-Macao Bridge.jpeg,
photograph_of_a_winding_road_through_a_sunlit_forest.jpeg,Photograph - Winding Road Through Sunlit Forest with Hazy Light.jpeg,
photograph_of_a_woman_in_a_black_dress_and_a_man_in_a_blue_shirt_seated_on_a_bench_by_terry_richardson_2000.jpeg,"Photograph - Multiple Slides Hanging in a Window, One Showing a Couple.jpeg",
photograph_of_a_woman_wearing_sunglasses_and_a_pink_crop_top_with_the_text_they_don_t_build_statues_of_critics.jpg,Photograph - Woman Wearing Sunglasses and Pink Crop Top with Text.jpg,
photograph_of_a_yellow_protest_sign_reading_innocent_until_proven_guilty_held_by_a_demonstrator.webp,Photograph - Protester Holds Yellow 'Innocent Until Proven Guilty' Sign for Luigi Mangione.webp,
photograph_of_a_young_man_in_an_orange_jumpsuit_being_escorted_by_police_officers_near_a_helicopter.jpeg,Photograph - Young Man In Orange Jumpsuit Escorted By Police Officers Near Helicopter.jpeg,
photograph_of_an_audience_watching_a_large_screen_displaying_lines_of_code_in_a_dark_theater.jpeg,Photograph - Audience Watching Code on Large Screen in Dark Theater.jpeg,
photograph_of_an_elaborate_perpendicular_gothic_fan_vault_ceiling_and_stained_glass_windows.jpg,Photograph - Elaborate Gothic Fan Vault Ceiling and Stained Glass Windows.jpg,
photograph_of_an_indoor_installation_featuring_a_white_column_a_potted_plant_and_detached_leaves_on_a_wall.jpeg,"Image - White Column, Potted Plant, And Detached Leaves On Wall.jpeg",
photograph_of_an_interior_archway_with_intricate_muqarnas_and_colorful_floral_tilework.jpeg,Photograph - Interior Archway with Intricate Muqarnas and Colorful Floral Tilework.jpeg,
photograph_of_an_interior_study_with_arched_windows_overlooking_a_city_skyline_and_water.jpeg,Photograph - Interior Study with Arched Windows Overlooking City and Water by Mac Baconai.jpeg,
photograph_of_an_orange_cat_in_a_backpack_wearing_earbuds_next_to_a_man_on_a_subway_bench.png,Photograph - Orange Cat in Backpack Wearing Earbuds on Subway.png,
photograph_of_detained_men_on_dirt_mounds_in_a_war_damaged_city.jpeg,Photograph - Soldiers Oversee Detained Men on Dirt Mounds in War-Damaged City.jpeg,
photograph_of_donald_trump_and_a_man_examining_a_shelf_display_of_merchandise.jpeg,Photograph - Donald Trump and Man Examine Trump Merchandise Display.jpeg,
photograph_of_five_men_one_in_a_wheelchair_standing_against_a_tiled_wall.jpeg,"Photograph - Five Men, One in Wheelchair, Against Tiled Wall.jpeg",
photograph_of_five_people_in_eclectic_clothing_standing_in_a_wooded_hillside.jpg,Photograph - Five People In Eclectic Clothing In A Wooded Hillside.jpg,
photograph_of_five_young_men_in_red_and_cream_varsity_jackets_with_n_logo_posing_outdoors.jpeg,Photograph - Five Young Men in Varsity Jackets Posing Outdoors.jpeg,
photograph_of_graffiti_tags_on_a_large_iceberg_or_glacier.jpeg,Photograph - Colorful Graffiti Tags on a Large Iceberg in Blue Water.jpeg,
photograph_of_islamic_tilework_featuring_a_central_scalloped_medallion_with_arabesque_patterns_on_a_background_of_turquoise_hexagonal_tiles.jpeg,Photograph - Photograph of Islamic Tilework with Scalloped Medallion and Hexagonal Tiles.jpeg,
photograph_of_printed_text_featuring_a_conversation_between_andrew_bolton_and_rei_kawakubo.jpeg,Document - Conversation Between Andrew Bolton and Rei Kawakubo by Andrew Bolton and Rei Kawakubo.jpeg,
photograph_of_red_digital_display_with_motion_blur.jpeg,Photograph - Red Digital Display With Motion Blur And Keypad.jpeg,
photograph_of_the_ornate_gothic_spires_and_rooftop_of_a_cathedral.jpeg,Photograph - Duomo di Milano.jpeg,
photograph_of_the_world_trade_center_south_tower_impact_on_september_11_2001_by_sean_adair_2001.jpeg,"Photograph - Explosion at World Trade Center South Tower, September 11, 2001 by Sean Adair.jpeg",
photograph_of_three_people_sitting_on_chairs_around_a_table_in_a_studio_setting.jpeg,Screenshot - Three People Sitting Around Table in Studio Setting.jpeg,
photograph_of_three_people_taking_a_selfie_in_intense_orange_light.jpeg,Photograph - Three People Taking a Selfie in Intense Orange Light by Thomas Wu.jpeg,
photograph_of_two_black_sr_71_aircraft_and_crew_in_yellow_pressure_suits.jpeg,Photograph - SR-71 Blackbird Aircraft and Crew in Yellow Pressure Suits.jpeg,
photograph_of_two_children_standing_by_a_chain_link_fence_at_a_dirt_racetrack_one_wearing_a_don_t_california_my_tennessee_shirt.jpeg,"Photograph - Two Children by Racetrack Fence, One Wearing 'Don't California My Tennessee' Shirt.jpeg",
photograph_of_two_figures_in_a_canoe_on_sparkling_water_at_sunset.jpeg,Photograph - Two Figures in Canoe on Sparkling Water at Sunset.jpeg,
photograph_of_two_figures_in_traditional_attire_and_sneakers_standing_before_a_corrugated_metal_door.png,Crystal Castles (II) (2010).png,
photograph_of_two_men_in_black_coats_walking_on_an_urban_street.jpg,Photograph - Mads Mikkelsen Smoking While Walking at Milan Fashion Week.jpg,
photograph_of_two_men_standing_on_a_wooden_porch_in_front_of_a_shingled_building_with_a_pig_sign.jpeg,Photograph - Hayao Miyazaki and Hideaki Anno on a Porch with Pig Sign.jpeg,
photograph_of_two_people_in_cleanroom_suits_standing_next_to_large_complex_industrial_machinery_in_a_cleanroom_environment.jpeg,Photograph - ASML EUV Lithography Machine by ASML Holding.jpeg,
photograph_of_two_pilots_in_orange_pressure_suits_standing_next_to_the_tail_of_a_black_aircraft.jpeg,Photograph - Two Pilots in Orange Pressure Suits Next to Black Aircraft.jpeg,
photograph_of_two_silhouetted_performers_on_a_foggy_stage_one_hanging_upside_down.jpeg,"Photograph - Two Silhouetted Performers on Foggy Stage, One Hanging Upside Down.jpeg",
photograph_of_white_brick_building_exterior_with_metal_conduit_pipes_and_windows.jpeg,Photograph - White Brick Building Exterior With Metal Pipes And Windows.jpeg,
photographic_grid_of_small_birds_flying_against_a_cloudy_blue_sky.jpeg,Photograph - Grid of Small Birds Flying Against Cloudy Blue Sky.jpeg,
piano_by_alberto_campo_baeza_2010.jpeg,Illustration - Abstract Sketch of a Person Playing a Grand Piano.jpeg,
pierre_narcisse_guerin_aurora_and_cephalus_study_jpg.jpg,Aurora and Cephalus by Pierre-Narcisse Guérin (1810).jpg,
pilk_house_raid_by_vdnk_2024.jpg,Neco raid by Vodnik (2024).jpg,
pillars_jpg.jpg,Screenshot - Minecraft Screenshot of Two Ruined Columns Against Blue Sky.jpg,
pine_cliff_and_clear_spring_by_hongren_qing_dynasty.jpeg,Pine Cliff and Clear Spring by Hongren (Qing dynasty).jpeg,
pink_and_orange_cloud_over_blue_water_by_wolf_kahn_2007.jpeg,Illustration - Abstract Painting with Pink and Orange Horizon Over Blue Water.jpeg,
pink_landscape_by_peter_doig_2011.webp,Rhapsody by Richard Mayhew (2011).webp,
pink_sky_by_jonas_wood_2019.jpeg,"Illustration - Backyard Scene with Palm Trees, Laundry, and Pink Sky.jpeg",
pixel_art_collage_of_nine_square_images_primarily_depicting_album_covers.jpeg,Illustration - Pixel Art Collage of Nine Album Covers and Other Images.jpeg,
pixel_art_collection_of_pink_isometric_folder_icons_with_home_clock_and_hand_symbols.png,Illustration - Collection of Pink Isometric Pixel Art Folder Icons.png,
pixel_art_comic_strip_of_a_person_smoking_and_a_blue_winged_pony_flying.jpeg,Comic - Pixel Art Comic of Person Smoking and Blue Pony Flying.jpeg,
pixel_art_of_a_green_horned_creature_on_a_monitor.jpeg,Screenshot - Twitter Post About Son's 'Growth Mindset' and School.jpeg,
pixel_art_of_a_white_house_with_red_roof_black_car_and_turquoise_sky.jpeg,"Illustration - Pixel Art: White House, Red Roof, Black Car, Turquoise Sky.jpeg",
pixel_art_scene_of_a_skeleton_lying_on_the_ground_with_a_dagger.png,Screenshot - Pixel Art Scene of Skeleton with Dagger and Japanese Text.png,
pixel_art_still_life_with_two_blue_bottles_and_red_apple.png,Illustration - Pixel Art Still Life with Two Blue Bottles and Red Apple.png,
pixelated_black_and_white_drawing_of_a_duck.png,Illustration - Pixelated Black And White Drawing Of A Duck.png,
pixelated_black_and_white_exploded_diagram_of_a_computer_mouse_mechanism.png,Diagram - Pixelated Exploded Diagram of a Computer Mouse Mechanism.png,
pixelated_digital_image_of_a_dark_knight_holding_a_sword_in_a_retro_window_frame.png,Illustration - Pixelated Knight Holding Sword in Retro Window Frame.png,
pixelated_figure_with_spiked_crown_in_blue_magenta_and_cyan_dots.jpeg,"Illustration - Pixelated Figure with Spiked Crown in Blue, Magenta, and Cyan.jpeg",
pixelated_portrait_with_green_hair_and_graffiti_on_distressed_paper.jpeg,Illustration - Pixelated Figure with Green Hair and Graffiti on Distressed Poster.jpeg,
plane_crash_on_bridge_by_christophe_dessaigne_2008.jpg,Illustration - Airplane Crashed on Bridge with Fire and Cars.jpg,
plum_blossoms_by_chen_shizeng.jpeg,Illustration - Traditional Chinese Ink Painting of Plum Blossoms with Calligraphy by Chen Shizeng.jpeg,
pointing_at_the_moon_iii_by_laura_catherwood_2024.jpeg,Illustration - Birds Flying Towards a Yellow Moon in a Starry Night Sky.jpeg,
pop_art_illustration_of_a_laughing_figure_holding_a_white_object_with_text_toy_love_cuts.jpeg,Cuts by Chris Knox (1980).jpeg,
porcelain_by_zdzisaw_wrobel_2018.jpg,Illustration - Cracked Doll Face Revealing Monstrous Mouth and Tendrils.jpg,
portrait_of_a_woman_in_a_brown_military_uniform_standing_among_pink_flowers.jpeg,Illustration - Woman in Brown Military Uniform Among Pink Flowers.jpeg,
portrait_of_a_young_man_by_kehinde_wiley_2013.jpeg,Illustration - Bearded Man In Yellow Shirt Holding Skull Against Floral Background.jpeg,
postcard_illustration_of_a_spanish_colonial_style_tower_with_archway_and_palm_trees.jpg,Illustration - Spanish Colonial Style Tower with Archway and Palm Trees.jpg,
poster_of_a_gnome_with_red_hat_and_blue_robes_text_reads_the_lucky_gnome_and_eat_the_rich_feed_the_poor.jpeg,Illustration - Poster of Gnome with Red Hat and Social Commentary Text.jpeg,
prilep_macedonia_by_valentin_jeck_2012.jpg,Photograph - Brutalist Concrete Monument Overlooking City With Lone Figure.jpg,
print_1000px_jpg.jpg,Diagram - Twenty Panels Showing Abstract Pixelated Shapes Evolving Against Blue Background.jpg,
print_of_multiple_thermal_camera_images_showing_deer_and_other_animals_in_false_color.jpeg,Photograph - Printout of Multiple Thermal Camera Images Showing Deer and Animals.jpeg,
print_of_three_patterned_cats_and_mice_above_a_detailed_townscape.jpeg,Illustration - Three Patterned Cats and Mice Above a Detailed Townscape.jpeg,
printed_color_density_chart_with_blue_and_magenta_gradients_and_percentage_labels.jpeg,Diagram - Color Density Chart with Blue and Magenta Gradients and Percentage Labels.jpeg,
printed_page_of_text_discussing_chinese_art_theory_and_xiehe_s_six_canons_of_painting.jpeg,Document - Printed Page Discussing Chinese Art Theory and Xiehe's Six Canons.jpeg,
processing.jpg,Illustration - Black and White Illustration of Man Reading in Library by Franklin Booth.jpg,
profile_of_a_woman_in_a_beige_garment_with_crane_and_bamboo_motifs.jpeg,Illustration - Profile of a Woman in Beige Garment with Crane and Bamboo Motifs.jpeg,
projecting_a_bit_1_by_michael_james_roberts_2024.jpeg,Document - Text Describing Artworks by Michael James Roberts.jpeg,
projecting_a_bit_1_by_michael_james_roberts_2024_2.jpeg,Screenshot - Text Describing Artworks by Michael James Roberts.jpeg,
promotional_poster_for_apple_featuring_two_imac_g3s_and_the_text_yin_yang_2000.jpeg,"Illustration - Two iMac G3 Computers, One Clear, One Opaque, With Yin Yang Text.jpeg",
promotional_poster_for_splat_film_premiere_with_pixelated_figures.jpeg,Illustration - Promotional Poster for 'SPLAT' Film Premiere.jpeg,
psychoanalytic_relational_map_march_1730_2025_png.png,Diagram - Psychoanalytic Relational Map with colored nodes and connecting arrows.png,
pulp_style_illustration_of_a_blonde_woman_reclining_on_a_couch_with_a_syringe_and_roses.jpeg,Illustration - Blonde Woman Reclining on Couch with Syringe and Roses.jpeg,
purple_line_drawing_of_a_symmetrical_sci_fi_corridor_or_tunnel.jpg,Illustration - Purple Line Drawing of Symmetrical Sci-Fi Corridor or Tunnel.jpg,
purple_line_sketch_of_an_armored_winged_creature_with_horns_and_claws.png,Illustration - Purple Line Sketch of Armored Winged Creature with Horns and Claws.png,
purple_print_of_a_melting_heart_clock_axe_and_fruit_with_insects.jpeg,"Illustration - Purple Print of Melting Heart Clock, Axe, Fruit, and Insects.jpeg",
pxl_con_by_jimmy_hinson_2012.jpg,PXL CON by Jimmy Hinson (2012).jpg,
pyramid_scheme_by_max_loffler_2019.jpg,Illustration - Two Green Crocodiles Walk Past Pyramids Under Red Sun.jpg,
quarantine_album_cover_illustration_by_kusano_2012.jpg,Quarantine by Makoto Kusano (2012).jpg,
radial_composition_with_piano_keys_red_hand_and_swallows_by_robert_beatty_2020.jpg,"Illustration - Radial Composition With Piano Keys, Red Hand, And Swallows.jpg",
rain_on_broadway_by_jeremy_mann_2012.jpg,Illustration - Impressionistic Painting of Rainy City Street at Night.jpg,
rainbow_grid_by_allyson_grey.jpeg,Illustration - Intricate Rainbow Geometric Pattern with Repeating Shapes by Allyson Grey.jpeg,
rainbow_trout_by_hiroshi_nagai_2020.jpg,Illustration - Stylized Rainbow Trout Flying Over a Landscape with Road.jpg,
rainy_day_by_pascal_campion_2015.jpeg,Rainy Day by Pascal Campion (2015).jpeg,
rama_by_samik_roy_choudhury_2020.jpeg,Illustration - Mythological Figure Drawing Bow Amidst Fire and Debris.jpeg,
ramon_prat_armani_hong_kong_fuksas_007_2_jpg.jpg,Photograph - Modern Blue-Tinted Interior with Display Cases and Strip Lighting.jpg,
raphael_the_school_of_athens_15091511.jpg,The School of Athens by Raphael (1509-1511).jpg,
raquel_by_mary_lou_boulanger.jpeg,"Illustration - Woman with Purple Flowers and Bird on Shoulder, Patterned Background.jpeg",
rasetsu_by_tenmyouya_hisashi_2010.jpg,Rasetsu by Tenmyouya Hisashi (2010).jpg,
rb042_e_jpg.jpg,Potrero Hill by Robert Bechtle (1980).jpg,
reading_between_the_lines_by_gijs_van_vaerenbergh_2011.jpeg,Photograph - Sino-French Science Park Church by Shanghai Dachuan Architects.jpeg,
red_abstract_looping_line_drawing_on_graph_paper.jpeg,Illustration - Red Abstract Looping Line Drawing On Graph Paper.jpeg,
red_arabic_calligraphy_mural_on_a_gray_wall.jpeg,Photograph - Red Arabic Calligraphy Mural On A Gray Wall.jpeg,
red_ink_abstract_biomorphic_drawing_on_graph_paper.jpeg,Illustration - Abstract Red Ink Biomorphic Drawing on Graph Paper.jpeg,
remote_stream_and_cold_pines_by_ni_zan_late_yuan_early_ming_dynasty.jpeg,Remote Stream and Cold Pines by Ni Zan (late Yuan - early Ming dynasty).jpeg,
reusable_shopping_bag_with_photographic_print_of_green_vegetables_and_balenciaga_logo.jpeg,Photograph - Balenciaga Reusable Shopping Bag with Green Vegetable Print.jpeg,
rider_2_by_jonas_lekevicius_2018.png,Illustration - Pixel Art of a Dark Rider on Horseback in a Retro Window.png,
rings_by_guweiz_2020.jpeg,Illustration - Illustration of Person with Grey Hair and Many Rings.jpeg,
rmb_city_city_planning_by_cao_fei_2007.jpeg,RMB City: A Second Life City Planning 04 by Cao Fei (2007).jpeg,
roses_gaeta_2004.jpeg,Photograph - Soft Focus Close-Up of Two Pink Roses.jpeg,
rudolf_gorokhov_surreal_seascape_with_ships_and_aqueduct_2011.jpg,The Sun Sets Sail by Rob Gonsalves (2001).jpg,
running_horses_by_nicolas_sassoon_2012.jpeg,Illustration - Two Horses Running in Snowy Landscape with Digital Overlay.jpeg,
sadie_mae_never_felt_that_way_by_david_choe_2008.jpg,Illustration - Abstract Red and Black Screaming Face with White Teeth.jpg,
sanguine_drawing_of_two_male_nude_figures_one_standing_one_seated.jpg,Illustration - Sanguine Drawing of Two Male Nude Figures by Iliya Mirochnik.jpg,
sanguine_drawing_of_two_nude_male_figures.jpg,Illustration - Sanguine Drawing of Two Nude Male Figures by Iliya Mirochnik.jpg,
scientific_diagram_comparing_two_circular_network_graphs_of_brain_connectivity.png,Diagram - Two Circular Network Graphs Comparing Brain Connectivity Under Placebo And Psilocybin.png,
scientific_visualization_of_a_green_ribbon_protein_structure_with_a_central_magenta_metal_complex.jpg,"Diagram - Scientific Visualization of Green Ribbon Protein Structure, Magenta Center.jpg",
screen_graphic_labeled_psychographic_display_for_s_a_langley.jpg,Screenshot - Orange Glowing Psychographic Display for EVA-02 Pilot S.A. Langley.jpg,
screen_shot_2021_01_14_at_10_03_14_am_png.png,Diagram - Dense Network Diagram of Interconnected Text Labels.png,
screen_shot_2022_09_18_at_10_12_59_am_png.png,"Screenshot - Text Excerpt Discussing Art, Life, And Absurdity.png",
screen_shot_2023_04_18_at_9_03_01_pm_png.png,Photograph - Microphone and Laptop in Anechoic Chamber.png,
screen_shot_2023_07_19_at_7_37_38_pm_png.png,Screenshot - Person in Coat Watches Large Fire Under Purple Sky.png,
screen_shot_2024_05_26_at_6_17_13_pm_png.png,Illustration - Smiling Man Looking Over Shoulder in Blue and White.png,
screenshot_of_3d_modeling_software_interface_showing_a_gray_human_figure_model.jpeg,Screenshot - Screenshot of 3D Modeling Software Interface with Human Figure Model.jpeg,
screenshot_of_3d_modeling_software_showing_a_low_poly_female_character_rig.jpeg,Screenshot - Screenshot of 3D Modeling Software with Low-Poly Female Character Rig.jpeg,
screenshot_of_a_blue_computer_desktop_interface_ibm_os_2_warp_4_displaying_multiple_overlapping_windows_and_icons.jpeg,Screenshot - Blue Computer Desktop Interface with Multiple Overlapping Windows and Icons by IBM.jpeg,
screenshot_of_a_chat_interface_displaying_two_text_messages_one_informational_and_one_abusive_with_a_blue_continue_this_chat_button.jpeg,Screenshot - Screenshot of Chat Interface with Informational and Abusive Messages.jpeg,
screenshot_of_a_dark_mode_text_message_conversation_displaying_a_green_upward_trending_financial_chart_and_messages_about_10x_gains_and_subsequent_distress.jpeg,Screenshot - Dark Mode Text Message Conversation with Financial Chart and Distress.jpeg,
screenshot_of_a_digital_avatar_profile_with_a_farewell_message.jpeg,Screenshot - Roblox Avatar Profile with Farewell Message 'My Cancer Won Guys'.jpeg,
screenshot_of_a_highly_detailed_abstract_monochromatic_digital_drawing_in_microsoft_paint.jpeg,Screenshot - Screenshot of Abstract Monochromatic Digital Drawing in Microsoft Paint.jpeg,
screenshot_of_a_twitter_thread_comparing_funko_pop_and_detailed_action_figure_collections.jpeg,Screenshot - Twitter Thread Comparing Funko Pop And Detailed Action Figure Collections.jpeg,
screenshot_of_a_web_page_defining_blobject_and_showing_images_of_a_blue_volkswagen_new_beetle_and_an_apple_imac_computer.jpg,Screenshot - Web Page Defining 'Blobject' with Volkswagen Beetle and Apple iMac Examples.jpg,
screenshot_of_a_webpage_displaying_an_mit_news_article_headline_and_text_with_yellow_highlighting.jpeg,Screenshot - Screenshot of MIT News Article with Yellow Highlighted Text.jpeg,
screenshot_of_an_email_about_stress_survey_results_and_employee_termination.jpeg,Screenshot - Email Regarding Stress Survey Results and Employee Termination.jpeg,
screenshot_of_an_essay_discussing_technology_adoption_and_values.jpeg,Screenshot - Screenshot of an Essay Discussing Technology Adoption and Values.jpeg,
screenshot_of_an_iphone_email_inbox_displaying_two_emails_from_adidas_running_one_apologizing_and_one_congratulating_marathon_survival.jpeg,Screenshot - Screenshot of iPhone Email Inbox with Adidas Running Apology and Marathon Emails.jpeg,
screenshot_of_code_editor_displaying_deeply_nested_blocks_with_placeholder_names_and_a_comment_waldo_on_a_dark_background.jpeg,Screenshot - Code Editor Displaying Deeply Nested Blocks With Placeholder Names.jpeg,
screenshot_of_the_wordart_gallery_dialog_box.jpg,Screenshot - WordArt Gallery Dialog Box.jpg,
scribbles_pen.jpeg,Document - Open Book Page Displaying Abstract Scribble Drawings and Text.jpeg,
scroll_painting_of_a_standing_woman_in_elaborate_red_and_green_robes_holding_a_fan.jpeg,Illustration - Elegant Woman in Red and Green Robes Holding a Fan.jpeg,
seamless_pattern_of_waterfalls_and_turbulent_water_in_blue_green_tones.jpeg,Illustration - Seamless Pattern of Waterfalls and Turbulent Water.jpeg,
secret_bait_by_tres_taylor.jpeg,Illustration - Stylized Figure Fishing From Crescent Moon With Colorful Fish Below.jpeg,
self_portrait_by_ren_xiong_qing_dynasty.jpeg,Self-Portrait by Ren Xiong (Qing dynasty).jpeg,
sepia_photograph_of_a_grand_neoclassical_exhibition_building_and_waterway.jpg,Photograph - Sepia Photograph of Grand Neoclassical Exhibition Building and Waterway.jpg,
sepia_photograph_of_a_large_domed_neoclassical_building_and_the_palace_of_mechanic_arts_with_crowds_and_a_bridge.jpg,"Photograph - World's Columbian Exposition, Administration Building and Palace of Mechanic Arts.jpg",
sepia_photograph_of_a_large_victorian_building_on_a_rocky_cliff_above_a_beach.jpg,"Photograph - Cliff House, San Francisco.jpg",
sepia_photograph_of_a_man_with_round_glasses_and_a_goatee.jpeg,Photograph - Sepia Photograph of a Man with Round Glasses and Goatee.jpeg,
sepia_photograph_of_a_starling_murmuration_forming_a_wave_shape.jpeg,Photograph - Sepia-Toned Photograph of Starling Murmuration Forming Wave Shape.jpeg,
sepia_photograph_of_neoclassical_exposition_buildings_along_a_waterway_with_a_rocky_foreground.jpg,Photograph - Sepia Photograph of Neoclassical Buildings Along Waterway with Rocky Foreground.jpg,
sepia_toned_ink_drawing_of_a_girl_carrying_a_large_object_walking_up_a_narrow_arched_street_in_a_densely_built_town.jpg,Illustration - Sepia-Toned Ink Drawing of Girl Walking Up Arched Street by Yoh Yoshinari.jpg,
sheet_of_multiple_ink_and_pencil_sketches_featuring_figures_and_head_studies.jpeg,Illustration - Sheet of Multiple Ink and Pencil Sketches Featuring Figures and Head Studies.jpeg,
sheet_of_sketches_dismounted_the_fourth_cavalry_moving_the_led_horses_after_frederic_remington_madame_monet_after_pierre_auguste_renoir_apples_and_grapes_after_alfred_sisley_fellah_women_after_jean_leon_gerome_fishing_boats_tied_to_the_wharf_after_je.jpeg,Photograph - Photograph of Framed Sheet with Multiple Blue Ink Sketches.jpeg,
sheffield_by_haidee_jo_summers_2020.jpeg,Hills of Houses by Rob Pointon.jpeg,
shopping_cart_with_blue_stained_glass_sides.jpg,Illustration - Shopping Cart With Blue Stained Glass Panels.jpg,
shopping_center_by_kouhei_nakama_2018.jpg,Illustration - Vibrant Solarpunk Cityscape with Elevated Transport and Lush Greenery.jpg,
silhouette_of_a_figure_formed_by_colorful_wildflowers_on_a_dark_background.jpeg,Illustration - Silhouette of a Figure Formed by Colorful Wildflowers on Dark Background.jpeg,
silhouette_of_a_figure_standing_on_a_dark_surface_reflecting_swirling_golden_light.jpg,Photograph - Silhouette of a Person Standing on Reflective Golden Swirling Surface.jpg,
silhouette_under_a_glitchy_light_cone_with_red_eyes.jpeg,Illustration - Silhouette Pulling Light Cord Under Glitchy Cone With Red Eyes.jpeg,
simple_purple_pen_drawing_of_an_abstract_dog_figure_1st_place_contest_entry.png,Image - Facebook Post Announcing Dog Drawing Contest Winners.png,
sketch_of_a_face_drawn_with_vertical_lines_over_sheet_music.jpeg,Illustration - Sketch Of A Face Drawn With Vertical Lines Over Sheet Music.jpeg,
sketch_of_a_figure_on_horseback_on_lined_paper.jpeg,Illustration - Sketch Of A Figure On Horseback On Lined Paper.jpeg,
sketch_studies_of_figures_including_a_standing_drummer_and_seated_man.jpeg,"Illustration - Sketch Studies of Figures, Including Drummer and Seated Man.jpeg",
skirt_transformations.jpeg,Photograph - Photograph of an Open Book Page with Illustrations.jpeg,
sky_power_by_robert_vancas_2017.jpg,Illustration - Painting of a Chevron Sign with an Airplane and Classic Cars by Robert Vancas.jpg,
small_black_and_white_drawing_of_a_central_figure_in_a_crowded_scene.jpeg,Illustration - Black and White Drawing of a Central Figure in a Crowded Scene.jpeg,
small_car_covered_in_rainbow_graffiti_and_tags_displayed_indoors.jpeg,Photograph - Small Car Covered in Rainbow Graffiti Displayed Indoors at Night.jpeg,
small_framed_print_or_photograph_featuring_dense_yellow_green_and_brown_abstract_or_organic_shapes.jpeg,Photograph - Interior View of a Modern Art Gallery or Office Space.jpeg,
snow_scene_by_jonas_wood_2020.jpeg,"Illustration - Stylized Artwork: People, Dog, Snow Outside Brick Building.jpeg",
something_s_just_not_rightour_air_is_clean_our_water_is_pure_we_all_get_plenty_of_exercise_everything_we_eat_is_organic_and_free_range_and_yet_nobody_lives_past_thirty_by_alex_gregory_2001.jpeg,"Comic - Something's just not right—our air is clean, our water is pure, we all get plenty of exercise, everything we eat is organic and free-range, and yet nobody lives past thirty. by Alex .jpeg",
speedster_on_the_sound_by_charles_fazzino_2008.jpg,Porsche 356 Speedster 2 by Eizin Suzuki.jpg,
spring_by_esther_shimazu_2021.jpeg,Photograph - Art Exhibition Featuring Various Ceramic Sculptures on White Walls.jpeg,
square_painting_of_two_pink_and_white_skeletal_towers_on_a_deep_red_background_with_flame_like_strokes.jpeg,Illustration - Two Pink and White Skeletal Towers on Red Background with Flames.jpeg,
square_white_canvas_on_a_wall.jpeg,Screenshot - Screenshot of Text Message with White Canvas and Rock-On Hand Gesture.jpeg,
stadia_ii_by_julie_mehretu_2004.jpeg,Stadia II by Julie Mehretu (2004).jpeg,
staged_photograph_of_two_men_surrounded_by_floating_and_broken_porcelain_in_an_antique_shop_setting.jpg,Screenshot - Cloud Atlas.jpg,
standing_in_the_light_by_loie_hollowell_2018.jpeg,Illustration - Abstract Organic Shapes with Dripping Red and Soft Colors.jpeg,
stargazer_by_ryan_bliss_2000.jpeg,Stargazer by Ryan Bliss (2000).jpeg,
statue_of_kaaper_sheikh_el_balad_c_2450_bce.jpeg,Illustration - Weathered Wooden Statue of an Ancient Man's Torso.jpeg,
stencil_of_a_brown_and_white_cow_grazing_on_a_concrete_wall.png,Illustration - Stencil of a Brown and White Cow Grazing on a Concrete Wall.png,
stereo_system_with_two_clear_acrylic_speakers_and_turntable.jpeg,Photograph - Clear Acrylic Stereo System with Turntable and Speakers.jpeg,
sticker_of_a_multi_eyed_figure_with_pink_lightning_bolt_pigtails_and_a_rainbow_by_hissxx.jpeg,Illustration - Multi-Eyed Figure with Pink Lightning Pigtails and Rainbow.jpeg,
still_life_drawing_of_three_objects_by_giorgio_morandi.jpeg,Illustration - Still Life Drawing of Three Bottles.jpeg,
still_life_with_flowers_and_window_by_jonas_wood_2019.jpg,Illustration - Stylized Still Life of Flowers in Vase by Window.jpg,
still_life_with_mug_by_jeremy_mann_2009.jpeg,Illustration - Abstract Still Life with Teal Mug and Glowing Lamp.jpeg,
stone_relief_sculpture_of_a_highly_textured_corpus_on_a_cross_mounted_on_a_stone_wall.jpeg,Photograph - Textured Stone Sculpture of Christ on Cross on Stone Wall.jpeg,
structural_equation_model_diagram_of_factors_contributing_to_suicidal_ideation.jpeg,Diagram - Structural Equation Model Diagram of Factors Contributing to Suicidal Ideation.jpeg,
studiohero_jpg.jpg,Photograph - Messy Interior of Francis Bacon's Art Studio.jpg,
study_for_the_unblinking_eye_by_christian_rex_van_minnen_2014.jpg,Illustration - Fragmented Portrait of a Person's Face.jpg,
study_of_hands_by_fei_lihua_2016.jpg,Illustration - Close-up Painting of Two Hands Clasped Together by Fei Lihua.jpg,
stylized_abstract_figurative_painting_of_multiple_faces_and_figures_in_red_brown_and_gold.jpeg,Illustration - Stylized Abstract Figurative Painting of Multiple Faces and Figures.jpeg,
stylized_black_and_white_feline_head_with_chains_and_stars_drawn_on_woven_fabric.jpeg,Illustration - Stylized Black and White Feline Head with Chains and Stars.jpeg,
stylized_drawing_of_a_person_fishing_on_a_wooden_pier_with_swirling_water_and_mountains.jpeg,Illustration - Stylized Drawing of a Person Fishing on a Wooden Pier.jpeg,
stylized_geometric_and_arabesque_design_in_blue_red_and_black_on_page_93.jpeg,Illustration - Stylized Geometric And Arabesque Design On Page 93.jpeg,
stylized_geometric_design_featuring_red_and_blue_central_motif_over_blue_swirling_patterns.jpeg,Illustration - Stylized Geometric Design with Red and Blue Central Motif.jpeg,
stylized_graphic_design_of_an_animal_formed_by_gray_lines_and_the_word_smac.png,Illustration - Stylized Animal Formed by Gray Lines and 'smac' Text.png,
stylized_illustration_of_a_blue_skinned_figure_with_dark_hair_and_red_polka_dot_background_displayed_in_a_slide_mount.jpeg,Illustration - Stylized Blue-Skinned Figure with Dark Hair on Red Polka-Dot Background.jpeg,
stylized_illustration_of_a_crawling_baby_and_genetic_data.webp,Illustration - Stylized Illustration of Crawling Baby with Genetic Data.webp,
stylized_illustration_of_a_room_with_a_blowing_curtain_window_and_a_video_game_controller_on_a_table.png,"Illustration - Stylized Room With Blowing Curtain, Window, And Game Controller.png",
stylized_marker_drawing_of_a_character_jumping_with_a_spray_can.png,Illustration - Stylized Marker Drawing of Character Beat Jumping with Spray Can.png,
stylized_painting_of_a_stream_and_autumn_foliage.jpeg,Illustration - Stylized Painting of a Stream with Autumn Foliage.jpeg,
stylized_painting_of_a_teal_bird_in_a_tropical_landscape_at_night.jpeg,Illustration - Stylized Painting of a Teal Bird in Tropical Landscape at Night.jpeg,
stylized_painting_of_an_orange_and_pink_mesa_against_layered_purple_and_blue_hills.jpeg,Illustration - Stylized Orange and Pink Mesa Against Layered Purple Hills.jpeg,
stylized_painting_of_multiple_figures_in_teal_robes_and_red_hats.jpeg,Illustration - Stylized Figures in Teal Robes and Red Hats.jpeg,
subdivision_5000_by_andreas_gursky_2006.jpg,Photograph - Aerial View of Suburban Houses and Green Lawns.jpg,
subway_by_alyssa_monks_2008.jpeg,Q Train by Nigel Van Wieck (1990).jpeg,
summer_solstice.jpeg,Illustration - Birch Trees and Tall Grass in a Forest Landscape.jpeg,
summer_wind_by_kaho_shishido_2019.jpg,Summer Wind by Shiori Matsuura (2019).jpg,
sunday_news_free_luigi_deny_95899189_jpg.jpg,Photograph - Ornate Stone Archway with Wooden Door Covered in Red Graffiti.jpg,
sunflower_by_masaru_oishi_2020.jpg,"Illustration - Black and White Illustration of Alleyway with Person, Sunflowers, and Cats by Masaru Oishi.jpg",
sunset_cranes_by_carolyn_lujan_2022.jpeg,Sunset Cranes by Carolyn Lujan (2022).jpeg,
sunset_tears_by_mydarlingstar_2019.jpeg,Illustration - Eyes Over Water With Setting Sun And Tear.jpeg,
super_bubble_by_kenny_scharf_2022.jpeg,"Illustration - A Vibrant, Chaotic Painting Of Cartoon Characters And Objects.jpeg",
surewhynotgoogle_webp.webp,"Diagram - Diagram Showing Modernity, Subculture, And Rebelliousness With Percentages.webp",
swallows_by_masao_yamamoto_2008.jpg,Illustration - Grid of Silhouetted Birds Against a Cloudy Sky by Edouard Taufenbach and Bastien Pourtout.jpg,
swinging_by_laura_pannack_2014.jpeg,"Photograph - Girls on the swings, Surprise Creek Hutterite colony, Montana by William Albert Allard.jpeg",
symmetrical_drawing_of_a_stylized_flower_mandala_surrounded_by_blue_waves_and_a_star.jpeg,"Illustration - Stylized Mandala with Flower Motif, Wavy Lines, Star, and Triangle by Carl Jung.jpeg",
symmetrical_esoteric_drawing_of_a_flower_like_symbol_floating_above_a_black_triangle_surrounded_by_blue_waves.jpeg,"Illustration - Colorful Symmetrical Mandala with Flower-like Symbol, Waves, Star, and Triangle by Carl Jung.jpeg",
symmetrical_geometric_diagram_of_a_complex_polytope_projection.jpeg,Diagram - Symmetrical Geometric Diagram of a Complex Polytope Projection.jpeg,
t_art_center_by_zhu_pei_2019.jpg,Photograph - Modern Concrete Building Resembling Open Book Amidst Green Landscape.jpg,
tambourine_by_tiffanie_anderson_2022.jpeg,Tambourine by Tiffanie Anderson (2022).jpeg,
tattoo_depicting_the_number_9_11_formed_by_two_towers_and_a_large_nine_with_falling_figures_and_an_airplane.jpeg,Photograph - Crude 9-11 Themed Tattoo on a Person's Back.jpeg,
technical_diagram_of_integrated_military_and_civilian_electronic_systems.jpeg,Diagram - Complex Diagram Illustrating Integrated Military And Civilian Electronic Warfare Systems.jpeg,
technical_figure_showing_a_6x5_grid_of_male_faces_undergoing_progressive_visual_distortion_based_on_poison_percentage_and_iteration_count.jpg,Diagram - Grid of Male Faces Showing Progressive AI Distortion.jpg,
technical_wireframe_drawing_of_a_complex_geometric_form_in_perspective_on_grid_paper.jpg,Diagram - Complex Wireframe Geometric Form Drawn on Grid Paper.jpg,
tekkon_kinkreet_omnibus_cover_illustration_by_taiyo_matsumoto_2018.jpg,Illustration - Tekkonkinkreet Omnibus by Taiyo Matsumoto.jpg,
ten_different_projections_of_the_hessian_polyhedron_3_3_3_3_3.jpeg,Diagram - Ten Geometric Projections of a Polyhedron on a Book Page.jpeg,
textile_artwork_of_figures_and_a_rabbit_in_a_dark_landscape.jpeg,Illustration - Textile Artwork of Figures and a Rabbit in a Dark Landscape.jpeg,
textured_abstract_landscape_painting_of_mountains_in_orange_and_yellow_hues.jpeg,Illustration - Abstract Textured Mountain Landscape in Orange and Yellow.jpeg,
textured_abstract_painting_of_a_distorted_black_grid.jpeg,Illustration - Textured Abstract Painting of Distorted Black Grid on White.jpeg,
textured_abstract_relief_with_zigzag_and_parallel_lines_in_brown_and_black.jpeg,Illustration - Textured Abstract Geometric Art with Zigzag and Parallel Lines.jpeg,
textured_painting_with_repeating_gold_floral_pattern_on_turquoise_background.jpeg,Illustration - Textured Turquoise Painting with Repeating Gold Floral Pattern.jpeg,
thangka_painting_of_a_central_seated_buddha_surrounded_by_narrative_scenes_on_a_green_background.jpg,Illustration - Central Seated Buddha Surrounded by Narrative Scenes on Green Background.jpg,
thangka_painting_of_a_multi_armed_blue_wrathful_deity_standing_on_figures_against_a_red_background.jpg,"Illustration - Multi-Armed Blue Wrathful Deity Standing on Figures, Red Background.jpg",
thangka_painting_of_a_red_multi_armed_wrathful_deity_drawing_a_bow_and_arrow_standing_on_a_prostrate_figure.png,Illustration - Red Multi-Armed Wrathful Deity Drawing Bow And Arrow.png,
thangka_style_painting_of_a_dancing_red_deity_adorned_with_a_garland_of_heads.jpeg,Illustration - Dancing Red Deity Adorned With Garland of Heads.jpeg,
that_woman_is_back_on_the_plane_by_fernando_2023.jpg,Illustration - Woman Points Angrily at Fantastical Passengers on Airplane by Travis Chapman.jpg,
the_admiralty_paris_met_dp813268_jpg.jpg,Le Ministère de la Marine (Fictions & Voeux) by Charles Méryon (1865).jpg,
the_adoration_of_the_magi_by_chris_ofili_2017.jpg,Illustration - Intricate Colorful Painting of Figures and Animals in a Blue Underwater Scene.jpg,
the_american_dream_by_tim_o_brien_2013.jpg,"Illustration - Family Barbecuing in Backyard, Each Holding a Handgun.jpg",
the_aqueduct_by_james_fletcher_2018.jpg,Fishing for Escher by James Fletcher (2018).jpg,
the_art_market_by_jan_van_haasteren_2008.jpg,Illustration - Busy Cartoon Art Market Scene with Many Characters by Jan Van Haasteren.jpg,
the_art_of_the_deal_by_robert_williams_2017.jpeg,The Art of the Deal by Robert Williams (2017).jpeg,
the_ayahuasca_visions_of_pablo_amaringo_v0_5znvcd7kl4h91_jpg.jpg,"Illustration - Colorful Visionary Painting with Winged Figures, Mythical Creatures, and Patterns by Pablo Amaringo.jpg",
the_bar_by_kent_williams_2009.jpg,Illustration - Bar Scene with Distorted Figures and Bartender by Enrico Robusti.jpg,
the_bat_and_the_dove_by_walton_ford_2009.jpg,Illustration - White Dove and Bat Flying Against Dark Background.jpg,
the_bather_by_jock_mcfadyen_2012.jpg,Illustration - Expressive Painting of Nude Figure in Landscape.jpg,
the_battle_for_the_soul_of_the_world_by_norspac_2022.jpg,The Battle for the Soul of the World by Norspac (2022).jpg,
the_battle_of_the_goddesses_and_the_demons_devi_mahatmya.jpg,Illustration - Mythological Battle of Deities and Demons on Animals.jpg,
the_battle_of_the_hard_boiled_eggs_by_martin_handford_2006.jpeg,Illustration - Massive Battle Scene with Walled City and Many Figures by Martin Handford.jpeg,
the_battle_of_the_teutoburg_forest_by_enrico_marini_2011.jpg,Illustration - The Battle of the Teutoburg Forest by Enrico Marini.jpg,
the_bed_by_adrian_ghenie_2013.jpg,Illustration - Three Nude Figures On A Bed With Landscape Background.jpg,
the_block_by_josan_gonzalez_2016.jpg,Illustration - Detailed Isometric Cyberpunk Building With Many Characters And Activities.jpg,
the_boss_concept_sketches_metal_gear_solid_3_by_yoji_shinkawa_2004.jpg,Illustration - Concept Sketches of The Boss by Yoji Shinkawa.jpg,
the_boy_and_the_robot_by_simon_stalenhag_2014.jpg,The Sentinel by Edward Howard.jpg,
the_brain_by_mark_francis_2008.jpg,On Being (2023).jpg,
the_bride_who_married_a_snake_by_wangechi_mutu_2006.jpg,Yo Mama by Wangechi Mutu (2003).jpg,
the_brinmansta_by_waneella_2019.jpg,"Illustration - Detailed Isometric Cityscape with Buildings, Tram, and Neon Signs.jpg",
the_bull_by_roberto_ferri_2015.jpg,Illustration - Dynamic Sketch of Men and Bulls in Action.jpg,
the_burning_city_by_wayne_barlowe_2000.png,The Burning City by Wayne Barlowe (2000).png,
the_butterfly_effect_by_monica_kim_garza_2023.jpeg,The Butterfly Effect by Monica Kim Garza (2023).jpeg,
the_canyon_by_mark_maggiori_2015.jpg,Illustration - Cowboy Herding Wild Horses Through Desert Canyon Landscape.jpg,
the_centaur_by_greg_cagle_2018.png,Illustration - Naked Figure Confronts Antlered Centaur in Dark Forest by G. Cagle.png,
the_city_401_by_kilian_eng_2018.jpg,"Illustration - Isometric View of a Chaotic, Crowded, Dystopian Cityscape.jpg",
the_city_by_ben_tolman_2015.jpg,Urban by Ben Tolman (2015).jpg,
the_city_by_m_s_corley_2018.png,Illustration - Stylized Illustration of a City with Many Towers Under a Sun.png,
the_city_of_entotsu_by_mateusz_urbanowicz_2017.jpg,The City of Entotsu by Mateusz Urbanowicz (2017).jpg,
the_city_of_the_clouds_by_tomasz_alen_kopera_2018.jpg,Illustration - Fantasy City in Clouds Above Desert Ruins Landscape Painting.jpg,
the_click_by_jonas_wood_2019.jpg,"Illustration - Abstract Painting: Pixelated Cursors, Red Head, Blue and Red Figures.jpg",
the_conversation_by_mary_hatch_2022.jpeg,Illustration - Stylized Women With Umbrellas And A Framed Portrait On Grey Background.jpeg,
the_cookout_by_devan_shimoyama_2022.jpeg,"Illustration - A Detailed, Circular Artwork Depicting Various Objects On A Grill.jpeg",
the_couple_by_jeremy_lipking_2018.jpeg,"Illustration - Man and Woman Embracing Against Pink Background, Oil Painting.jpeg",
the_decline_and_fall_of_the_roman_empire_after_edward_gibbon_by_mishka_henner_2011.png,Document - Book Cover Featuring Ransacked Store and Text.png,
the_deep_by_wesley_stokes_2018.jpeg,Illustration - Black and White Woodcut of Whale's Tail and Small Boat by Rockwell Kent.jpeg,
the_dinner_by_tomasz_alen_kopera_2008.jpg,Illustration - Two Elongated Figures Sit at a Table by Jarosław Kukowski.jpg,
the_embrace_by_nikolai_blokhin_2005.jpg,Hold Me by Malcolm T. Liepke (2023).jpg,
the_empress_by_sentrock_2017.jpeg,Illustration - Mural of a Woman with Elaborate Headdress and Flowers.jpeg,
the_end_is_near_by_scott_greenwalt_2022.jpeg,Illustration - Woman Floats Above Highway Interchange With Parody Brand Signs.jpeg,
the_end_of_the_internet_by_constant_dullaart_2013.jpeg,Illustration - Green Field with Sheep and Overlaid Farewell Text Boxes.jpeg,
the_end_of_the_world_by_molly_soda_2016.jpeg,Illustration - Close-up of Eyes and Hair Amidst Abstract Digital Collage and Medical Scan.jpeg,
the_enlightened_savage_by_enrique_chagoya_2005.jpeg,Illustration - Multi-Panel Painting with Symbolic Figures and Text.jpeg,
the_evolution_of_louis_wain_s_cats_by_louis_wain.jpg,The Evolution of Louis Wain's Cats by Louis Wain (1919-1939).jpg,
the_faerie_queene_by_kinuko_y_craft_2008.jpg,Luna by Kinuko Y. Craft (2008).jpg,
the_fall_of_constantinople_by_donato_giancola_2005.jpg,Illustration - Ottoman Soldier Stands Over Fallen Knight in Ruined Hall.jpg,
the_familiar_by_salazad_2019.jpg,Illustration - Black Cat With Glowing Eyes And Two Orbs.jpg,
the_forest_by_vahram_muratyan_2015.jpg,Illustration - Black And White Illustration Of A Person In A Forest With Fingerprint Ground.jpg,
the_future_is_now_by_scott_c_2014.jpg,Illustration - Detailed Isometric Illustration of a Bustling Futuristic City.jpg,
the_future_is_now_neo_city_riot_by_josan_gonzalez_2017.jpg,The Future Is Now by Josan Gonzalez (2017).jpg,
the_garden_by_r_kikuo_johnson_2019.jpeg,"Illustration - Stylized Landscape with Red Flowers, Steps, and Figure Under Arches by R. Kikuo Johnson.jpeg",
the_girl_with_the_long_hair_blue_by_miwa_komatsu_2019.jpeg,Illustration - Seated Figure With Long Dark Hair Against Abstract Glowing Background.jpeg,
the_glendearning_getaway_by_andy_thomas_2018.jpg,The Glendearning Getaway by Andy Thomas (2018).jpg,
the_golden_city_by_marc_simonetti_2016.jpg,The Golden City by Marc Simonetti (2016).jpg,
the_golden_stripes_by_attab_mayana_2020.jpg,Illustration - Stylized Woman in Black and Gold Striped Garment.jpg,
the_grave_by_keke_2019.jpg,"Illustration - Person Kneeling at Grave, Another Underground with Computer and Blood.jpg",
the_great_adversary_by_santiago_caruso_2012.jpeg,The Adoration of Pan by Johfra Bosschart (1979).jpeg,
the_great_balance_by_sompong_adulsaringkar_2000.jpg,The Great Balance by Prateep Kochabua (2000).jpg,
the_great_divide_by_chris_hood_2020.jpeg,"Illustration - Abstract Painting: Golden Sky Over Fiery, Textured Red Landscape.jpeg",
the_great_fall_by_kilian_eng_2013.jpg,Illustration - The Great Fall by Kilian Eng.jpg,
the_great_gatsby_by_alex_prager_2013.png,Photograph - Willem Dafoe Posing With Portrait Of Himself In Gallery.png,
the_great_swirl_by_eliran_kantor_2018.jpeg,The Adoration of Pan by Johfra Bosschart (1979) (2).jpeg,
the_hall_of_arcana_by_annibale_siconolfi_2020.jpeg,The Hall of Arcana by Annibale Siconolfi (2020).jpeg,
the_heavenly_host_by_vsevolod_ivanov_2007.jpg,Illustration - Celestial Battle Scene with Armored Angels and Joan of Arc.jpg,
the_house_of_the_mufti_sheikh_el_mahadi_in_cairo_by_frank_dillon.jpeg,Illustration - Ornate Interior With Figure Seated In Sunlight.jpeg,
the_hunter_by_anna_weyant_2020.jpeg,"Illustration - Two Figures, Tree, and Goose in a Surreal Landscape.jpeg",
the_internet_map_by_barrett_lyon_2003.jpg,Diagram - The Internet Map by Barrett Lyon.jpg,
the_jump_by_alex_prager_2011.jpeg,Illustration - Photograph of an Upside-Down Car Floating in a Hazy Sky.jpeg,
the_kangxi_emperor_on_his_southern_inspection_tour_section_of_a_handscroll_by_wang_hui_and_others_qing_dynasty.jpeg,"The Kangxi Emperor on His Southern Inspection Tour, section of a handscroll by Wang Hui and others (Qing dynasty).jpeg",
the_knight_of_the_star_by_elyvees_2023.jpeg,Illustration - Anime-style Character Holding Sword in Front of Castle by Elyvees.jpeg,
the_krusty_krab_is_closed_by_yan_blanco_2020.png,Tired by Yan Blanco (2020).png,
the_labyrinth_of_the_world_by_tom_parker_2019.jpg,Illustration - Intricate Fantasy Labyrinth Illustration with Diverse Architectural and Mythical Elements.jpg,
the_last_customer_by_valeriy_brosin_2013.jpeg,The Last Customer by Valeriy Brosin (2013).jpeg,
the_last_of_us_by_jeremy_geddes_2013.jpg,V by Eliran Kantor (2020).jpg,
the_last_supper_by_omar_hassan_2021.jpg,Illustration - Figures in Red Robes at Table on Beach.jpg,
the_last_supper_by_r_h_quaytman_2018.jpeg,"Illustration - Colorful Multi-Panel Artwork Featuring Horses, Landscapes, and Abstract Forms.jpeg",
the_last_supper_of_the_unicorns_by_cam_collins_2020.jpg,Illustration - Surreal Scene with Grotesque Unicorn Figures and Strange Vehicle.jpg,
the_letter_by_jeremy_lipking_2019.jpg,Illustration - Woman Holding Letter in Warm Light.jpg,
the_light_by_susan_r_shie_2018.jpeg,Illustration - Quilted Lighthouse Emitting Light Waves Over Stormy Sea with Ship.jpeg,
the_long_hair_in_the_attic_by_junji_ito_2002.jpeg,Comic - A Person Lies On Floor Surrounded By Many Ghostly Heads.jpeg,
the_long_ride_by_john_moyers_2005.jpeg,The Long Ride by John Moyers (2005).jpeg,
the_man_on_the_sofa_by_liu_ye_2003.jpeg,The Man on the Sofa by Liu Ye (2003).jpeg,
the_mascot_by_simon_stalenhag_2016.jpg,Illustration - Police Car Near Collapsed Robot Head Under Overpass by Simon Stålenhag.jpg,
the_meaning_of_life_film_still_by_don_hertzfeldt_2005.jpg,"Screenshot - Animated Film Still of a Figure in a Field, Then a Sunflower.jpg",
the_mechanism_of_the_geisha_by_manami_sato_2010.jpg,Illustration - Surreal Deconstructed Geisha Figure with Mechanical and Biological Elements.jpg,
the_mirror_by_christian_rex_van_minnen_2013.jpg,Illustration - Distorted Painting of Hands and Face with Swirling Lines.jpg,
the_misadventures_of_the_romantic_cannibals_by_enrique_chagoya_2012.jpeg,Illustration - Two Framed Mixed-Media Artworks with Comic-Like Panels and Figures.jpeg,
the_mound_and_the_shadow_by_trenton_doyle_hancock_2019.jpeg,Illustration - Multi-panel artwork depicting a surreal landscape with figures and text.jpeg,
the_night_shift_by_scott_green_2022.jpeg,Illustration - Stylized Desk Setup with Night Landscape Painting on Striped Wall.jpeg,
the_nude_warrior_anatomical_diagram_after_michelangelo_by_kollmann.jpeg,Diagram - Anatomical Diagram of Male Figure's Back with Muscle Labels.jpeg,
the_observer_by_damian_elwes_2007.png,Illustration - Red Rope-Like Figure Merging With Textured Painting.png,
the_oracle_by_amanda_sage_2012.jpg,The Oracle by Amanda Sage (2012).jpg,
the_oracle_by_monica_kim_garza_2020.jpg,"Illustration - Stylized Figures, Animals, and Patterns in Blue, Gold, and Orange by Marcel Dzama.jpg",
the_paper_airplane_by_john_mcnaughton_2008.png,War Games by Petrina Ryan-Kleid (2008).png,
the_paper_airplane_by_petrina_ryan_kleid_2012.jpeg,War Games by Petrina Ryan-Kleid (2012).jpeg,
the_penitent_by_dmitry_grebenkov_2020.jpeg,Illustration - Figure in Pointed Hat Gazing at Smoking Orange Orb.jpeg,
the_picnic_by_will_cotton_2008.png,Picnic in Central Park by Cesar Santos (2013).png,
the_plane_by_sarah_green_2023.jpg,Airplane lady freaks out on airplane. Woman Not Reals characters on a plane by Travis Chapman.jpg,
the_policeman_by_peter_doig_2002.jpg,The Policeman by Leon Golub (1981).jpg,
the_producer_by_alix_vernet_2019.jpg,Illustration - Person in Red Beanie Sits at Desk in Cluttered Room.jpg,
the_queen_by_harmonia_rosales_2021.jpeg,Illustration - Stylized Purple Figure with Yellow Drapes and Queen of Hearts Card.jpeg,
the_reader_by_alyssa_monks_2017.jpg,Illustration - Person on Couch Reading Tablet by Window at Night.jpg,
the_real_six_dimensional_polytope_122_by_edward_pervin.jpeg,Diagram - Complex Geometric Diagram of a Six-Dimensional Polytope.jpeg,
the_rider_by_katsuya_terada_2000.jpg,Illustration - Fantasy Rider on Flying Fish Past Waterfall Castle.jpg,
the_road_to_oz_by_larry_welo.jpeg,Illustration - Winding Road Through Golden Fields Under Dark Sky.jpeg,
the_room_by_tommy_wiseau_2003.jpg,Image - Collage of Tommy Wiseau Film Credits.jpg,
the_sad_satan_by_david_tibet_2014.jpg,"Illustration - Horned Figure On Couch With Snake, Nude Figure In Doorway by Julia Soboleva.jpg",
the_safety_of_the_flock_by_bisa_butler_2019.jpg,Illustration - Colorful Collage of Woman Holding Parrot by María Berrío.jpg,
the_sandman_overture_1_page_18_by_j_h_williams_iii_2013.jpeg,Comic - Dream and Cat in Fantastical Desert Landscape by J.H. Williams III.jpeg,
the_sandman_overture_1_page_18_by_j_h_williams_iii_2013.jpg,Comic - Dream and a Cat-like Creature in a Fantastical Desert Landscape by J. H. Williams III.jpg,
the_skin_of_the_city_by_the_glue_society_2014.jpg,Photograph - Large Sheet of Dried Ivy Peeling Off Brick Building.jpg,
the_stoned_fox_by_adele_morse_2012.jpg,The Stoned Fox by Adele Morse (2012).jpg,
the_studio_by_salman_toor_2020.jpeg,The Studio by Salman Toor (2020).jpeg,
the_sun_the_moon_the_star_by_david_glomba_2017.jpg,"The Sun, The Moon, The Star by David Glomba (2017).jpg",
the_swimmers_by_jonas_wood_2018.jpeg,Illustration - Stylized Figures Swimming And Relaxing By A Waterfront With Industrial Background.jpeg,
the_tanzhi_pavilion_by_gao_xiang_qing_dynasty.jpeg,The Tanzhi Pavilion by Gao Xiang (Qing dynasty).jpeg,
the_temptress_by_michael_s_smith_2019.jpeg,"Illustration - Still Life with Yellow Heel, Martini, Purse, Glove, Lily.jpeg",
the_three_graces_by_michael_borremans_2008.jpg,Illustration - Three Figures With Obscured Faces in a Painting.jpg,
the_tower_by_evgeny_kiselev_2014.jpeg,"Illustration - Tall, Dilapidated Building Towers Over Rustic Village with Birch Trees.jpeg",
the_town_of_the_dolls_by_gorey_2020.jpg,Illustration - Vibrant Surreal Artwork with Doll Characters and Fantasy Elements.jpg,
the_view_by_caroline_walker_2020.jpeg,Illustration - Woman with Dark Hair Against Yellow and Grey Pattern.jpeg,
the_wait_by_robert_c_jackson_2019.jpg,Illustration - Man in Hat Sitting on Bench in Shadow.jpg,
the_walker_by_lora_zombie_2013.jpeg,"Illustration - Abstract Blue Painting with Red Eyes, Wing, and Walking Figure.jpeg",
the_watcher_by_harmonia_rosales_2020.jpg,"Illustration - Dark-Skinned Child Crouching Among Large Green Leaves, Blue-Orange Background.jpg",
the_wind_from_afar_by_he_jiaying_2012.jpg,"Illustration - Woman Sitting, Talking on Phone, Surrounded by Pink Flowers by Shiori Matsuura.jpg",
the_window_by_hilary_pecis_2010.jpeg,"Illustration - Painting: Window View of Figures, Dogs, and Potted Plant.jpeg",
the_woman_who_died_of_a_broken_heart_by_marlene_dumas_2002.jpeg,Illustration - Expressive Painting of Woman with Large Eyes and Dark Dress.jpeg,
the_world_according_to_acius.png,Illustration - The World According to Acius.png,
the_world_is_a_mess_but_my_hair_is_a_good_mess_by_sarah_cain_2019.jpeg,"Illustration - Abstract Painting with Green Swirls, Grids, and Colorful Shapes.jpeg",
the_yardbirds_the_doors_james_cotton_blues_band_web_jpg.jpg,The Doors & The Yardbirds Vintage Music Poster by Bonnie MacLean (1967).jpg,
there_s_nothing_left_to_be_modernized_by_david_shrigley_2015.jpg,Illustration - Black and White Cartoon with 'There's Nothing Left To Be Modernized' Text.jpg,
this_old_bones_needs_rest_by_samuel_g_gonzalez_2021.jpeg,This Old Bones Needs Rest by Samuel G. Gonzalez (2021).jpeg,
thomas_cole_the_course_of_empire_series_18331836.jpg,Image - Altered Thomas Cole 'Course of Empire' Series with Dinosaur.jpg,
thomas_couture_the_vision_of_john_bunyan_c_18531854.jpg,The Poet's Dream by John Faed (c.1882).jpg,
thomas_ewing_jpg.jpg,Illustration - Pencil Drawing of a Woman's Head and Shoulders by P.W. Ewing.jpg,
three_abstract_textile_panels_with_colorful_shapes_and_tassels.jpeg,Illustration - Three Abstract Textile Panels with Colorful Shapes and Tassels.jpeg,
three_anatomical_illustrations_of_the_male_human_musculature_anterior_posterior_and_lateral_views_figures_163_164_and_165.jpeg,"Illustration - Three Anatomical Illustrations of Male Musculature, Front, Back, Side Views by Julius Tandler.jpeg",
three_anatomical_line_drawings_of_the_female_skeleton_back_side_and_front_views.jpeg,"Diagram - Three Line Drawings of Female Skeleton: Back, Side, Front Views.jpeg",
three_blocks_by_grzegorz_chudy_2020.jpg,Illustration - Three Colorful Block Buildings on Textured Water Under Cloudy Sky.jpg,
three_blue_translucent_furniture_forms_encasing_blurred_images_of_classical_chairs.jpeg,Illustration - Blue Translucent Furniture Forms Encasing Blurred Classical Chairs.jpeg,
three_colorful_illustrations_of_stylized_figures_angelic_embracing_and_leaning_on_a_large_pink_eye_creature.jpeg,Illustration - Three Colorful Stylized Illustrations of Figures and Creatures on White Background.jpeg,
three_line_drawings_on_coffee_cup_sleeves_pinned_to_a_wall.jpeg,Photograph - Three Line Drawings on Coffee Cup Sleeves Pinned to Wall.jpeg,
three_men_in_a_car_at_night_the_driver_wearing_a_light_colored_jacket.jpg,Screenshot - Ryan Gosling Driving Car at Night with Passengers by Nicolas Winding Refn.jpg,
three_panel_digital_collage_featuring_a_man_from_a_movie_and_a_collection_of_plush_toys.jpeg,Image - Three-Panel Collage of Patrick Bateman and Pokémon Plush Toys.jpeg,
three_panel_tibetan_style_painting_depicting_three_seated_lamas_tsongkhapa_and_two_disciples_in_monastic_robes_and_yellow_hats_reproduced_as_a_book_illustration.jpeg,Photograph - Photograph of a Book Page with Three Tibetan Lamas Illustration.jpeg,
tibetan_style_painting_of_a_green_deity_seated_on_a_lotus.jpeg,Illustration - Tibetan-Style Painting of a Green Deity Seated on a Lotus.jpeg,
tibetan_style_painting_of_a_red_wrathful_deity_in_flames.jpeg,"Illustration - Red Wrathful Deity in Flames, Tibetan Style Painting.jpeg",
tibetan_style_painting_of_three_seated_lamas_in_yellow_hats_flanked_by_floral_motifs.jpeg,Illustration - Tibetan-Style Painting of Three Seated Lamas in Yellow Hats.jpeg,
tibetan_thangka_depicting_the_wheel_of_life_bhavachakra.jpeg,Image - Four-Panel Meme Comparing Worldviews to Inventions.jpeg,
tierra_by_karen_cooper.jpeg,Illustration - Abstract Mountains Reflected in Water Under a Gradient Sky.jpeg,
tileston_extended_cognition_60x54_2024_100dpi_jpg.jpg,Illustration - Abstract Painting with Swirling Lines and Vibrant Colors.jpg,
tmp116hxx_p_jpeg_png.png,Illustration - Normal Map Of A Winged Robot Figure.png,
tomie_manga_panel_by_junji_ito_19872000.jpeg,Comic - Manga Panel Featuring Tomie Scaring a Man by Junji Ito.jpeg,
toppan2_png.png,Illustration - Glitched Image of Pink Azalea Flower with Vertical Streaks.png,
traditional_chinese_landscape_painting_of_green_hills_and_pink_blossoms_by_a_river.jpeg,"Illustration - Traditional Chinese Landscape Painting of Green Hills, River, and Pink Blossoms.jpeg",
traditional_thangka_panel_depicting_a_green_deity_tara_seated_on_a_lotus.jpeg,Illustration - Traditional Thangka Painting of Green Deity on Lotus.jpeg,
train_by_chao_ding.jpeg,Illustration - Person Bending Over in Green Landscape with Abstract Background.jpeg,
train_transfixed_jpg.jpg,Time Transfixed by René Magritte (1938).jpg,
triptych_of_abstract_prints_with_dense_linear_textures_on_light_paper.jpeg,Illustration - Triptych of Abstract Prints with Dense Linear Textures.jpeg,
triptych_woodblock_print_of_three_women_viewing_cherry_blossoms_by_a_river.jpeg,Illustration - Triptych Woodblock Print of Three Women Viewing Cherry Blossoms by River.jpeg,
tumblr_0604b0c7c3a1f2213d8aa54abd3528f8_04fa9dbd_640_jpg.jpg,Screenshot - CorelDRAW! Software Displaying Abstract Eye Graphic.jpg,
tumblr_2938cc1cea4e51d0a2a6e0d0dbc0f072_d34f8b08_640_jpg.jpg,Illustration - Watercolor Painting of Stylized Female Figure with Red Flowers.jpg,
tumblr_d0af9aa85cf565ea6597e267bfd326d2_e0feda99_540_jpg.jpg,Illustration - Bleuet.jpg,
two_anatomical_illustrations_of_a_female_figure_showing_fat_distribution_front_and_rear_views_figures_150_and_151.jpeg,"Diagram - Two Anatomical Diagrams of Female Fat Distribution, Front and Rear Views.jpeg",
two_color_illustration_of_a_girl_and_a_small_white_animal_in_dense_green_foliage.jpg,Ceres & Calypso in the Deep Time (2013).jpg,
two_color_illustration_of_a_girl_and_an_animal_in_dense_green_foliage.jpg,Ceres & Calypso in the Deep Time (2013) (2).jpg,
two_dancing_cats_by_louis_wain.jpg,"Illustration - Two Anthropomorphic Cats Dancing, Holding Hands.jpg",
two_large_colorful_polka_dotted_flower_sculptures_displayed_in_a_gallery.jpeg,Illustration - Two Large Colorful Polka-Dotted Flower Sculptures In Gallery.jpeg,
two_large_polka_dotted_flower_sculptures_by_yayoi_kusama.jpeg,Photograph - Two Large Polka-Dotted Flower Sculptures in Gallery Space.jpeg,
two_pencil_figure_studies_of_a_seated_nude_figure.jpeg,Illustration - Two Pencil Figure Studies of Seated Nude Figures.jpeg,
two_photographs_one_of_a_liquor_store_aisle_with_spilled_bottles_and_one_of_a_raccoon_lying_on_a_bathroom_floor_next_to_a_toilet.png,Photograph - Split Image Of Messy Liquor Store Aisle And Raccoon In Bathroom.png,
two_sketches_of_a_woman_s_head_in_blue_ink_and_reddish_brown_marker_on_brown_paper.jpeg,Illustration - Two Sketches of a Woman's Head in Blue Ink.jpeg,
two_square_abstract_paintings_featuring_interlocking_brightly_colored_geometric_shapes.jpg,Illustration - Two Abstract Paintings with Brightly Colored Geometric Shapes.jpg,
two_tone_graphic_print_of_modernist_buildings_red_and_blue.jpeg,Illustration - Two-Tone Graphic Print of Modernist Buildings in Red and Blue.jpeg,
two_women_seated_under_bamboo_and_rock_ink_and_color_on_paper_by_gai_qi.jpeg,Illustration - Two Women Seated Under Bamboo and Rock.jpeg,
typographicscale_s_gif.gif,Diagram - Typographic Scale Showing Letter 'a' in Various Point Sizes.gif,
unfinished_detail_by_william_adolphe_bouguereau.jpg,Unfinished Detail by William Adolphe Bouguereau.jpg,
unsupervised_by_refik_anadol_2022.jpeg,"Document - Informational Text About Refik Anadol's ""Unsupervised"" Art Installation.jpeg",
unsupervised_machine_hallucinations_moma_2022_by_refik_anadol_2022.jpeg,Photograph - White Information Label On A Textured Grey Wall.jpeg,
untitled_action_sculpture_breuer_by_wade_guyton_2003.jpeg,Photograph - Photograph Of Museum Label With Artwork Information.jpeg,
untitled_from_the_series_ametsuchi_by_rinko_kawauchi_2012.jpg,"Photograph - Snow-capped Mountain Over Dark, Blurry Foreground with Light Reflections.jpg",
untitled_from_the_series_utatane_by_rinko_kawauchi_2001.jpg,Photograph - People Walking on Patterned Pavement at Night by Rinko Kawauchi.jpg,
untitled_mirror_by_drought.jpeg,MS Paint Mirror by Drought.jpeg,
untitled_two_figures_with_long_hair_by_david_shrigley.jpg,Illustration - Two Minimalist Figures With Long Flowing Hair.jpg,
uphill_glow_by_ross_moore.jpeg,Uphill Glow by Ross Moore.jpeg,
v05_p04_press300ppi_3000px_srgb_jpeg_jpg.jpg,Armonía (Autorretrato Sugerente) by Remedios Varo (1956).jpg,
vadim_gerasimov_scream_early_21st_century.jpg,Illustration - Scribbled Pencil Drawing of a Screaming Face.jpg,
vanitas_by_david_kassan_2019.jpeg,"Illustration - Still Life Painting with Skull, Book, Instrument, and Tulip.jpeg",
venus_of_laussel_c_25_00020_000_bce.jpeg,Document - Book Page with Japanese Text and Two Prehistoric Venus Figurines.jpeg,
vibrant_abstract_digital_collage_with_technical_and_organic_elements_viewed_in_ms_paint.jpeg,Screenshot - Vibrant Abstract Digital Artwork Viewed In Microsoft Paint.jpeg,
victor_moscoso_pink_panther_jpg.jpg,The Pink Panther by Victor Moscoso (1967).jpg,
video_game_screenshot_of_a_dark_haired_character_holding_a_glowing_device_in_dim_light_with_text_overlay.jpg,Screenshot - Dark-Haired Character Holding Glowing Device in Dim Light with Text Overlay.jpg,
vintage_photograph_of_a_sculpture_depicting_a_female_figure_with_a_torch_and_two_male_figures_subduing_a_creature_set_into_a_classical_building_facade_with_a_group_of_people_seated_at_the_base.jpg,Photograph - Vintage Photograph of Classical Sculpture on Building Facade with Seated Group.jpg,
visit_the_clinic_today_by_woshibai_2020.jpg,Illustration - Densely Populated Dystopian Cityscape with Neon Signs and Vehicles by Anna Mill and Luke Jones.jpg,
w1siziisijk3mtgyil0swyjwiiwiy29udmvydcisii1xdwfsaxr5idkwic1yzxnpemugmjawmhgymdawxhuwmdnlil1d_jpg.jpg,Illustration - Untitled by Agnes Martin.jpg,
wafu_by_shigei_2019.jpg,Essaka Hoisa by Shigei (2019).jpg,
wait_he_s_coming_by_mary_hatch.jpeg,Photograph - Photograph of two paintings featuring figures in red rooms.jpeg,
wall_text_reading_who_is_your_muse_with_two_handwritten_sticky_notes_below.jpeg,Photograph - Wall Text 'Who Is Your Muse?' With Sticky Notes.jpeg,
watercolor_and_ink_drawing_of_a_cellular_tower_with_antennas_and_cables.jpg,Illustration - Watercolor and Ink Drawing of a Cellular Tower.jpg,
watercolor_and_ink_drawing_of_a_figure_in_a_purple_dress_holding_red_ribbons_framed_by_a_yellow_background_with_confetti.jpeg,Illustration - Figure In Purple Dress Holding Red Ribbons With Confetti.jpeg,
watercolor_and_ink_drawing_of_a_gnarled_tree_on_a_slope.jpg,Illustration - Gnarled Tree on a Slope with Long Shadow.jpg,
watercolor_and_ink_drawing_of_a_park_with_modern_red_building.jpeg,Illustration - Watercolor and Ink Drawing of a Park with Modern Red Buildings.jpeg,
watercolor_and_ink_portrait_of_a_woman_in_a_hat_with_red_jewelry.jpeg,Illustration - Watercolor and Ink Portrait of Woman in Hat with Red Jewelry.jpeg,
watercolor_and_ink_sketch_of_a_small_garden_with_rocks_and_plants_by_james_gurney_2024.jpg,Illustration - Watercolor and Ink Sketch of a Small Garden with Rocks.jpg,
watercolor_illustration_of_girls_in_yellow_and_purple_dresses_trapped_in_a_room_on_fire.jpeg,"Illustration - Girls Trapped in a Burning Room, Watercolor Illustration.jpeg",
watercolor_illustration_of_two_men_rowing_a_shell.jpeg,Illustration - Watercolor Illustration of Two Men Rowing a Shell.jpeg,
watercolor_landscape_of_a_meadow_with_trees_in_the_foreground.jpg,Illustration - Watercolor Landscape of a Meadow with Trees and Blue Sky.jpg,
watercolor_of_calvin_and_hobbes_with_a_globe_and_raft_by_bill_watterson.jpg,Comic - Calvin And Hobbes With Globe And Raft In Forest by Bill Watterson.jpg,
watercolor_painting_of_a_small_town_with_a_white_steeple_church_and_hilly_background.jpeg,Illustration - Watercolor Painting of a Small Town with Church Steeple.jpeg,
watercolor_painting_of_pine_trees_on_a_grassy_hillside_overlooking_a_hazy_field.jpg,Illustration - Watercolor Landscape of Pine Trees on Grassy Hillside Overlooking Field.jpg,
watercolor_sketch_of_a_woman_in_dark_drapery.jpeg,Illustration - Watercolor Sketch of a Woman in Dark Drapery.jpeg,
wave_cabinet_by_sebastian_errazuriz_2014.jpg,Illustration - Dark Wavy Sculptural Wooden Cabinet with Drawers.jpg,
we_swam_together_by_david_shrigley_2020.jpeg,Illustration - Blue Dolphin And Pink Legs With Text 'We Swam Together'.jpeg,
weathered_bronze_sculpture_of_a_winged_female_figure_in_a_long_dress.jpeg,Illustration - Weathered Bronze Sculpture of Winged Female Figure in Long Dress.jpeg,
webp_image_2_webp.webp,Illustration - Vibrant Painting of a Bathroom Interior with Sunlight and Stained Glass.webp,
webp_image_webp.webp,"Photograph - House Engulfed In Flames During Wildfire, Silhouetted Trees.webp",
welded_metal_frame_structure_on_workshop_floor.jpeg,Photograph - Welded Metal Frame Structure on Workshop Floor.jpeg,
where_there_is_fire_there_is_smoke_by_glenn_ligon.jpeg,"Illustration - Framed artwork: smudged text 'Where There Is Fire, There Is Smoke'.jpeg",
white_abstract_outdoor_sculpture_near_adobe_style_building.jpeg,"Photograph - Parking Lot with Adobe Buildings, Cars, and Abstract Sculpture.jpeg",
white_bust_sculpture_of_a_figure_wearing_glasses_and_a_ruffled_collar.jpeg,Photograph - White Bust Sculpture With AR Overlay on Carpet.jpeg,
white_geometric_string_like_form_on_dark_background.jpeg,Illustration - White Geometric String-Like Form on Dark Background.jpeg,
white_line_isometric_grid_design_with_pyramids_stairs_and_cubes_on_blue_background.jpeg,"Illustration - White Line Isometric Grid Design with Pyramids, Stairs, and Cubes.jpeg",
white_on_white_jpg.jpg,Suprematist Composition: White on White by Kazimir Malevich (1918).jpg,
white_outline_print_of_a_feline_nursing_smaller_figures_on_a_reddish_brown_background.jpeg,Illustration - White Outline Feline Nursing Smaller Figures on Reddish-Brown Background.jpeg,
white_oval_plate_with_blue_and_white_transferware_pattern.jpeg,Photograph - White Oval Plate With Blue And White Willow Pattern.jpeg,
white_robotic_arm_with_lace_like_forearm_texture_held_by_a_human_hand.webp,Photograph - XPENG Iron by XPENG.webp,
white_stencil_of_a_cat_on_a_concrete_wall.png,Illustration - White Stencil of a Cat on a Concrete Wall.png,
white_wavy_scribbled_lines_on_black_background.webp,Illustration - White Wavy Scribbled Lines on Black Background.webp,
wholetall_scaled_jpg.jpg,"Carnation, Lily, Lily, Rose by John Singer Sargent (1885-1886).jpg",
william_anastasi_jpg.jpg,Untitled (Pocket Drawings) by William Anastasi (1969).jpg,
wing_walkers_by_kelly_pringle_2019.jpg,Illustration - Four Cats Sitting on Airplane Wing Over Fields by Kelly Pringle.jpg,
wire_sculpture_of_a_horse.jpeg,Illustration - Wire Sculpture of a Horse in a Store Window.jpeg,
wireframe_drawing_of_a_human_figure_in_a_dynamic_reaching_pose_by_william_a_fetter.jpeg,Illustration - Wireframe Human Figure In Dynamic Reaching Pose.jpeg,
within_one_s_lifetime_by_david_shrigley_2019.jpeg,"Illustration - Man's Upper Body with Americas as Lower Body, Text.jpeg",
woman_with_cat_by_barbara_a_wood.jpeg,Illustration - Woman In Red Hat And Robe Holding Black Cat.jpeg,
woodblock_print_of_a_flowering_branch_against_a_large_moon.jpeg,Illustration - Japanese Woodblock Print of Flowering Branch Against Large Moon.jpeg,
woodblock_print_of_a_man_in_traditional_japanese_attire_playing_a_flute_in_tall_grass.jpeg,Illustration - Japanese Man in Traditional Attire Playing Flute in Tall Grass.jpeg,
woodblock_print_of_a_moonlit_landscape_with_bushes_in_a_fan_shape.jpeg,Illustration - Moonlit Landscape with Bushes and River in Fan Shape.jpeg,
woven_textile_depicting_a_green_and_yellow_circuit_board_pattern_with_fringed_edges.jpeg,Illustration - Woven Textile Depicting Green and Yellow Circuit Board Pattern with Fringed Edges.jpeg,
woven_textile_featuring_a_high_contrast_portrait_of_a_downcast_face.jpeg,Illustration - Woven Textile Featuring High-Contrast Portrait of Downcast Face.jpeg,
x_ray_image_of_a_usb_flash_drive_circuit_board.jpeg,Photograph - X-ray Image of a USB Flash Drive Circuit Board.jpeg,
xenlightcelebration_jpg.jpg,GIRL (2019).jpg,
yantra_cloth_depicting_rahu_garuda_and_a_four_armed_deity_with_sacred_script.jpg,"Illustration - Yantra Illustration of Rahu, Garuda, and a Four-Armed Deity.jpg",
yeezus_by_kanye_west_2013.jpg,Yeezus by Joe Perez (2013).jpg,
yoji_shinkawa_the_art_director_of_metal_gear_solid_6_sabukaru_jpeg.jpeg,Illustration - Stylized Illustration of Soldier with Rifle and Faint Faces by Yoji Shinkawa.jpeg,
you_hear_anything_about_a_truth_nuke_by_cameron_stewart_2025.jpeg,"Comic - Figure Smoking, Reading 'Alien Speaks', Asks About 'Truth-Nuke'.jpeg",
young_woman_at_her_toilet_by_rembrandt_van_rijn.jpeg,Young Woman at Her Toilet by Rembrandt van Rijn.jpeg,
ytc014scopy_1024x1024_2x_jpg.jpg,Pagoda in Kyoto by Toshi Yoshida.jpg,
