old,new,bucket
1775602781843130 (1).jpg,Illustration - Pen and Ink Self-Portrait with Thought Bubble. by Robert Crumb.jpg,
All Ifs Ands Or Buts Connected By Green Lines by Jo Noguchi.jpg,All Ifs Ands Or Buts Connected By Green Lines by Jo Noguchi.jpg,
Azaleas and Apple Blossoms by Charles Caryl Coleman.jpeg,Azaleas and Apple Blossoms by Charles Caryl Coleman (c. 1880).jpeg,
Balance by Marsha Elam.jpeg,Illustration - Stylized Figure With Textured Background And Colorful Embellishments.jpeg,
Beach Ball by Justin Wheatley.jpeg,Illustration - Basketball Hoop On Court Against Blue Sky.jpeg,
Bhavachakra (Wheel of Life).png,Illustration - Colorful Buddhist Thangka Depicting Wheel of Life Held by Yama.png,
Bungaku Bandai no Takara: Terakoya School by Issunshi Hanasato.png,Bungaku Bandai no Takara: Terakoya School by Issunshi Hanasato (1860).png,
Bust of Alexander the Great (1st-2nd Century CE).jpg,Bust of Alexander the Great (1st-2nd Century CE).jpg,
Comic - A Fresh Start by Robert Crumb.png,Comic - Man Arguing With An Eye About Drawing by Robert Crumb.png,
Comic - Akira by Katsuhiro Otomo.jpeg,Comic - Collage of Manga Panels Featuring Screaming Man and Motorcycles.jpeg,
Comic - Black And White Comic Panels Of An Older Man In Glasses.jpg,Comic - Black And White Comic Panels Of An Older Man In Glasses by Alberto Breccia.jpg,
Comic - Black And White Ink Drawing Of Miyamoto Musashi. by Takehiko Inoue.jpg,Comic - Bearded Man In Traditional Attire Holding A Sword.jpg,
Comic - Black And White Manga Panel Of Large Robots Fighting.jpg,Comic - Black And White Manga Panel Of Large Robots Fighting.jpg,
Comic - Black And White Storyboard Panels Depicting Various Scenes.jpg,Comic - Black And White Storyboard Panels Depicting Various Scenes.jpg,
Comic - Black and White Sci-Fi Comic Page with Muscular Figure.jpg,Comic - Black and White Sci-Fi Comic Page with Muscular Figure and Dialogue.jpg,
Comic - Blue Comic Caricature of Elon Musk as a Rich Baby.jpg,Comic - Blue Caricature of Elon Musk as a Rich Baby.jpg,
Comic - Calvin Tries To Get Dad To Play In Snow by Bill Watterson.jpeg,Comic - Calvin Tries to Get His Dad to Play in the Snow by Bill Watterson.jpeg,
Comic - Calvin as Tracer Bullet with Gun and Speech Bubbles by Bill Watterson.jpeg,Comic - Noir-style Comic Panels of Calvin as Tracer Bullet with Gun. by Bill Watterson.jpeg,
"Comic - Calvin as Tracer Bullet, a Film Noir Private Eye by Bill Watterson.jpg",Comic - Calvin as Film Noir Private Eye Tracer Bullet by Bill Watterson.jpg,
Comic - Cartoon Tube Of Paste Straining To Expel Contents.jpg,Comic - Cartoon Tube Straining To Expel Striped Contents.jpg,
Comic - Charlie Brown Shouting 'Don't Shoot!' From Inside A Vehicle by Charles M. Schulz.jpeg,Comic - Bald Figure Shouting 'Don't Shoot!' From Inside A Vehicle.jpeg,
Comic - Close-up of a man's face with a speech bubble.jpeg,"Comic - Man's Face with Speech Bubble: 'Everything's Wild, World's Gone Nuts'.jpeg",
Comic - Comic About A Boy's 'Creative' Use Of AI by Vost.png,Comic - Boy Generates AI Images Of Therapist On Phone by Vost.png,
Comic - Comic About Artbot 2.0 Explaining Its Abstract Art.jpeg,Comic - Robot Explaining Abstract Art To Two People.jpeg,
"Comic - Comic Page Showing Man Jumping Under Train, Onlookers React.jpg","Comic - Man Jumps Under Train, Onlookers React by Bernard Krigstein.jpg",
Comic - Comic Panel Showing Four Laws Of Life.png,Comic - Speech Bubble Listing Four Laws Of Life Above Three Heads.png,
Comic - Couple Adopts Rat Instead Of Human Orphans From Orphanage by JENNSCOMICS.jpg,Comic - Family Chooses Rat Over Human Orphans At Orphanage by JENNSCOMICS.jpg,
Comic - Couple Overwhelmed By Robot's Prolific Art Production by Ian Baker.jpeg,Comic - AI-nxiety by Ian Foley.jpeg,
"Comic - Crab Greets Beetle, Beetle Reacts Annoyed in Three Panels.png","Comic - Crab Greets Beetle, Beetle Reacts Annoyed in Three Panels.png",
Comic - Cyborg Woman Connected To Machinery In A Dystopian Setting.jpg,Comic - Cyborg Woman Connected To Machinery In Dystopian Setting.jpg,
"Comic - Digital Infrastructure Supported By A Small, Thanklessly Maintained Component by Randall Munroe.png",Comic - Digital Infrastructure by Randall Munroe.png,
"Comic - Doctor Doom And Others Mourn Amidst Destroyed City, With Speech Bubbles. by Mike Wieringo.jpeg",Comic - Amazing Spider-Man Vol 2 #36 by John Romita Jr. and Scott Hanna.jpeg,
Comic - Four-Panel Comic Discussing AI Art and Kim Jung Gi's Legacy.jpg,Comic - Four-Panel Comic Discussing AI Art Versus Human Drawing And Kim Jung Gi.jpg,
Comic - Goldfish Digging Hole To Drain Their Fishbowl by Ryan Pagelow.jpg,Comic - Two Goldfish Digging Hole To Drain Their Fishbowl by Ryan Pagelow.jpg,
Comic - Ink Sketch of Two Comic Panels with Figures in Military Attire.png,Comic - Two Ink Sketch Comic Panels with Figures in Military Attire.png,
Comic - Insect Under Sun Says 'I'm Caught In My Own Brain'.jpg,Comic - Insect Under Sun Says 'I'm Caught In My Own Brain'.jpg,
Comic - Major Grubert's Bubble Ship Flying Over Forest Landscape by Jean Giraud (Moebius).jpg,Comic - Major Grubert's Bubble Ship Flying Over Forest Landscape by Jean Giraud (Moebius).jpg,
"Comic - Man Reacts to Hot Keys, Brother Laughs.jpeg",Comic - The Ol' Spicy Keychain.jpeg,
Comic - Manga Character With Wide Eyes And Simple Mouth.png,Comic - Manga Character With Wide Eyes And Simple Mouth.png,
Comic - Manga Panel of Luffy Fighting Kaido in Dragon Form by Eiichiro Oda.jpg,Comic - Manga Panel of Luffy Fighting Kaido in Dragon Form by Eiichiro Oda.jpg,
Comic - Manga Panel of Samurai in Dynamic Sword Stance with Water by Takehiko Inoue.png,Comic - Vagabond by Takehiko Inoue.png,
Comic - Mousetrap by Mikey Heller.jpg,Comic - Mousetrap by Mikey Heller.jpg,
"Comic - Muscular Man Biscuit Oliva at Computer, Hand and Face Close-ups by Keisuke Itagaki.jpg",Comic - Muscular Man Biscuit Oliva Typing at Computer by Keisuke Itagaki.jpg,
Comic - Muscular Man Climbing Icy Cliff With Dagger.jpg,Comic - Muscular Man With Dagger Climbing Icy Cliff.jpg,
Comic - One Of The Many Differences Between Me & My Husband by Momlife Comics.png,Comic - One Of The Many Differences Between Me & My Husband by Momlife Comics.png,
Comic - REDMAN by QUIZZY and ianoquinnzel.jpg,Comic - Red and Blue Superhero with Cape Stands Over Distressed Figures.jpg,
Comic - Satirical Comic About Banksy Ending Wars by BEETLEMOSES.jpeg,Comic - Satirical Comic About Banksy's Anti-War Art Ending Conflicts by BEETLEMOSES.jpeg,
Comic - Satirical comic depicting absurd news headlines and social media posts. by @beanytuesday.jpeg,Comic - Satirical Comic Depicting Absurd News Headlines and Social Media Posts by Beany Tuesday.jpeg,
Comic - Silver Surfer on his board above a planet with a sunburst by Jack Kirby.jpg,Comic - Silver Surfer on his board above a planet with a sunburst by Mœbius.jpg,
Comic - Six Dark Themed Pixel Art Comic Panels.jpg,Comic - Six Dark Themed Pixel Art Comic Panels with Text.jpg,
Comic - Skub by Nicholas Gurewitch.png,Comic - Four-Panel Comic Depicting Conflict Over 'Skub' And A Jar Of 'Skub'. by Nicholas Gurewitch.png,
Comic - Snowman Crucifixion by Bill Watterson.jpeg,Comic - Calvin Asks 'Define Well-Adjusted' Next To Crucified Snowman by Bill Watterson.jpeg,
Comic - The Bizarro World.jpeg,Comic - The Bizarro World.jpeg,
Comic - The Human Depository by Zach Weinersmith.png,Comic - Robots Process Humans for Eternal Suffering in a Depository by Zach Weinersmith.png,
Comic - Time Of The Seasoned by Mike Kelly.jpg,Comic - Comparison of Young and Experienced Cartoonists by Mike Kelly.jpg,
Comic - Two Characters In A Vehicle With Speech Bubbles.jpg,Comic - Two Characters In A Vehicle With Speech Bubbles.jpg,
Comic - Two Crows Discuss Friendship Across Universes by Falseknees.jpg,Comic - Improbably Compatible by Falseknees.jpg,
Comic - Two Men Engaged In Intense Hand-To-Hand Combat by Takehiko Inoue.jpg,Comic - Two Men In Intense Hand-To-Hand Combat by Takehiko Inoue.jpg,
Comic - Two-Panel Comic About Voting While Being Stabbed.jpeg,Comic - Two-Panel Comic About Voting While Being Stabbed.jpeg,
Comic - Understanding Comics by Scott McCloud.png,Comic - Comparison of Realistic Face and Simple Cartoon Face with Text.png,
Comic - Universality of Cartoon Imagery by Scott McCloud.png,"Comic - Progression of Faces from Realistic to Cartoonish, Illustrating Universality by Scott McCloud.png",
Comic - Untitled by Katsuhiro Otomo.jpg,Comic - Detailed Black And White Cityscape With Tall Buildings by Katsuhiro Otomo.jpg,
Comic - Untitled by VOST.png,Comic - Two-Panel Comic About Videoconference And Coffee-Tea Preference by VOST.png,
Comic - Woman Braiding Her Hair In Two Panels.jpg,Comic - Monochrome Comic Panels of Woman Braiding Her Hair.jpg,
"Comic - Woman vacuums indoors, man and kids do craft work outside.jpg",Comic - Woman Vacuums Indoors While Man and Kids Mimic Kraftwerk Outside.jpg,
"Comic - Wonder Woman #282, ""The Day the Joker Went Wild!"" by Gene Colan.jpg",Comic - The Day the Joker Went Wild! by Gene Colan.jpg,
Corpus Callosum - Bridge.jpeg,Illustration - Symmetrical Organic Structure With Central Dark Oval.jpeg,
Dihuangtang Tie (7th-10th century).jpg,Pingfu Tie (A Consoling Letter) by Lu Ji (c. 300 AD).jpg,
Document - A Reading List and Course Guide for Nick Land's Philosophy.png,"Document - A Course in the Philosophy of Nick Land Or, 'So you want to Understand Accelerationism?'.png",
Document - AC Adaptor Technical Specifications And Safety Label.jpeg,Document - Black AC Adaptor Technical Specifications And Safety Label.jpeg,
Document - Abstract Graphic Score on Musical Staff Paper with Text.jpeg,Document - Abstract Graphic Score on Musical Staff Paper with Text.jpeg,
Document - Album Cover for Hwang Jin-young's Compositions Vol. 2 by Hwang Jin-young.jpg,Hwang Jin-young's Compositions Vol. 2 by Hwang Jin-young.jpg,
"Document - Album Cover for Morton Feldman's ""Rothko Chapel - Why Patterns?"".jpg",Document - Abstract Painting with Red Rectangle Over Dark Blue Band.jpg,
Document - Amtrak West Coast Schedules Brochure Cover.jpeg,Document - Amtrak Train and Station with Palm Trees.jpeg,
Document - Article Text About Amazon Fresh Just Walk Out Technology.jpeg,Screenshot - Article Text About Amazon Fresh Just Walk Out Technology.jpeg,
Document - Black And White Photograph Of A Person On A Page.jpeg,Photograph - Black And White Halftone Print Of A Chimpanzee.jpeg,
Document - Book Cover for Evil And-Or-As The Good by Brook Ziporyn.jpg,"Document - Evil and-or-as the Good: Omnicentrism, Intersubjectivity, and Value Paradox in Tiantai Buddhist Thought by Brook Ziporyn.jpg",
Document - Book Page with Japanese Architecture Photographs and Ocean Views.jpeg,Document - Book Page with Modern Japanese Architecture and Ocean Views.jpeg,
Document - Buddhist Teachings from the Kalama Sutta with Buddha Image.jpeg,Document - Buddhist Teachings from the Kalama Sutta with Buddha Image.jpeg,
Document - Cassette Tape Cover Featuring Cartoon Duck Injecting Syringe.jpg,HEROIN MAKES HAPPY - demo 2000 (2000).jpg,
Document - Child's Haiku Poem with Robot Illustration by Nathan Beifuss.jpg,Document - Child's Drawing Of A Robot With A Haiku Poem.jpg,
Document - Citroën 2CV Dolly Car Advertisement with Humorous Text.jpg,Illustration - The New Citroën 2CV Dolly.jpg,
Document - Color Swatch Chart with Spanish Names and Numbers.jpeg,Document - Color Swatch Chart With Spanish Names And Numbers.jpeg,
Document - Color Swatches and Names from a Paint Chart.jpeg,Document - Color Swatches and Names from a Paint Chart.jpeg,
Document - Comparison of USA and Czech Smiling Etiquette.jpeg,Document - Two Portraits Comparing Broad Smile And Neutral Expression With Text.jpeg,
Document - Cover For An Article About MIT Students Writing Poetry.jpg,Document - Article Cover with Abstract Art and Text.jpg,
Document - Cover for Sachiko Kuru's 'A Thousand Years' Photo Collection by Kuru Sachiko.jpg,Document - Red Flowers on Dark Background with Japanese Text by Sachiko Kuru.jpg,
Document - Cover of a 'New International Version Revolution' book.jpeg,Document - Futuristic Book Cover with Blue Light Streaks and Circles.jpeg,
Document - Diary Entries From October 1877 About Love and Despair.jpeg,Document - Diary Entries About Love and Despair From October 1877.jpeg,
Document - Drawing And Photograph Of A Fragmented Male Marble Torso.jpg,Document - Pencil Drawing and Photograph of Fragmented Male Marble Torso.jpg,
Document - Event Flyer for Tone Deaf Tapes Release Show.png,Document - Event Flyer With Colorful Abstract Background.png,
Document - Excerpt from Present Shock: When Everything Happens Now by Douglas Rushkoff.png,Document - Present Shock: When Everything Happens Now by Douglas Rushkoff.png,
Document - Exhibition Label for Ernest Strauhal's Artworks.jpg,Document - Exhibition Label Listing Artworks and Mediums on a White Wall.jpg,
Document - Flyer Announcing Art Burning Event In Front Yard.jpg,Document - Flyer Announcing Art Burning Event In Front Yard.jpg,
"Document - Formal Document with Signatures from Iran, US, and Pakistan.jpeg","Document - Formal Document with Signatures from Iran, US, and Pakistan.jpeg",
Document - Fun Fact About Artificial Intelligence and Cybernetics.jpeg,Document - Text About The Origin Of Artificial Intelligence And Cybernetics.jpeg,
"Document - Green Plaque for Seoul Best Toilet, Dated 2002.png",Document - Green Plaque with Gold Text and Logo for Best Toilet.png,
"Document - Gu Dao Fu, For Retaliatory Magic.png",Document - Black and White Calligraphic Talisman with Intricate Symbols.png,
Document - Guqin Musical Score with Chinese Characters and Numbers.gif,Document - Guqin Musical Score with Chinese Characters and Numbers.gif,
Document - Handwritten Letter From Ted Kaczynski Discussing Health And Revolution by Ted Kaczynski.jpg,Document - Handwritten Letter by Ted Kaczynski Discussing Health and Revolution by Ted Kaczynski.jpg,
Document - Handwritten Musical Score for St. John Passion by Johann Sebastian Bach.jpg,Document - St John Passion by Johann Sebastian Bach.jpg,
"Document - Handwritten Notes Titled ""Monk's Advice"" From 1960 by Thelonious Monk.jpg",Document - Handwritten Notes Titled 'Monk's Advice' on Two Pages by Thelonious Monk.jpg,
Document - Japanese Concert Poster for Rock Experience and Wild Trips.jpeg,Document - Black and White Japanese Concert Poster for Les Rallizes Dénudés.jpeg,
Document - Japanese Magazine Cover with Abstract Graphic Design.jpg,Document - Kikan Firumu (Quarterly Film) No. 2.jpg,
Document - Magazine Advertisement For That's Audio Cassettes.jpg,Document - That's Audio Cassette Advertisement.jpg,
Document - Magazine Article About Keith Haring Using a Macintosh Computer.jpeg,Document - Magazine Article Page with Photo and Abstract Artwork.jpeg,
Document - Magazine Cover Featuring Pink Flowers And A Yellow Butterfly.jpg,Document - Pink Flowers And A Yellow Butterfly On A Magazine Cover.jpg,
Document - Magazine Cover Featuring Police Officer Eating Fast Food.png,Document - Police Officer Eating Fast Food on Magazine Cover.png,
Document - Magazine Page Featuring Man Named Daron Discussing System Of A Down.jpg,Document - Magazine Page Featuring Daron Malakian Discussing System Of A Down.jpg,
Document - Magazine Spread Featuring Marina City Towers in Chicago.jpg,Document - A Pie Slice in the Sky Up over the Loop.jpg,
Document - Manuscript Pages of À la recherche du temps perdu by Marcel Proust.jpg,"Document - À la recherche du temps perdu, Manuscript Pages by Marcel Proust.jpg",
Document - Metal Arts Academy Class Schedule January-May 2026 by Metal Arts Academy.jpeg,Document - Metal Arts Academy Class Schedule Displayed In Window.jpeg,
Document - Modern Interior with Balcony and Large Windows from a Publication.jpeg,Document - Modern Interior with Balcony and Large Windows in a Publication.jpeg,
Document - Musical Score and Dance Notation for 'La Mariée'.jpeg,Document - Musical Score and Dance Notation for 'La Mariée'.jpeg,
Document - Musical Score for Flute and Voice with Complex Notation.jpg,Document - Complex Musical Score for Flute and Voice by Brian Ferneyhough.jpg,
Document - My Little Pony Themed Resume of Joseph Redmon (Viral Internet Resume).jpeg,Document - My Little Resume by Joseph Redmon.jpeg,
Document - NeXT Employment Offer Letter Signed by Steven Jobs.jpg,Document - NeXT Employment Offer Letter Signed by Steven Jobs by Steven Jobs.jpg,
Document - Newspaper Article About Computer Art From Computerworld Magazine by COMPUTERWORLD.png,Document - Newspaper Article About Computer Art With Abstract Geometric Image.png,
Document - Newspaper Clipping About Math Teachers Protesting Calculator Use by Associated Press.jpeg,Document - Black and White Photo of Math Teachers Protesting Calculator Use by Associated Press.jpeg,
Document - Newspaper Clipping About Sgt. Charles Strauhal's Wartime Experiences.jpg,Document - Newspaper Clipping With Halftone Photo Of A Man And Text.jpg,
Document - Newspaper Clipping About Staff Sgt. Charles Strauhal's WWII Experiences.jpg,Document - Newspaper Clipping With Halftone Photo Of A Man In Uniform.jpg,
Document - Newspaper Clipping with Mookie Wilson Quote and Photo.jpeg,Document - Black and White Newspaper Clipping with Mookie Wilson Quote.jpeg,
Document - Open Book Showing Two Paintings of a Man Combing Hair.jpeg,Document - Open Book Showing Two Paintings of a Man Combing Hair.jpeg,
Document - Open Book with Handwritten Musical Score for Flute and Harp.webp,Document - Open Book with Handwritten Musical Score by Wolfgang Amadeus Mozart.webp,
Document - Page From 1992 Timeline With Personal And World Events.jpeg,Document - Page From 1992 Timeline With Personal And World Events.jpeg,
"Document - Page From A Book With Highlighted Text About ""The Aspen Incident"".jpeg","Document - Page From A Book With Highlighted Text About ""The Aspen Incident"".jpeg",
Document - Page From A Book With Illustration Of A Philosopher And Spanish Text.jpeg,Document - Page From Book With Spanish Text And Illustration Of Philosopher.jpeg,
Document - Page From A Modern Musical Score With Complex Notation.jpg,Document - Modern Musical Score With Complex Graphic Notation by Karlheinz Stockhausen.jpg,
Document - Page Listing 60 Of Satan's Favorite Lies With Bible Verses.jpeg,Document - Page Listing 60 Lies With Bible Verses.jpeg,
Document - Page of Historical Musical and Dance Notation for Galathee.jpeg,Document - Galathee.jpeg,
Document - Patricia Renee' Thomas Artist's Resume in Binder by Patricia Renee' Thomas.jpeg,Document - Artist's Resume In Clear Sheet Protectors In Binder.jpeg,
Document - Poster for The Subtropics Music Festival.jpg,Document - Abstract Geometric Design with Text for Music Festival.jpg,
"Document - Pressed Botanical Specimen with Labels by Marie-Victorin, Rolland-Germain.jpg","Document - Pressed Botanical Specimen of Bidens hyperborea Greene by Marie-Victorin, Rolland-Germain.jpg",
Document - Printed Hell Bank Note with Imperial Figure and Flanking Deities on Clouds.jpg,Document - Colorful Hell Bank Note with Imperial Figure and Flanking Deities.jpg,
Document - Quote by David Lean About Film Frames by David Lean.jpeg,Document - White Text Quote About Film Frames On Black Background.jpeg,
Document - Religious Tract Announcing Christ's Return.jpeg,Document - Christ's Return.jpeg,
Document - Rolling Stone Japan Magazine Cover Featuring Rei Ayanami.jpeg,Document - Rolling Stone Japan Magazine Cover Featuring Rei Ayanami.jpeg,
"Document - Scientific Paper on Lithium Metal Anode Batteries by Manshu Zhang, Liming Wu, Tao Yang, Bing Zhu, Yangai Liu.jpeg",Document - The three-dimensional porous mesh structure of Cu-based metal-organic-framework - aramid cellulose separator enhances the electrochemical performance of lithium metal anode batter.jpeg,
"Document - Script Draft with Handwritten Notes and Revisions for ""Thomas Pynchon Lines"".jpg",Document - Script Draft with Handwritten Revisions for The Simpsons by Thomas Pynchon.jpg,
Document - Sheet Music Showing Treble Clef and Key Signature.jpeg,Document - Close-Up Of Sheet Music With Treble Clef And Key Signature.jpeg,
Document - TIME Magazine Cover: Computer Monitor with Blank Video Player Interface.jpeg,Document - TIME Magazine Cover with Computer Monitor and Video Player.jpeg,
"Document - Table Of Contents With Abstract, Scaling LLMs, Multilingual Models.png","Document - Table of Contents with Abstract, Scaling LLMs, Multilingual Models.png",
Document - Table of Psychological Defense Mechanisms with Descriptions and Examples.jpeg,"Document - Mechanisms, Descriptions, and Examples of Psychological Defenses.jpeg",
"Document - Teal Book Cover: Azealia Banks, Instagram Stories, Fragments.png",Document - Teal Book Cover With White And Orange Text.png,
"Document - Test Label with Color Swatches, Fonts, Symbols, Barcodes, and QR Codes. by US Graphics LLC.jpg","Document - Test Label With Color Swatches, Fonts, Symbols, Barcodes, And QR Codes.jpg",
Document - Text Stating Computers Cannot Be Held Accountable For Decisions.jpeg,Document - Text Stating Computers Cannot Be Held Accountable For Decisions.jpeg,
Document - Title Page for Fata Morgana by André Breton by André Breton.jpg,Document - Title Page with Stylized Figures and Text.jpg,
Document - Two Brazilian Passports with Photos of Asian Individuals.jpeg,Document - Two Brazilian Passports with Photos of Kim Jong-un and Kim Jong-il.jpeg,
Document - Two Sides of a 100 Serbian Dinar Banknote Design.jpg,Document - Two Sides of a Serbian 100 Dinar Banknote Design by Milos Zlatanovic.jpg,
Document - Workbook Page with Alphabetical Sign Familiarization Exercise.jpeg,Document - Workbook Page with Alphabetical Sign Familiarization Exercise.jpeg,
Document - iTunes for Windows Advertisement with 'Hell Froze Over' Tagline.jpeg,Document - Advertisement for iTunes on Windows with 'Hell Froze Over' tagline. by Apple Inc.jpeg,
Dreaming by Davy Fiveash.jpeg,Illustration - Two Figures Sleeping Amidst Colorful Abstract Shapes.jpeg,
Evocation of Roussel by Odilon Redon.jpg,Evocation of Roussel by Odilon Redon (c. 1912).jpg,
Flyday Chinatown  (フライデイ・チャイナタウン).png,Fly-Day Chinatown by Yasuha (1981).png,
Green Dress by Vladimir Volegov.jpg,"Illustration - Woman in Green Dress, White Hat, and Striped Leggings.jpg",
"Illustration - 25,000 kittens.jpg","Illustration - Illustration of Many Red, White, and Blue Kittens.jpg",
Illustration - A Group of Small Birds Gathered on a Light Background.jpg,Illustration - Watercolor Painting of Many Small Birds on Light Background.jpg,
Illustration - A Modern child's conundrum by Lauren Santoro.jpeg,Illustration - A Modern child's conundrum by Lauren Santoro.jpeg,
Illustration - A Person Stands Between Two Lines Of Walking Robots.jpg,Illustration - Person Stands Between Two Lines Of Walking Robots.jpg,
Illustration - A Remembered Dream. by Franklin Booth.jpg,Illustration - A Remembered Dream by Franklin Booth.jpg,
Illustration - A Wizard of Earthsea by Ruth Robbins.jpg,Illustration - Stylized Profile of a Person with Swirling Hair and Water by Ruth Robbins.jpg,
Illustration - A collection of various cartoonish line art doodles and characters. by ROAD_HORROR.png,Illustration - Various Cartoonish Line Art Doodles And Characters On Gray Background.png,
Illustration - AI-Generated Hatsune Miku at US Capitol Protest.webp,Image - AI-Generated Hatsune Miku at US Capitol Protest.webp,
Illustration - ASCII Art Cat with 'MEOW' Text.jpg,Illustration - ASCII Art Cat With 'MEOW' Text.jpg,
Illustration - Abstract Arabic Calligraphy.heic,Illustration - Abstract Black Arabic Calligraphy on Off-White Background.heic,
Illustration - Abstract Artwork With Vibrant Colors And Contour Lines.jpeg,Illustration - Abstract Artwork With Vibrant Colors And Contour Lines.jpeg,
Illustration - Abstract Black And White Brushstroke Composition On White Background.jpg,Illustration - Abstract Black And White Brushstroke Composition On White Background.jpg,
Illustration - Abstract Black And White Digital Wireframe Structure.jpeg,Illustration - Abstract Black And White Digital Wireframe Structure.jpeg,
Illustration - Abstract Black And White Energetic Brushstrokes.jpg,Illustration - Abstract Black And White Energetic Brushstrokes On White Background.jpg,
Illustration - Abstract Black And White Figure With Obscured Face And Hands.jpeg,Illustration - Abstract Black And White Figure With Obscured Face And Hands.jpeg,
Illustration - Abstract Black And White Pixelated Pattern.jpg,Illustration - Abstract Black And White Pixelated Geometric Pattern.jpg,
Illustration - Abstract Black Ink Figures on White Background.jpg,Illustration - Abstract Black Ink Figures on White Paper by Henri Michaux.jpg,
Illustration - Abstract Black Ink Marks On Light Background With White Space.jpg,Illustration - Untitled by Henri Michaux.jpg,
Illustration - Abstract Black Lines And Shapes On White Background.jpg,"Illustration - Abstract Black Ink Drawing With Layered, Fluid, Intricate Shapes.jpg",
Illustration - Abstract Black Scribble on White Background.png,Illustration - Abstract Black Scribble on White Background.png,
Illustration - Abstract Black Scribbles On White Background.jpg,Illustration - Abstract Black Scribbles On White Background.jpg,
Illustration - Abstract Blue Dithered Digital Noise Pattern.png,Illustration - Abstract Blue Dithered Digital Noise Pattern With Darker Areas.png,
Illustration - Abstract Blue Glowing Figure on Dark Background.jpg,Illustration - Blue Glowing Abstract Figure on Dark Background.jpg,
Illustration - Abstract Blue Organic Forms On Geometric Grid by Magda.jpg,Illustration - Abstract Blue Organic Forms On Geometric Grid.jpg,
Illustration - Abstract Blurred White Shapes Against Dark Grey Background.jpg,Youth Portrait (Jugendbildnis) by Gerhard Richter (1988).jpg,
Illustration - Abstract Composition With Bold Outlines And Bright Colors.jpeg,Illustration - Abstract Composition With Bold Outlines And Bright Colors.jpeg,
"Illustration - Abstract Composition with Vibrant Colors, Organic Shapes, and Wavy Lines.jpeg","Illustration - Abstract Composition with Vibrant Colors, Organic Shapes, and Wavy Lines.jpeg",
Illustration - Abstract Dark Blue Pattern Resembling Ice Shards.png,Illustration - Abstract Dark Blue Pattern Resembling Ice Shards by Microsoft.png,
Illustration - Abstract Digital Art of Jagged Grey and White Forms.png,"Illustration - Abstract Jagged Crystalline Forms in Grey, White, and Black.png",
Illustration - Abstract Digital Art with Fragmented Colorful Shapes and Outlines.jpeg,"Illustration - Abstract Fragmented Colorful Shapes with Outlines, Radiating and Swirling.jpeg",
Illustration - Abstract Digital Art with Red and Black Checkered Patterns and Spheres. by Gwydian.png,Illustration - Abstract Red And Black Checkered Spheres And Planes.png,
Illustration - Abstract Digital Art with Wavy Metallic Ribs and Color Gradient.jpeg,Illustration - Abstract Digital Art with Wavy Metallic Ribs and Color Gradient.jpeg,
"Illustration - Abstract Digital Composition with Gradients, Spheres, and Retro Window.jpeg","Illustration - Abstract Digital Art with Gradients, Spheres, and Retro Computer Window.jpeg",
Illustration - Abstract Digital Illustration of Spheres and Columns in Water.jpg,Illustration - Digital Illustration of Teal Spheres and Patterned Columns Over Water.jpg,
Illustration - Abstract Digital Image of Swirling White Dots on Olive Green.jpg,Illustration - Abstract Digital Image of Swirling White Dots on Olive Green.jpg,
Illustration - Abstract Digital Shapes and Lines on Pink Background.png,Illustration - Abstract Digital Shapes and Lines on Pink Background.png,
Illustration - Abstract Dissolving Skeleton Figure In Purple And Black.jpeg,Illustration - Abstract Purple and Black Skeleton Figure Dissolving.jpeg,
Illustration - Abstract Doodled Face with Green and Colorful Lines.jpeg,Illustration - Abstract Doodled Face with Intricate Colorful Lines and Green Shading.jpeg,
Illustration - Abstract Drawing With Overlapping Dark Lines On White Background.jpg,Illustration - Abstract Drawing: Overlapping Dark Lines On White Background.jpg,
Illustration - Abstract Drawing of Stylized Flying Creatures and Objects.jpg,Illustration - Abstract Drawing of Stylized Flying Creatures and Objects.jpg,
Illustration - Abstract Expressionist Portrait in Mixed Media.jpg,Illustration - Abstract Distorted Portrait with Large Head and Prominent Features.jpg,
Illustration - Abstract Figure Made Of Colorful Geometric Shapes And Wires.gif,Illustration - Abstract Colorful Geometric Figure With Wires On Black Background.gif,
Illustration - Abstract Figure On Washing Machines With Digital Interface Elements.jpeg,Illustration - Abstract Figure On Washing Machines With Digital Interface Elements.jpeg,
Illustration - Abstract Figures Within Glowing Spatial Sphere.png,Illustration - Abstract Figures Within Glowing Spatial Sphere.png,
Illustration - Abstract Floral Painting on Blue-Green Background.jpeg,Illustration - Abstract Floral Painting on Blue-Green Background.jpeg,
Illustration - Abstract Flowing Shapes With Purple Glow On Black Background.jpeg,Illustration - Abstract Flowing Shapes With Purple Glow On Black Background.jpeg,
Illustration - Abstract Form Made of Fine Black Lines on White Background.jpg,Illustration - Complex Abstract Form Rendered with Fine Black Lines.jpg,
Illustration - Abstract Form with Parallel Line Shading.jpg,Illustration - Abstract Form Rendered with Parallel Line Shading.jpg,
Illustration - Abstract Forms Composed Of Fine Lines On White Background.jpg,Illustration - Abstract Forms Composed Of Fine Lines On White Background.jpg,
Illustration - Abstract Generative Art With Colorful Pixels And Geometric Patterns.png,Illustration - Abstract Generative Art With Colorful Pixels And Geometric Patterns.png,
Illustration - Abstract Generative Drawing Of Concentric Hexagonal Lines.jpeg,Illustration - Abstract Generative Drawing Of Concentric Hexagonal Lines.jpeg,
Illustration - Abstract Geometric Composition With Distorted Architectural Forms.jpeg,Illustration - Abstract Geometric Composition with Distorted Architectural Forms and Scattered Elements.jpeg,
Illustration - Abstract Geometric Design with Radiating Lines and Diamond Shapes.jpeg,Illustration - Abstract Geometric Design with Radiating Lines and Diamond Shapes.jpeg,
Illustration - Abstract Geometric Pattern With Overlapping Colored Lines by Ruby Chen.jpeg,Illustration - Abstract Geometric Pattern With Overlapping Colored Lines.jpeg,
Illustration - Abstract Geometric Pattern with Colorful Diamonds and Checkerboard.jpeg,Illustration - Abstract Geometric Pattern with Colorful Squares and Checkerboard.jpeg,
Illustration - Abstract Gestural Pencil Drawing Of A Figure.jpg,Illustration - Abstract Gestural Pencil Drawing of Intertwined Figures by Joseph Beuys.jpg,
Illustration - Abstract Glitch Art with Distorted Skull and Landscape Elements.jpeg,Illustration - Abstract Glitch Art: Distorted Skull and Pixelated Green Landscape.jpeg,
Illustration - Abstract Glitch Art with Vibrant Colors and Distorted Patterns.jpeg,Illustration - Vibrant Abstract Glitch Art with Distorted Digital Patterns.jpeg,
Illustration - Abstract Green And Orange Digital Music Interface With Hands.jpg,Illustration - Abstract Green And Orange Digital Interface With Stylized Hands.jpg,
"Illustration - Abstract Grid Painting With Red, Orange, Blue, And Teal Squares.heic","Illustration - Abstract Grid Painting With Red, Orange, Blue, Teal Squares.heic",
Illustration - Abstract Illustration of Chairs and Pillars on Wavy Orange Surface by Iannis Xenakis.jpg,Illustration - Abstract Illustration of Chairs and Pillars on Wavy Orange Surface.jpg,
"Illustration - Abstract Isometric Geometric Shapes in Pink, Yellow, Blue.jpeg","Illustration - Abstract Isometric Geometric Shapes in Pink, Yellow, Blue.jpeg",
"Illustration - Abstract Landscape Painting with Blue Sky, Green Field, and Road.jpeg",Seawall by Richard Diebenkorn (1957).jpeg,
Illustration - Abstract Landscape with Red and Blue Mountains and Green Fields.jpg,Illustration - Abstract Landscape with Red and Blue Mountains and Green Fields.jpg,
Illustration - Abstract Line Drawing With Overlapping Swirls And Rectangles.jpeg,Illustration - Abstract Line Drawing With Overlapping Swirls And Rectangles.jpeg,
Illustration - Abstract Line Drawing With Wave-Like And Swirling Patterns.jpg,Illustration - Abstract Line Drawing With Wave-Like And Swirling Patterns.jpg,
Illustration - Abstract Line Drawing of a Stylized Figure with Red Accents.jpg,Mask of the Warrior by Paul Klee (1924).jpg,
Illustration - Abstract Line Drawing with Central Dense Pattern.jpeg,Illustration - Abstract Line Drawing with Dense Central Pattern on Light Background.jpeg,
Illustration - Abstract Mixed Media with Fabric Strips and Wavy Checkered Drawing.jpeg,Illustration - Abstract Mixed Media with Fabric Strips and Wavy Checkered Drawing.jpeg,
Illustration - Abstract Mosaic Of Colorful Images Forming Animal-like Shape.png,Illustration - Abstract Mosaic of Colorful Images Forming Animal-Like Shape.png,
Illustration - Abstract Painting With Black Shapes And White Background. by Robert Motherwell.jpeg,Illustration - Abstract Painting With Black Shapes And White Background by Robert Motherwell.jpeg,
"Illustration - Abstract Painting With Bright Pink, Green, Purple Shapes And Patterns.jpeg","Illustration - Vibrant Abstract Painting With Organic Shapes, Geometric Patterns, And Butterfly.jpeg",
"Illustration - Abstract Painting With Colorful Shapes, Stars, And Curvilinear Forms.jpeg","Illustration - Abstract Painting With Colorful Shapes, Stars, And Curvilinear Forms.jpeg",
Illustration - Abstract Painting With Multiple Eyes And Swirling Patterns.jpg,Illustration - Abstract Painting With Multiple Eyes And Swirling Patterns.jpg,
"Illustration - Abstract Painting With Pink, Red, And Blue Brushstrokes And Drips.jpg",Hero and Leandro (A Painting in Four Parts) Part I by Cy Twombly (1984).jpg,
"Illustration - Abstract Painting With Purple, Pink, And Beige Hues.jpeg","Illustration - Abstract Painting With Purple, Pink, Beige, And Black Markings.jpeg",
"Illustration - Abstract Painting With Wavy Red, Orange, Green, Blue Lines.jpg","Illustration - Abstract Painting With Wavy Red, Orange, Green, Blue Lines.jpg",
Illustration - Abstract Painting of Figure in Landscape with Dramatic Sky.jpg,Illustration - Abstract Painting of Figure in Landscape with Dramatic Sky by Alex Kanevsky.jpg,
Illustration - Abstract Painting of Three Orange Fruits on Green Background.jpeg,Illustration - Abstract Painting of Three Orange Persimmons on a Green Background.jpeg,
Illustration - Abstract Painting of a Fiery Human Figure Against Dark Background.png,Illustration - Abstract Painting of a Fiery Human Figure Against Dark Background.png,
Illustration - Abstract Painting of a Vintage Car at In-N-Out Burger.jpeg,Illustration - Abstract Painting of Vintage Car at In-N-Out Burger.jpeg,
Illustration - Abstract Painting with Grid Texture and Vibrant Colors.heic,"Illustration - Abstract Painting with Grid Texture and Vibrant Red, Orange, and Blue Colors.heic",
"Illustration - Abstract Pastel Swirls with Pink, Blue, and Green Hues.jpeg","Illustration - Abstract Pastel Swirls with Pink, Blue, and Green Hues.jpeg",
Illustration - Abstract Pattern Of Wavy Black And White Vertical Lines.jpg,Fall by Bridget Riley (1963).jpg,
Illustration - Abstract Patterned Strip With Geometric Shapes And Colors.jpeg,Illustration - Abstract Patterned Strip With Geometric Shapes And Colors.jpeg,
Illustration - Abstract Pixelated Pattern on Grey Fabric.jpeg,Photograph - Grey Fabric with Pixelated Anti-Surveillance Pattern.jpeg,
Illustration - Abstract Portrait of a Person's Head with Wavy Patterns by @psykedeliku.jpeg,Illustration - Abstract Portrait of a Head with Wavy Blue and Red Patterns.jpeg,
Illustration - Abstract Sculpture Of Interconnected Metal Shapes And Spheres.jpg,Illustration - Complex Abstract Sculpture of Interconnected Metal Shapes and Spheres by Lee Bontecou.jpg,
Illustration - Abstract Shapes Filled With Symbols And Musical Notes.jpg,Diagram - Typo-morphology of Sound Objects by Pierre Schaeffer.jpg,
"Illustration - Abstract Shapes with Stippled Texture in Red, Black, and Cream.jpg","Illustration - Abstract Shapes with Stippled Texture in Red, Black, and Cream.jpg",
Illustration - Abstract Still Life With Two Vases And Flowers (2).jpeg,Illustration - Abstract Still Life With Two Vases And Flowers (2).jpeg,
Illustration - Abstract Still Life With Two Vases And Flowers.jpeg,Illustration - Abstract Still Life With Two Vases And Flowers.jpeg,
Illustration - Abstract Stylized Cityscape With Vibrant Lines And Textured Sky.jpeg,Illustration - Abstract Stylized Cityscape With Vibrant Lines And Textured Sky.jpeg,
Illustration - Abstract Stylized Cityscape with Geometric Patterns and Vibrant Colors.jpeg,Illustration - Abstract Stylized Cityscape with Geometric Patterns and Vibrant Colors.jpeg,
Illustration - Abstract Swirling Cosmic Forms with Glowing Particles and Spheres.png,Illustration - Abstract Swirling Cosmic Forms with Glowing Particles and Spheres.png,
Illustration - Abstract Swirling Lines And Dots On Light Background.jpg,Illustration - Abstract Swirling Lines And Dots On Light Background.jpg,
Illustration - Abstract Symmetrical Pattern of Dark Lines on Light Background.png,Illustration - Complex Symmetrical Abstract Pattern of Dark Lines.png,
"Illustration - Abstract Symmetrical Pattern with Pixelated Texture in Red, Orange, Black.jpeg","Illustration - Abstract Symmetrical Pattern with Pixelated Texture in Red, Orange, Black.jpeg",
Illustration - Abstract Tiled Map of Land and Water.jpg,Illustration - Abstract Tiled Map of Light Blue Water and Light Green Land.jpg,
Illustration - Abstract Watercolor and Ink Sketch of a Woman's Bust.jpg,Illustration - Abstract Watercolor and Ink Sketch of a Woman.jpg,
Illustration - Abstract Wavy Black Lines on Grey Background.png,Illustration - Abstract Wavy Black Lines On Grey Background.png,
Illustration - Abstract White Lines on Purple Gradient Background.jpg,Illustration - Colours of Air by Loscil and Lawrence English.jpg,
Illustration - Abstract Winged Figure with Eye and Sword Amidst Pomegranate Trees.jpeg,"Illustration - Abstract Winged Figure with Eye, Sword, and Pomegranate Trees.jpeg",
"Illustration - Abstract composition of swirling, overlapping lines on a light background.jpg",Illustration - Abstract Composition of Swirling Overlapping Lines.jpg,
"Illustration - Abstract painting with black, blue, white, and red brushstrokes. by Congo.jpg","Illustration - Abstract Painting with Black, Blue, White, and Red Brushstrokes by Congo.jpg",
"Illustration - Abstract print with spheres, radiating light, and philosophical text.jpeg","Illustration - Abstract Print with Spheres, Radiating Light, and Philosophical Text.jpeg",
Illustration - Abstracted View of a Lake with Distant Shore by Gustav Klimt.jpeg,On Lake Attersee by Gustav Klimt.jpeg,
Illustration - Aerial View of a Densely Populated City with Apartment Buildings.jpeg,Illustration - Aerial View of Densely Populated City with Apartment Buildings.jpeg,
Illustration - Amtrak National Train Timetables Cover Illustration.jpeg,Illustration - Train Traveling Through Mountains And City Skyline.jpeg,
Illustration - Anatomical Study of Male Torso and Arms with Arrows.jpg,Illustration - Anatomical Study of Male Torso and Arms with Directional Arrows.jpg,
Illustration - Ancient Greek Temple: Reconstruction vs. Modern Ruins.jpg,Illustration - Temple of Athena Nike: Reconstruction vs. Modern Ruins.jpg,
Illustration - Ancient Rock Art Featuring Numerous Hand Stencils.jpg,Illustration - Ancient Rock Art with Numerous White and Red Hand Stencils.jpg,
Illustration - Anime Character Design Sheet with Annotations.jpg,Illustration - Anime Character Design Sheet with Annotations for a Male Character.jpg,
Illustration - Anime Character Design Sheet with Multiple Figures.jpg,Illustration - Anime Character Design Sheet with Multiple Figures.jpg,
Illustration - Anime Character Design Sheet with Multiple Views and Annotations.jpg,Illustration - Anime Character Design Sheet with Multiple Views and Annotations.jpg,
Illustration - Anime Character In Straw Hat Holding Basket Of Vegetables.jpeg,Illustration - Anime Character In Straw Hat Holding Basket Of Vegetables.jpeg,
"Illustration - Anime Character Riding Motorcycles, Multiple Poses, with Japanese Text.jpg",Illustration - Anime Character Concept Art: Multiple Motorcycle Poses and Japanese Text.jpg,
"Illustration - Anime Character With Purple Hair, Heterochromia, And Golden Armor.jpg","Illustration - Anime Character with Purple Hair, Heterochromia, and Golden Armor by Kinji Yoshimoto.jpg",
Illustration - Anime Girl in Red Plugsuit on Futuristic Mech Against Orange Sky.jpg,Illustration - Anime Girl Asuka in Red Plugsuit on Mech by Yoshiyuki Sadamoto.jpg,
Illustration - Anime Girl with Green Pigtails and Sunflowers.jpg,Illustration - Anime Girl With Green Pigtails And Sunflowers.jpg,
Illustration - Anime Illustration of Blonde Girl in Red Plugsuit and Mecha.jpg,Illustration - Blonde Girl in Red Plugsuit and Mecha Against Blue Sky.jpg,
Illustration - Anime Illustration of Misato Katsuragi Holding a Gun by Yoshiyuki Sadamoto.jpg,Illustration - Anime Woman in Orange Beret and Jacket Holding Gun.jpg,
Illustration - Anime-Style Character in Cowboy Hat and Poncho Holding a Revolver.png,Illustration - Anime-Style Character in Cowboy Hat and Poncho Holding Revolver.png,
Illustration - Anime-Style Girl Pointing At Yellow Creature.jpg,Illustration - Anime Girl With Wide Eyes Pointing At Yellow Creature by Kiyohiko Azuma.jpg,
Illustration - Anime-Style Maid Skateboarding In Mid-Air.jpeg,Illustration - Anime-Style Maid Skateboarding In Mid-Air Against Blurred Buildings by Suzushiro.jpeg,
Illustration - Anime-style illustration of characters washing a car.jpg,Illustration - Anime-Style Characters Washing Car In Front Of Houses by Nadine W.jpg,
Illustration - Architectural Sketch of a Curvilinear Building with Figures by Frank Gehry.png,Illustration - Abstract Curvilinear Architectural Sketch with Small Figures.png,
Illustration - Architectural Sketch of a Staircase with Ornate Railing and Brick Wall.jpeg,Illustration - Architectural Sketch of a Staircase with Ornate Railing and Brick Wall.jpeg,
Illustration - Architectural Studies of Classical and Religious Buildings in Sketchbook.jpg,Illustration - Architectural Sketches of Buildings and Details in a Sketchbook.jpg,
"Illustration - Arctic Expedition with Ship, Icebergs, and Sled at Sunset.png",Illustration - Black And White Illustration Of A Ship In Arctic Ice At Sunset.png,
Illustration - Arrangement of Material Swatches and Color Samples.jpeg,Illustration - Arrangement of Material Swatches and Color Samples.jpeg,
Illustration - Artist Painting Abstract and Floral Designs with Textual Message.jpeg,Illustration - Line Drawing of Artist Painting Abstract and Floral Designs with Text.jpeg,
Illustration - Astronauts Working On A Red Spaceship In A Vast Space Station.jpg,Illustration - Astronauts Working On Red Spaceship In Large Space Station by Allen Wei.jpg,
Illustration - Astronauts in Space with Rainbow Visor and Atari Logo.jpeg,Illustration - Super Breakout by John Enright.jpeg,
Illustration - Ballpoint Pen Drawing of Surreal Creature Heads.jpg,Illustration - Surreal Ballpoint Pen Drawing of Creature Heads and Tentacles.jpg,
Illustration - Bearded Figure Confronts Winged Figure with Angels in Clouds.jpg,Illustration - Bearded Figure Points at Winged Figure with Angels in Clouds.jpg,
Illustration - Bird-Masked Flute Player with Dancing Spirits and Forest Animals.png,Illustration - Bird-Masked Flute Player with Dancing Spirits and Forest Animals by A.E.C.png,
Illustration - Black And Red Fantasy Illustration Of Dragon And Heroes.jpg,Illustration - Black and Red Fantasy Illustration of Dragon and Heroes.jpg,
Illustration - Black And White ASCII Art Of A House And Tree.jpg,Illustration - Black And White ASCII Art Of A House And Tree.jpg,
Illustration - Black And White Abstract Pattern Of Wavy Horizontal Bands.jpeg,Illustration - Black And White Abstract Pattern Of Wavy Horizontal Bands.jpeg,
Illustration - Black And White Cartoon Music Characters.jpg,Illustration - Black And White Cartoon Music Characters With Halftone Shading.jpg,
Illustration - Black And White Circular Design With Radial And Flame Patterns.jpeg,Illustration - Black And White Circular Design With Radial Rays And Flame Patterns.jpeg,
Illustration - Black And White Cityscape With Large Circular Structure.jpeg,Illustration - A Church Without God by Israel Lopez Balan.jpeg,
Illustration - Black And White Engraving Parodying Flammarion Engraving With Meme Faces.jpg,Image - SOYMARION ENGRAVING.jpg,
Illustration - Black And White Illustration Of A Swordsman With Katana And Wave by Anemounicorn1.jpg,Illustration - Black And White Illustration Of A Swordsman With Katana And Wave by Anemounicorn1.jpg,
Illustration - Black And White Illustration Of Woman In Ornate Hall With Armored Figures.jpg,Illustration - Woman In Ornate Gown In Grand Hall With Armored Figures.jpg,
Illustration - Black And White Ink Drawing Of A Cat In A Suit.jpg,Illustration - Black and White Ink Drawing of a Cat in a Suit.jpg,
Illustration - Black And White Ink Drawing Of A Forest With A Large Rock.jpg,Illustration - Black And White Ink Drawing Of A Forest With A Large Rock.jpg,
Illustration - Black And White Ink Drawing Of A Horned Armored Mecha Character.jpg,Illustration - Black And White Ink Drawing Of BlackWarGreymon by TolgArt.jpg,
Illustration - Black And White Ink Drawing Of Woman And Grotesque Creature.jpg,Illustration - Woman and Grotesque Creature with Ink Splatters.jpg,
Illustration - Black And White Ink Illustration Of Two Figures In Ruined Landscape.jpg,Illustration - Black And White Ink Illustration Of Two Figures In Ruined Landscape.jpg,
Illustration - Black And White Ink Sketches Of Human Faces And Figures.jpg,Illustration - Black And White Ink Sketches Of Human Faces And Figures.jpg,
Illustration - Black And White Line Drawing Of A Crowned Figure.png,Illustration - Black And White Line Drawing Of A Crowned Figure With Outstretched Arm.png,
Illustration - Black And White Line Drawing Of A Person With Messy Hair And Glasses.png,Illustration - Black And White Line Drawing Of A Person With Messy Hair And Glasses.png,
Illustration - Black And White Line Drawing Of A Young Woman's Face.png,Illustration - Black And White Sketchy Line Drawing Of A Young Woman's Face.png,
Illustration - Black And White Photomontage Of Overlapping Male Faces.jpg,Illustration - Black And White Photomontage Of Overlapping Male Faces In Profile.jpg,
Illustration - Black And White Stylized Figure In Hood And Chains.jpg,"Illustration - Black and White Stylized Figure in Hood and Chains, Intense Gaze.jpg",
Illustration - Black Ink Sketch of People at a City Intersection.jpg,Illustration - Black Ink Sketch of People at a City Intersection.jpg,
Illustration - Black Ink Sketch of a Bearded Man with Glasses.jpg,Illustration - Black Ink Sketch of a Bearded Man with Glasses.jpg,
Illustration - Black Stallion.jpeg,Illustration - Black Horse With Flowing Mane In Vibrant Abstract Scene.jpeg,
Illustration - Black Wavy Lines on White Background.png,Illustration - Black Wavy Lines on White Background.png,
Illustration - Black and White Anime Illustration of Character in Military Uniform.jpeg,Illustration - Black And White Anime Character In Military Uniform With Iron Cross.jpeg,
Illustration - Black and White Drawing of Textured Surface by Vija Celmins.jpg,Illustration - Black and White Drawing of Textured Ocean Surface by Vija Celmins.jpg,
Illustration - Black and White Esoteric Diagrams with Astrological and Alchemical Symbols.jpg,Illustration - Two Black and White Esoteric Diagrams with Astrological and Alchemical Symbols.jpg,
Illustration - Black and White Illustration of Cathedral Interior with Praying Figures.jpg,Illustration - Black and White Illustration of Cathedral Interior with Praying Figures by Franklin Booth.jpg,
Illustration - Black and White Illustration of a Merman Blowing a Horn at Night by M.I.J.M.jpg,Illustration - Merman-like Figure Blowing Horn Under Starry Sky.jpg,
Illustration - Black and White Illustration of a Woman Holding a Thermos.png,Illustration - Black and White Illustration of a Woman Holding a Thermos.png,
Illustration - Black and White Ink Drawing of Figures at a Table.png,Illustration - Black and White Ink Drawing of Figures at a Table.png,
Illustration - Black and White Ink Sketch of a Bus on a Dirt Road.jpg,Illustration - Black and White Ink Sketch of a Bus on a Dirt Path.jpg,
Illustration - Black and White Line Drawing of Woman's Head in Front and Profile View.jpg,Illustration - Woman's Head in Front and Profile Views by Charles Dana Gibson.jpg,
Illustration - Black and White Sketch of Perspective Cubes and Abstract Arrows.jpg,Illustration - Black and White Sketch of Perspective Cubes and Abstract Arrows.jpg,
Illustration - Black and White Stipple Drawing of Three Cats Looking Up.jpg,Illustration - Black and White Stipple Drawing of Three Cats Looking Up.jpg,
Illustration - Blonde Man Pumping Gas At Family Express Station.jpg,Illustration - Blonde Man Pumping Gas At Family Express Station.jpg,
Illustration - Blonde Person in Lab Coat at Computer with Books.png,"Illustration - Blonde Woman in Lab Coat at Computer, Surrounded by Books.png",
Illustration - Blonde Woman Spears Green Dinosaur In Jungle.jpg,Illustration - Blonde Woman Spears Green Dinosaur In Jungle.jpg,
Illustration - Blue Demonic Figure With Red Eyes And Halo Facing Silhouette.jpg,Illustration - Blue Demonic Figure With Red Eyes And Halo Facing Silhouette.jpg,
Illustration - Blue Illustration of Frog Playing Harp to Moon by A. RVBIND.jpeg,Illustration - Blue Illustration of Frog Playing Harp to Moon by Antonio Rubino.jpeg,
Illustration - Blue Illustration of Person and Cat Looking Out Window at Beach.jpg,Illustration - Blue Illustration of Person and Cat Looking Out Window at Beach.jpg,
Illustration - Blue Ink Sketches of Wolves in Various Poses and Expressions.jpg,Illustration - Blue Ink Sketches of Wolves in Various Poses.jpg,
Illustration - Blue Pencil Sketches of Various Pig Characters and a Monster Boar.jpg,Illustration - Blue Pencil Sketches of Various Pig Characters.jpg,
Illustration - Blue Text 'LOCK ED IN' with Stylized Logo on White Background.jpeg,Illustration - Blue Text 'LOCKED IN' with Stylized Logo on White Background.jpeg,
Illustration - Blue and White Ceramic Soda Cans with Traditional Patterns.jpeg,Illustration - Blue and White Ceramic Soda Cans with Traditional Patterns.jpeg,
Illustration - Blue-Haired Warrior In Golden Armor Fighting Armored Figures.jpg,Illustration - Blue-Haired Warrior In Golden Armor Fighting Armored Figures.jpg,
"Illustration - Blue-haired Woman in Sunglasses Talking on Brick Phone, Pixel Art Style by monky_sm.jpg",Illustration - Pixel Art Illustration of Rei Ayanami Parodying American Psycho by monky_sm.jpg,
Illustration - Boy And Girl Observe Giant Head In Red Water.jpg,Illustration - Boy and Girl Observe Giant Head in Red Water Under Starry Sky.jpg,
Illustration - Brian Eno Quote on Art as Triggers for Experiences.png,Illustration - Brian Eno Quote on Art as Triggers for Experiences.png,
Illustration - Buddha Meditating as Earth Goddess Wrings Water to Drown Demons.jpg,Illustration - Buddha Meditating as Earth Goddess Wrings Water to Drown Demons.jpg,
Illustration - Burning Shopping Cart In Foggy Parking Lot At Night.jpg,Illustration - Burning Shopping Cart In Foggy Parking Lot At Night.jpg,
Illustration - Bust of Aeschylus With Quote 'Everyone's Quick To Blame The Foreigner'.jpg,Illustration - Bust of Aeschylus With Quote 'Everyone's Quick To Blame The Foreigner'.jpg,
Illustration - Cartoon Cat Wearing a Wizard Hat and Red Cloak.jpeg,Illustration - Cartoon Cat Wearing Blue Wizard Hat and Red Cloak.jpeg,
Illustration - Cartoon Couple Expressing Love for Their Spouses.jpeg,Illustration - Cartoon Couple Expressing Love For Their Spouses.jpeg,
Illustration - Cartoon Green Creature with Pink Pagoda and Cherry Blossoms.jpeg,Merzbeat by Merzbow (2002).jpeg,
"Illustration - Cartoon Illustrating Problem, Obvious Solution, and Corporate Solution with a Cart.jpg","Illustration - Cartoon Illustrating Problem, Obvious Solution, and Corporate Solution.jpg",
Illustration - Cartoon Person Angrily Typing At Computer With 'DIE!!!' On Screen.jpg,"Illustration - Cartoon Person Angrily Typing At Computer, 'DIE!!!' On Screen.jpg",
Illustration - Castle On Hill Overlooking River At Sunset.jpeg,Illustration - Castle on Hill Overlooking River at Sunset.jpeg,
Illustration - Cat Hopes To Make Art At Art Factory.jpeg,Illustration - Cat Hopes To Make Art At Art Factory Illustration.jpeg,
Illustration - Chaotic Pencil Drawing of Abstract Forms and Creatures.jpg,Illustration - Chaotic Pencil Drawing of Abstract Figures and Forms by Joseph Beuys.jpg,
Illustration - Character Design Sketches of a Rider and Bird-like Creature.jpg,Illustration - Character Design Sketches of a Rider and Bird-like Creature.jpg,
Illustration - Character Head Studies With Various Expressions And A Helmet.jpg,Illustration - Character Head Studies With Helmet And Upward-Gazing Expressions.jpg,
Illustration - Character Transformation Over Five Years with Various Images Above.jpg,Illustration - Character Transformation Over Five Years with Various Images Above.jpg,
Illustration - Charcoal And Wash Sketch Of A Narrow City Street by Walter Sickert.jpg,Illustration - Charcoal And Wash Sketch Of A Narrow City Street.jpg,
Illustration - Charcoal Portrait of Peter Lorre with Closed Eyes.jpg,Illustration - Charcoal Portrait of Peter Lorre with Eyes Closed.jpg,
Illustration - Charcoal Portrait of a Man in a Sketchbook.jpg,Illustration - Charcoal Portrait of a Man in a Sketchbook.jpg,
Illustration - Charcoal Sketch of a Woman's Face with Curly Hair.jpg,Illustration - Charcoal Sketch of a Woman's Face with Curly Hair.jpg,
"Illustration - Chibi Character In Fedora, Trench Coat, Holding Gun And Sunflowers.jpg","Illustration - Chibi Character in Fedora, Trench Coat, Holding Gun and Sunflowers.jpg",
Illustration - Child's Drawing of 'Spongebob Trade Center' and '08 War'.jpeg,"Illustration - Child's Drawing of Pineapple Buildings, Plane, and Spongebob Characters.jpeg",
Illustration - Child's Drawing of Self-Harm Thoughts and Social Media by Alexis Spence.png,Illustration - Child's Drawing of Negative Thoughts and Social Media.png,
Illustration - Chinese Calligraphy in Black Ink on White Paper.jpg,Illustration - Chinese Calligraphy in Black Ink on White Paper.jpg,
Illustration - Chinese Historical Figures And Naval Battle With Burning Ships.jpg,Illustration - Montage of Chinese Historical Figures and Naval Battle.jpg,
"Illustration - Chinese Landscape Painting With Red Mountains, Water, Boats, And Pagoda.jpg","Illustration - Chinese Landscape Painting with Red Mountains, Water, Boats, and Pagoda.jpg",
Illustration - Cityscape with Elevated Highway and Buildings.jpeg,Diagonal Freeway by Wayne Thiebaud (1993).jpeg,
Illustration - Classical Bust Study with Instructional Notes and Color Swatches.jpg,Illustration - Classical Bust Study with Instructional Notes and Color Swatches.jpg,
Illustration - Close-Up Of Soldier Wearing Advanced Helmet With AR-Night Vision Device.png,Illustration - Close-Up Of Soldier Wearing Advanced Military Helmet With AR Device.png,
Illustration - Close-Up Pencil Sketch of a Cat's Face.jpeg,Illustration - Close-Up Pencil Sketch of a Cat's Face Looking Forward.jpeg,
Illustration - Close-up of an eye with veins forming human figures.jpeg,Some Worlds Have Two Suns by Andrew McConnell (2015-2024).jpeg,
Illustration - Coca-Cola Bottle Floating Above Clouds with Red Line and Japanese Text.jpeg,Illustration - Coca-Cola Bottle Floating Above Clouds with Red Line and Japanese Text.jpeg,
Illustration - Collage of Black Panther and Star Wars: The Force Awakens Movie Posters.jpeg,Illustration - Collage of Black Panther and Star Wars: The Force Awakens Movie Posters.jpeg,
Illustration - Collage of Jesse Kanda's Digital Art and Performance Stills by Jesse Kanda.jpg,"Illustration - Collage of Dark, Surreal Digital Art and Performance Stills.jpg",
Illustration - Collage of book covers and author portraits titled 'Essential Midwit-Core'.jpg,Image - Essential Midwit-Core.jpg,
Illustration - Collage of images related to Matthew Barney's Cremaster Cycle.jpg,Illustration - Digital Collage of Diverse Figures and Text in Capsule Shape.jpg,
Illustration - Collection of Compact Disc Logos and Formats.jpeg,Illustration - Collection Of White Compact Disc Logos On Black Background.jpeg,
Illustration - Collection of Compact Disc and CD Video format logos.jpeg,Illustration - Collection Of White Compact Disc And CD Video Logos.jpeg,
Illustration - Collection of Vintage Operating System Icons.png,Illustration - Grid of Vintage Computer Operating System Icons by Microsoft.png,
Illustration - Colored Sketch of a Woman's Face with Teal Eyes.jpeg,Illustration - Colored Sketch of a Woman's Face with Teal Eyes.jpeg,
Illustration - Colorful Butterfly Shape Made Of Rectangular Blocks.jpg,Illustration - Colorful Butterfly Shape Made Of Rectangular Blocks.jpg,
Illustration - Colorful Illustration Of A Rider On A White Horse With A Dog.jpg,Illustration - Colorful Illustration of Woman on White Horse with Dog.jpg,
Illustration - Colorful Illustration of Character Parts with Floral Motifs.png,Illustration - Stylized Character Parts with Floral and Geometric Motifs.png,
Illustration - Colorful Illustration of Houses by Dark Blue Water.jpeg,Illustration - Colorful Houses and Water in Expressive Illustration Style.jpeg,
"Illustration - Colorful Psychedelic Portrait with Symbols, Eyes, Snake, and Moth.jpeg","Illustration - Intricate Portrait of Man with Symbols, Snake, Eyes, and Moth by Shawn Thornton.jpeg",
Illustration - Comic Strip of a Nude Woman Confronting a Giant Spider Creature.jpg,The Morning Visitor by Dino Buzzati (1963).jpg,
Illustration - Comme des Garçons Spring-Summer 1993 Campaign Image by Peter Lindbergh.jpeg,"Photograph - Two People in City with Japanese Text, Comme des Garçons Logo.jpeg",
"Illustration - Comparison of Apple M3, M3 Pro, and M3 Max Chip Dies by Apple.png","Diagram - Comparison of Apple M3, M3 Pro, and M3 Max Chip Dies by Apple.png",
Illustration - Comparison of a Simple Cube and a Sci-Fi Concept Art Cube.jpeg,Illustration - Illustration Comparing Simple Cube to Sci-Fi Concept Art Cube.jpeg,
Illustration - Compilation of 200 book covers by young female and male writers.jpg,Illustration - Compilation of 200 Book Covers by Young Female and Male Writers.jpg,
Illustration - Composite of Pixel Art and Vibrant Landscape Paintings.jpg,Illustration - Abstract Composite of Pixel Art and Colorful Landscape Paintings.jpg,
Illustration - Concentric Circles With Sun Face And Black Center.jpeg,Illustration - Concentric Circles with Sun Face and Black Center by Robert Fludd.jpeg,
Illustration - Contour Line Drawing Of A Kneeling Figure.jpeg,Illustration - Contour Line Drawing of Kneeling Figure.jpeg,
"Illustration - Cosmic Scene with Mesoamerican Pyramid, Blood, and Monstrous Deity.jpg","Illustration - Cosmic Scene with Mesoamerican Pyramid, Blood, and Monstrous Deity by Tukaaria.jpg",
Illustration - Cozy Bedroom With Large Window And Many Plants.jpeg,Illustration - Cozy Bedroom With Large Window And Many Plants.jpeg,
Illustration - Crayon And Ink Drawing Of Two Figures On A Street.jpeg,"Illustration - Crayon And Ink Drawing Of Two Figures, One With Gun, On Street.jpeg",
Illustration - Creature with Long Snout and Hat Holding Staff in Grass.png,"Illustration - Creature With Long Snout, Hat, And Staff In Tall Grass.png",
Illustration - Cross-Hatched Portrait of a Woman in Profile.jpeg,Illustration - Cross-Hatched Portrait of a Woman in Profile with Hand.jpeg,
"Illustration - Crouching Figure with Hands Over Face, Red Washes.jpeg","Illustration - Crouching Figure with Hands Over Face, Red Watercolor Washes.jpeg",
Illustration - Crying Head in Sink with Large Insect and Hands.png,Illustration - Crying Head in Sink with Large Insect and Hands.png,
Illustration - Dawn Runner.jpeg,Illustration - Large Robot Figure Above Stylized Face With Mechanical Details.jpeg,
"Illustration - Desert Landscape With Cacti, Dirt Road, Orange Cloud, And Full Moon.jpeg","Illustration - Desert Landscape with Cacti, Orange Cloud, and Full Moon.jpeg",
"Illustration - Detail of Old Master Painting with Angel, Figures, and Gold Leaf.jpeg","Illustration - Detail of Old Master Painting with Angel, Figures, and Gold Leaf.jpeg",
Illustration - Detailed Black And White Illustration Of A Whimsical City.jpg,The City of Dreams by Yiqing Zhao (2020).jpg,
Illustration - Detailed Black And White Sketch Of A Mechanical Figure.png,Illustration - Complex Black And White Sketch Of A Mechanical Robot With Skull.png,
Illustration - Detailed Black and White Cosmic Creatures and Abstract Forms.jpg,Illustration - Detailed Black and White Cosmic Creatures and Abstract Forms.jpg,
Illustration - Detailed Forest Scene with Deer and Colorful Light Beam.jpg,Illustration - Forest Scene with Deer and Colorful Light Beam by Hiro Isono.jpg,
Illustration - Detailed Isometric Illustration of a Green City Bordering a Pink Desert.jpg,Illustration - Isometric Illustration of a Green City Bordering a Pink Desert.jpg,
Illustration - Detailed Line Drawing Of A Large Spotted Crustacean Creature.png,Illustration - Detailed Line Drawing Of A Large Spotted Crustacean With Scale Figure.png,
Illustration - Detailed Line Drawing of Mechanics Working on Rally Cars.png,Illustration - Detailed Line Drawing of Mechanics Working on Rally Cars by Kim Jung Gi.png,
"Illustration - Detailed, Vibrant, Complex Cityscape with Elevated Roads and Japanese Signs.jpeg",Illustration - Detailed Vibrant Solarpunk Cityscape with Elevated Roads and Japanese Signs.jpeg,
Illustration - Digital Collage Contrasting Laptop Owners: Businessman and Linux User.png,Image - Digital Collage Contrasting ThinkPad Owners: Corporate vs. Linux User.png,
Illustration - Digital Collage Featuring Book Covers Related to Gnosticism and Philosophy.png,Illustration - Digital Collage of Book Covers on Gnosticism and Philosophy.png,
Illustration - Digital Collage Of Woman Smoking Above Grey Sedan.jpeg,Illustration - Digital Collage of Woman Smoking Above Drifting Grey Sedan.jpeg,
Illustration - Digital Collage of Occult Sigils Above a Green Circuit Board.jpg,Illustration - Digital Collage of Occult Sigils Above a Green Circuit Board.jpg,
"Illustration - Digital Collage of Smoking Towers, Plane, Roses, Car, Coffee, Arabic Text.jpeg","Illustration - Smoking Towers, Plane, Roses, Car, Coffee, And Text Collage.jpeg",
"Illustration - Digital Collage: Bust, Photo, Checkered Floor, Japanese Text.png","Illustration - Vaporwave Collage with John Lennon Bust, Photo, and Japanese Text.png",
Illustration - Digital Composite Of Large Eyes And Drifting White Sedan.jpeg,Illustration - Woman's Eyes and Drifting White Sedan Composite.jpeg,
Illustration - Digital Composite of Red Car and Woman's Eyes.jpeg,Illustration - Red Car Drifting with Woman's Eyes in Background.jpeg,
Illustration - Digital Drawing of Flowers in a Vase on a Blue Checkered Tablecloth.jpeg,"16th February 2021, More Flowers in a Glass Vase by David Hockney (2021).jpeg",
Illustration - Digital Files Bursting From Computer Monitor.webp,Illustration - Digital Files Bursting From Computer Monitor And Keyboard.webp,
"Illustration - Digital Illustration of Monitor with Water, Fish, Globe, and Clock.jpg","Illustration - Digital Illustration of Monitor with Water, Fish, Globe, Clock.jpg",
Illustration - Digital Illustration of a Figure with Abstract Wings and Fish.jpg,Galatea by Jesse Kanda (2017).jpg,
"Illustration - Digital Line Drawing of Three Stylized Female Figures, Rabbit, Handgun.png","Illustration - Digital Line Drawing of Three Stylized Female Figures, Rabbit, Handgun.png",
"Illustration - Digital Painting of Dirt Path, Fence Posts, and Mountains.png","Illustration - Digital Painting: Dirt Path, Fence Posts, Mountains, Cloudy Sky.png",
Illustration - Digital Painting of Spiky-Haired Person Inspired by Wet Cat.jpg,Illustration - Digital Painting of Spiky-Haired Person with Wet Cat Reference.jpg,
Illustration - Digital Pixel Pattern Forming A Triangular Structure.jpeg,Illustration - Intricate Pixelated Pattern Forming A Large Triangle.jpeg,
Illustration - Digital Portrait of a Woman's Face with Dramatic Light and Shadow.png,Illustration - Digital Portrait of a Woman's Face with Dramatic Light and Shadow.png,
Illustration - Digital Rendering of a Flooded Tiled Room with Sunlight by FRAGILETEMPORARY.jpg,Illustration - Digital Rendering of a Flooded Tiled Room with Sunlight by FRAGILETEMPORARY.jpg,
Illustration - Digital Rendering of a Frosty Winter Landscape with Cabin and Windmill.png,Screenshot - Digital Rendering of Frosty Winter Landscape with Cabin and Windmill.png,
"Illustration - Digital Sketch Of Woman With Blue Face, Red Neck, Braided Hair.png",Illustration - Digital Sketch of Woman with Blue Face and Braids.png,
Illustration - Digitally Manipulated Ornate Wooden Structure With Wavy Distortions.jpg,Illustration - Digitally Manipulated Ornate Wooden Structure With Wavy Distortions by Ferruccio Laviani.jpg,
Illustration - Distorted Black Pixelated Text on Light Background.png,"Illustration - Distorted, Pixelated Black Text on a Light Gray Background.png",
Illustration - Distorted Colorful Words on White Background.webp,Illustration - Distorted Colorful Words on a White Background.webp,
Illustration - Distorted White Grid on Black Background.jpeg,"Illustration - White Grid Lines on Black Background, Distorted at Edges by Ryota Kanai.jpeg",
Illustration - Diverse Religious and Mythological Figures with Cartoon Character.jpg,Illustration - Diverse Religious and Mythological Figures with Cartoon Character.jpg,
"Illustration - Dopey on 341st Bombardment Squadron Emblem, World War II.jpeg",Illustration - Dopey on the emblem for the 341st Bombardment Squadron during World War II.jpeg,
Illustration - Dramatic Illustration of a Man with Wide Eyes in a Dim Room.jpg,Illustration - Raskolnikov in his room by Dementy Shmarinov.jpg,
Illustration - Drawing of a Woman's Profile with Flowing Hair and Dark Headpiece by Marcel Vertès.jpeg,Illustration - Profile Of A Person With Flowing Hair And Dark Headpiece.jpeg,
Illustration - Dynamic Anime Illustration of Girl in Armor Battling Monster.png,Illustration - Anime Girl in Armor Battles Blue Monster Amidst Explosions.png,
Illustration - Elf-like Anime Character Holding Anti-Oedipus Book.jpg,Image - Anime Character Frieren Holding Anti-Oedipus Book.jpg,
"Illustration - Embroidered Patch: Cartoon Bears Fighting, 'Scramble' Text.jpeg",Illustration - Embroidered Patch of Formosan Bear Punching Winnie the Pooh.jpeg,
Illustration - Embroidered Wikipedia Article About Embroidery on White Fabric.jpg,Illustration - Embroidered Wikipedia Article About Embroidery on White Fabric.jpg,
Illustration - Embryo and Light Circles Above Lotus Flower in Water.jpeg,The Beginning of Life by František Kupka (1900).jpeg,
Illustration - Engraved Portrait of Theodore Roosevelt.jpg,Illustration - Engraved Portrait of Theodore Roosevelt with Pince-Nez Glasses by Franklin Booth.jpg,
Illustration - Engraving of an Angelic Figure Looking Upwards with Raised Finger.jpg,Illustration - Engraving of an Angelic Figure Looking Upwards with Raised Finger.jpg,
Illustration - Etching of a Detailed Spiky Flower.jpg,Illustration - Detailed Etching of a Spiky Flower by M.C. Escher.jpg,
Illustration - Etching of a Rustic House and Log Shed.jpg,Illustration - Etching of a Rustic House with a Large Log Shed.jpg,
Illustration - Evangelion Unit In Ruined City Against Fiery Orange Sky.jpg,Illustration - Evangelion Unit-01 In Ruined City Against Fiery Orange Sky.jpg,
Illustration - Evangelion Unit-01 Emerging From A Giant Eye by Hideaki Anno.png,Illustration - Purple Robot Emerging From Giant Eye by Hideaki Anno.png,
Illustration - Evangelion Unit-02 Fighting Sachiel In A Forest by Yoshiyuki Sadamoto.jpg,Illustration - Red Robot Fighting White Monster in Forest.jpg,
Illustration - Evolution and Life in Vaporwave Flavours.png,"Illustration - Vaporwave Illustration with Statues, Windows Paint, Sunset, and Grid Floor.png",
Illustration - Expressionist Plein-Air Painting of Houses Under a Stormy Sky.png,Illustration - Expressionist Painting of Houses Under a Stormy Sky.png,
Illustration - Expressionistic Oil Painting Of A Baby In Striped Outfit.jpeg,Illustration - Expressionistic Oil Painting of Baby in Striped Outfit.jpeg,
Illustration - Expressive Drawing of a Screaming Face with Wild Hair.jpeg,Illustration - Expressive Drawing of a Screaming Face with Wild Hair.jpeg,
Illustration - Expressive Painting of Figures Dancing Amidst Classical Columns.jpeg,Illustration - Expressive Painting of Figures Dancing Amidst Classical Columns.jpeg,
Illustration - Expressive Portrait Painting of a Person in Floral Garment.jpg,Illustration - Expressive Portrait of a Person in Floral Garment by Elizabeth Peyton.jpg,
Illustration - Expressive Sketch of Woman's Face with Colored Hatching.jpeg,Illustration - Expressive Sketch of Woman's Face with Colored Hatching.jpeg,
Illustration - Eye of Providence in Triangle with Four Cherubs on Clouds.jpeg,Illustration - Eye of Providence in Triangle with Four Cherubs on Clouds.jpeg,
Illustration - FORWARDS.jpeg,Illustration - Graphic Poster With Large Yellow Abstract Symbol And Text.jpeg,
"Illustration - Fantastical Jigsaw Puzzle Collage of Castles, Ships, Mountains, and Landscapes.jpg","Illustration - Fantastical Jigsaw Puzzle Collage of Landscapes, Castles, and Ships.jpg",
Illustration - Fantasy Adventurers Confronting Cloaked Figure in Stylized Dungeon Scene.png,Illustration - Fantasy Adventurers Confronting Cloaked Figure in Stylized Red Dungeon Scene.png,
Illustration - Faun Playing Pipe Amidst Grape Vines.png,Illustration - Faun Playing Pipe Amidst Grape Vines.png,
Illustration - Fauvist Interior with Black Cat by an Open Door.jpg,Illustration - Vibrant Fauvist Interior with Black Cat by Open Door.jpg,
Illustration - Feet In Bathtub With Running Water.jpeg,Illustration - Feet In Bathtub With Running Water.jpeg,
Illustration - Figure Holding Green Umbrella.jpg,Illustration - Cartoon Girl Holding Green Umbrella.jpg,
"Illustration - Figure In Japanese Robes With Smartphone, Cat, And Floating Hearts.jpg","Illustration - Japanese Figure With Smartphone, Cat, And Floating Flowers.jpg",
Illustration - Figure Touching Glass Separating Her from Anatomical Figures and Brain Specimens.jpeg,Illustration - Nude Figure Touching Glass Separating Her from Anatomical Figures.jpeg,
Illustration - Figure in Red Shirt in Orange and Yellow Room.jpeg,Illustration - Figure in Red Shirt in Warm Orange and Yellow Room.jpeg,
Illustration - Figure with Cross in Desolate Landscape with Falling Meteors.jpeg,Illustration - Figure with Cross in Desolate Landscape with Falling Meteors.jpeg,
Illustration - Figure with Sword and Hand Reaching Up Against Gold Background.jpeg,Illustration - Angel-like Figure with Sword and Bird Against Gold Background.jpeg,
Illustration - Figures Observing and Interacting in a Multi-Scene Painting.jpeg,"Illustration - Figures Observing Intimate Scene, Man With Drink, Nude Figure.jpeg",
"Illustration - Figures in a room with dramatic blue, pink, and orange lighting.jpeg","Illustration - Figures in a Room with Dramatic Blue, Pink, and Orange Lighting.jpeg",
Illustration - Flat Illustration Portrait of a Woman on Blue Background.jpg,Illustration - Flat Illustration Portrait of a Woman on Blue Background.jpg,
Illustration - Floating Cube With Clouds Over Green Landscape by ROBB.jpeg,Skybox by Ron Cobb (1990).jpeg,
Illustration - Flower of Life.jpeg,Illustration - Black and White Geometric Pattern of Overlapping Circles.jpeg,
Illustration - Four Female Figures in Bikinis Showing Different Body Types.png,Illustration - Four Female Figures in Bikinis Showing Different Body Types.png,
Illustration - Four Palm Trees Against Blue Sky And Sandy Landscape.jpeg,Illustration - Four Palm Trees in Sandy Landscape Under Blue Sky.jpeg,
Illustration - Four Pencil Sketches of a Cartoon Skunk Character.png,Illustration - Four Pencil Sketches of a Cartoon Skunk Character.png,
Illustration - Four Stages Of Painting A Woman's Portrait.jpeg,Illustration - Four Stages Of Painting A Woman's Portrait by Andrew Loomis.jpeg,
Illustration - Four-Panel Digital Drawing Tutorial Of A Stylized Male Head.jpg,Illustration - Four-Panel Digital Drawing Tutorial Of A Stylized Male Head.jpg,
"Illustration - Fragmented Digital Artwork with Temple, Trees, and Abstract Elements.jpeg","Illustration - Fragmented Digital Artwork with Temple, Trees, and Abstract Elements.jpeg",
Illustration - Framed Black and White Floral Line Drawing.jpeg,Illustration - Framed Black and White Line Drawing of Flowers and Leaves.jpeg,
Illustration - Futuristic Cityscape Viewed From Below With Glowing Windows.jpeg,Illustration - Retro-futuristic Cityscape Viewed From Below With Glowing Windows.jpeg,
Illustration - Futuristic Cityscape With Modern Architecture And Elevated Highways.jpeg,Illustration - Futuristic Cityscape With Modern Architecture And Elevated Highways.jpeg,
Illustration - Futuristic Floating Ring Structure and Spaceships in Japanese Landscape.jpeg,Illustration - Futuristic Floating Ring Structure with Spaceships in Japanese Landscape.jpeg,
Illustration - Futuristic Race Car on Abstract Swirling Track.jpg,Illustration - Futuristic White Race Car on Abstract Swirling Track.jpg,
Illustration - Generative Line Art of Layered Arches and Columns.png,Illustration - Abstract Generative Line Art of Layered Arches and Columns.png,
Illustration - Geometric Abstraction of Architectural Forms.jpeg,Illustration - Geometric Abstraction of Buildings and Structures Against a Dark Blue Sky by Charles Sheeler.jpeg,
Illustration - Geometric Sphere Tapering To A Point With Cube Pattern.jpg,Illustration - Geometric Sphere Tapering To A Point With Cube Pattern.jpg,
Illustration - Giant Robot Fighting In City With Swirling Ribbons And Destruction.jpg,Illustration - Giant Robot In Destroyed City With Swirling Ribbons.jpg,
Illustration - Gilded Reliquary Bust Displaying a Human Skull.jpeg,Reliquary of Mary Magdalene.jpeg,
Illustration - Girl with Cat Ears Holding Black Cat with Red Eyes.jpeg,Illustration - Girl With Cat Ears Holding Black Cat With Red Eyes.jpeg,
Illustration - Giselle by Armin Hofmann.jpeg,Illustration - Monochromatic Poster with Abstracted Dancer and Bold Typography.jpeg,
Illustration - Glitchy Figure Against Digital Static (AI-Generated).webp,Illustration - Abstract Glitchy Figure Against Digital Static Background.webp,
Illustration - Golden Reliquary Bust with Human Skull and Angels.jpeg,Reliquary Bust of Mary Magdalene.jpeg,
Illustration - Graffiti Mural of The Simpsons Characters on a Couch.jpg,Illustration - Graffiti Mural of The Simpsons Characters on a Couch.jpg,
"Illustration - Graffiti Under A Bridge With Figures And Text 'CHUD', 'NOUD', 'DO NOT REDEEM!'.jpeg","Photograph - Graffiti Under Bridge with Figures and Text 'CHUD', 'NOUD', 'DO NOT REDEEM!'.jpeg",
Illustration - Graffiti of Cartoon Figures Engaged in Sexual Acts on Train Car.jpg,Illustration - Graffiti of Cartoon Figures Engaged in Sexual Acts on Train Car.jpg,
Illustration - Graffiti of Super Saiyan Goku on a truck.jpeg,Illustration - Graffiti Of A Fierce Character With Spiky Hair On A Truck.jpeg,
Illustration - Graffiti of a Stylized Face with Speech Bubble on Tiled Wall.jpeg,Illustration - Graffiti of Kanye West's Face as Kirby on Tiled Wall by FOREST.jpeg,
Illustration - Grand Piano in a Sand-Filled Room (AI-Generated).webp,Illustration - Grand Piano Partially Buried in Sand Inside a Room.webp,
Illustration - Graphic Illustration Of A Woman With Short Orange Hair And Yellow Shirt.jpg,Illustration - Illustration Of Woman With Short Orange Hair And Yellow Shirt.jpg,
Illustration - Graphic Portrait of a Woman with Blue Hair and Green Jacket.jpg,Illustration - Graphic Portrait of Woman with Blue Hair and Green Jacket.jpg,
"Illustration - Green Musical Note on a CD, iTunes Icon by Apple Inc.jpg",Illustration - Original iTunes Icon by Apple Inc.jpg,
Illustration - Green Willow Branches Reflected in Water.jpg,Illustration - Green Willow Branches Reflected in Water.jpg,
Illustration - Grid Of Thirty Black Ink Line Drawings: Suburban And Rural Scenes.jpg,Illustration - Grid of Black Ink Line Drawings Depicting Various Suburban and Rural Scenes.jpg,
Illustration - Grid of 100 Japanese Family Crests with Names.jpeg,Illustration - Grid of 100 Black and White Japanese Family Crests with Names.jpeg,
Illustration - Grid of 25 Black and White Ink Sketches of Scenes.jpg,Illustration - Grid of 25 Black and White Ink Sketches of Scenes.jpg,
Illustration - Grid of Hand-Drawn Geometric Shapes and Patterns.jpg,Illustration - Grid of Hand-Drawn Geometric Shapes and Patterns.jpg,
Illustration - Grid of Hand-Drawn Perspective Sketches of Interior Rooms.jpg,Illustration - Grid of Hand-Drawn Perspective Sketches of Interior Rooms.jpg,
Illustration - Grid of Individually Doodled Maze and Scribble Cells.jpg,Illustration - Grid of Small Abstract Maze-Like Black-and-White Patterns.jpg,
Illustration - Grid of Retro Cassette and Video Tape Packaging Designs.jpeg,Illustration - Grid of Retro Cassette and Video Tape Packaging Designs.jpeg,
Illustration - Grid of Stylized Smiling and Laughing Faces with Text.jpg,Illustration - Grid of Stylized Smiling and Laughing Faces with Text.jpg,
Illustration - Grid of Thirty Black Ink Line Drawings of Various Scenes.jpg,Illustration - Grid of Thirty Black Ink Line Drawings of Various Scenes.jpg,
Illustration - Grid of Thirty Black Ink Sketches of Suburban and Rural Scenes.jpg,Illustration - Grid of Thirty Black Ink Sketches of Suburban and Rural Scenes.jpg,
Illustration - Grid of White SUV and Crossover Vehicle Illustrations.gif,Illustration - Grid of White SUV and Crossover Vehicle Illustrations.gif,
"Illustration - Grotesque Creature Hanging From Tree Branch, Covered In Organic Material.png",Illustration - Grotesque Creature Covered In Organic Material Hanging From Tree Branch.png,
Illustration - Hand-Drawn Ableton Live Interface with Valentine's Message.jpeg,Illustration - Hand-Drawn Ableton Live Interface With Valentine's Message.jpeg,
Illustration - Hand-Drawn Abstract Symbols and Script.jpg,Illustration - Hand-Drawn Sketches for Aphex Twin Logo and Typography by Paul Nicholson.jpg,
Illustration - Hand-Drawn Cubes Transitioning from Solid Black to White Outline.jpg,Illustration - Hand-Drawn Cubes Transitioning from Solid Black to White Outline.jpg,
Illustration - Headless Meditating Figure With Floating Geometric Head.jpg,Illustration - Headless Meditating Figure With Floating Geometric Head in Vibrant Colors.jpg,
Illustration - Heavenly Hills by Franklin Booth.jpg,Illustration - Black and White Illustration of Windmill and Large Clouds by Franklin Booth.jpg,
"Illustration - Heavy-Set Woman Sitting On Rocks By Sea, Wearing Bloomers.jpg",Illustration - Heavy-Set Woman Sitting On Rocks By Sea.jpg,
Illustration - Highly Detailed Colorful Illustration of Chaotic Battle Scene.jpg,"Illustration - Colorful, Chaotic Japanese Battle Scene with Samurai, Dragons, and Castle.jpg",
Illustration - Highly Stylized Blue And Orange Digital Portrait Of A Man.png,Illustration - Highly Stylized Blue And Orange Digital Portrait Of A Man.png,
Illustration - Highly Stylized Digital Image of Figure with Pigtails in Landscape.png,Illustration - Highly Stylized Blue and Orange Figure with Pigtails.png,
Illustration - Hilly Landscape with Village and Seated Figure.jpg,Illustration - Detailed Etching of Hilly Landscape with Village and Seated Figure.jpg,
Illustration - Historical Engraving of Projector with 'I'm Projecting' Meme Text.jpg,Image - Vintage Illustration of Man Operating Projector with Text Overlay.jpg,
Illustration - Historical Illustrations of Traditional Chinese Medicine and Martial Arts.png,Illustration - Historical Chinese Illustrations of Traditional Medicine and Martial Arts.png,
Illustration - Hooded Figure Holding Scythe Against Yellow Background.jpg,Illustration - Hooded Figure Holding Scythe Against Yellow Background.jpg,
"Illustration - Icons for PDF, Word, PowerPoint, and Excel Files.png","Illustration - Icons for PDF, Word, PowerPoint, and Excel Files.png",
Illustration - Illustration Comparing Attention on OLED and E-Ink Displays.jpeg,Illustration - Diagram Comparing Attention on OLED and E-Ink Phone Displays.jpeg,
Illustration - Illustration of People Attending a Conference or Class.jpeg,Illustration - Marker Drawing of People in a Conference Room.jpeg,
Illustration - Illustration of Self-Driving Car Trolley Problem.jpg,Illustration - Line Drawing of Self-Driving Car Trolley Problem Scenario.jpg,
Illustration - Illustration of a Person Picnicking on Train Tracks with an Approaching Train.jpg,"Illustration - Person Picnicking on Train Tracks with Approaching Train, 'Fuck Off' Cake.jpg",
Illustration - Illustration of a Woman with a Sword in an Ornate Room.jpeg,Illustration - Woman With A Sword In An Ornate Room.jpeg,
Illustration - Illustration of a cat's skeleton within its body outline.jpg,Illustration - Illustration of a Cat's Skeleton Within Its Body Outline.jpg,
Illustration - Illustration of a person with white branching lines and a piano.jpeg,Illustration - Illustration of a Person with White Branching Lines and a Piano.jpeg,
"Illustration - Illustrations of Esoteric Elemental, L.V.X., and N.O.X. Signs.jpg","Illustration - Figures in Robes Demonstrating Esoteric Elemental, L.V.X., and N.O.X. Signs.jpg",
"Illustration - Illustrations of Sunlight, Outdoor Air, and Good Food with captions.jpeg","Illustration - Illustrations of Sunlight, Outdoor Air, and Good Food with captions.jpeg",
Illustration - Impasto Painting Of A Venetian Canal Scene With Gondola.jpeg,Illustration - Impasto Painting of a Venetian Canal Scene with Gondola.jpeg,
Illustration - Impasto Painting of Speed Racer and Mach 5 with Abstract Background.jpeg,Illustration - Impasto Painting of Speed Racer and Mach 5.jpeg,
Illustration - Impasto Painting of Speed Racer's Mach 5 and a Black Car by Erik.jpeg,Illustration - Impasto Painting of Speed Racer's Mach 5 and a Black Car by Erik.jpeg,
Illustration - Impossible Architectural Scene with Multiple Staircases and Arches.jpg,"Illustration - Impossible Architectural Scene with Multiple Staircases, Arches, and Buildings.jpg",
"Illustration - Impressionist Landscape with Haystacks, Trees, and Figure. by Claude Monet.jpeg","Haystacks, Morning, Éragny by Camille Pissarro (1899).jpeg",
Illustration - Impressionistic Beach Scene with Figures in Water and Sand.jpg,Illustration - Impressionistic Beach Scene with Many Figures in Water and Sand.jpg,
Illustration - Impressionistic Painting of Boats in Water with Trees in Background.jpeg,Illustration - Impressionistic Painting of Boats in Water with Trees.jpeg,
Illustration - Industrial Factory Interior with Workers and Heavy Machinery.jpg,Im Maschinenbau by Friedrich G. Martin (c. 1910).jpg,
"Illustration - Ink Drawing of Two Figures, One Cloaked, One With Net.png","Illustration - Ink Drawing of Two Figures, One Cloaked, One With Net.png",
Illustration - Ink Drawing of Woman Holding Lyre by Water.jpg,Illustration - Ink Drawing of Woman Holding Lyre by Water.jpg,
Illustration - Ink Drawing of Woman in Long Dress by Fireplace by Pepe González.jpg,Illustration - Woman In Long Dress By Fireplace.jpg,
Illustration - Ink Drawing of a Japanese Residential Street with Utility Poles.jpg,Illustration - Detailed Ink Drawing of a Japanese Residential Street.jpg,
"Illustration - Ink Drawings of Trees, Roots, and Wood Textures.jpg","Illustration - Ink Drawings of Trees, Roots, Wood Textures, and Dried Plant.jpg",
Illustration - Intricate Abstract Painting with Geometric Shapes and Figures.jpeg,"Illustration - Intricate Abstract Painting with Geometric Shapes, Symbols, and Figures.jpeg",
"Illustration - Intricate Blue, Red, and Gold Illustration with German Script by brahmanspagati.jpg",Illustration - Intricate Serpent and Tree Illustration with German Script by Carl Jung.jpg,
Illustration - Isometric Illustration of Person Wearing Headset on Grid.png,Illustration - Standing by Apple.png,
Illustration - Isometric Illustration of an Interior with Bamboo Furniture and Drinks.jpg,"Illustration - Isometric Interior with Bamboo Furniture, Drinks, and Window by George Hardie.jpg",
Illustration - Jacob's Ladder.png,Illustration - Sleeping Man Dreams of Ladder to Heaven with Angels.png,
Illustration - Japanese Illustration of Mach 5 Car Features and Speed Racer.jpeg,Illustration - Mach 5's Seven Secrets by Tatsunoko Production.jpeg,
Illustration - Japanese Illustration of a Man Holding a Dagger with a Woman.jpeg,"Illustration - Japanese Illustration of Man Holding Dagger, Woman Kneeling Beside Him.jpeg",
Illustration - Kitchen Sink In Front Of A Window With Bright Sunset.webp,Illustration - Impressionistic Painting of Kitchen Sink with Bright Sunset Through Window.webp,
Illustration - Landscape Painting With Trees.jpg,Illustration - Lush Trees in a Sunny Landscape.jpg,
Illustration - Landscape Painting with Trees and Distant Building.jpg,Illustration - Lush Landscape Painting with Trees and Distant Building on Hill.jpg,
"Illustration - Landscape with River, Trees, and Figures by a Fire.jpg",Illustration - Dark Forest Landscape with River and Figures by Firelight.jpg,
"Illustration - Laptop Displaying ""Deep Blue"" Text And Musical Note On Blue Screen.jpg",Deep Blue by patten (2024).jpg,
Illustration - Layered Red And Blue Paper Model Of An Interior.jpeg,Turandot by David Hockney (1992).jpeg,
Illustration - Layered Wooden Geometric Abstract Art Piece.jpeg,Illustration - Layered Wooden Geometric Abstract Art Piece.jpeg,
Illustration - Line Drawing Of A Horse Chewing Grass.png,Illustration - Line Drawing Of A Horse Chewing Grass.png,
Illustration - Line Drawing Of Person With Glasses Holding Clipboard.jpg,"Illustration - Line Drawing Of Person With Glasses Holding Clipboard, Looking Intently.jpg",
Illustration - Line Drawing Of Person With Messy Hair And Glasses.png,Illustration - Line Drawing Of Person With Messy Hair And Glasses.png,
Illustration - Line Drawing of Man Looking at Tree Stump.jpg,Illustration - Old Man Looking At Tree Stump by Shel Silverstein.jpg,
Illustration - Line Drawing of Person and Bird at Table.png,Illustration - Line Drawing of Person and Bird at Table with Music Notes.png,
Illustration - Line Drawing of Person with Red Glasses and Debian Logo.jpg,Illustration - Line Drawing of Person with Red Glasses and Debian Logo.jpg,
Illustration - Line Drawing of Succulent Plants on Textured Paper.jpeg,Illustration - Line Drawing of Succulent Plants on Textured Paper.jpeg,
Illustration - Line Drawing of Trailing Plants with Small Leaves and Flowers.jpeg,Illustration - Line Drawing of Trailing Plants with Small Leaves and Flowers.jpeg,
Illustration - Long Narrow Shop Interior With Display Cases And Skylight.png,"Illustration - Long Narrow Shop Interior With Display Cases, Stools, And Skylight.png",
Illustration - Long Reflecting Pool With Trees And Gradient Sky.jpg,Illustration - Long Reflecting Pool With Trees Under Gradient Sky.jpg,
Illustration - Loose Sketch of a Figure in Profile.jpg,Illustration - Loose Sketch of a Figure in Profile.jpg,
Illustration - Man In Hat And Coat Shooting Zombies In A Graveyard.jpg,...And Stay Down! by Charles Keegan (1998).jpg,
"Illustration - Man In Shirt, Tie, Apron Looking Out Window.jpeg",The Loneliness of the Fry Man by J. Elliot (2024).jpeg,
Illustration - Man Looking Up At Cat From Below.jpg,Illustration - Charcoal Drawing of Willem Dafoe Looking Up at a Cat.jpg,
Illustration - Man Painting A Red Road With White Dashes.png,Illustration - Man Painting A Red Road With White Dashes.png,
"Illustration - Man Reading Book, Half Face Abstract, Cosmic Background.jpg","Illustration - Man Reading Book, Half Abstract Face, Cosmic Chaotic Background.jpg",
Illustration - Man Warns Another About Foreigner Wanting His Cookie.jpeg,Illustration - Man Warns Worker About Foreigner Wanting His Cookie.jpeg,
Illustration - Man in Formal Attire Leaning on Table with Speech Bubble.jpg,Max Stirner by Friedrich Engels (1845-1846).jpg,
Illustration - Man in Red Robe Holding Wavy Dagger.webp,Illustration - Man in Red Robe Holding Wavy Dagger.webp,
Illustration - Man in Suit and Patterned Shirt with Phone and Gun by Yoji Shinkawa.jpeg,Illustration - Man In Suit With Patterned Shirt Holding Phone And Gun.jpeg,
Illustration - May by Avogado6.jpg,Illustration - Person with Tattoos at Computer Desk with Noodles and Drink.jpg,
Illustration - Men Dressed as Native Americans Destroying Crates on Ship Deck.jpg,Illustration - Men Dressed as Native Americans Destroying Tea Crates on Ship.jpg,
Illustration - Microsoft Windows 98 Advertisement with Hourglass Cursor and 'Loads Faster' Slogan.jpg,"Illustration - Windows 98 Ad: Hourglass Cursor, 'Loads Faster' Slogan.jpg",
Illustration - Mirrored Panther Heads Within Barbed Wire Circle with Stars by yoolie_oolie.jpg,Illustration - Mirrored Panther Heads Within Barbed Wire Circle with Stars.jpg,
Illustration - Modern Bedroom with City and River View.jpg,Illustration - Modern Bedroom With City And River View.jpg,
Illustration - Modern Concert Hall Interior with Wooden Acoustic Panels and Grand Piano.jpeg,Illustration - Modern Concert Hall Interior with Wooden Panels and Grand Piano.jpeg,
Illustration - Monochromatic Still Life Painting of a House and Objects.jpeg,Illustration - Monochromatic Still Life Painting of a House and Objects.jpeg,
Illustration - Monochrome Digital Sketch of Distressed Figure Holding Head.png,"Illustration - Monochrome Digital Sketch of Distressed Figure Holding Head, Dark Under Eyes.png",
Illustration - Monochrome Drawing of a Seated Figure with Abstract Hair.png,Illustration - Monochrome Drawing of Seated Figure with Abstract Spiky Hair.png,
"Illustration - Moonlit Landscape with Bay, Mountains, Boats, and Shoreline Buildings.jpeg","Illustration - Moonlit Bay with Mountains, Boats, and Shoreline Buildings.jpeg",
Illustration - Moral Scrupulosity OCD by Katie Merrill Therapy.jpeg,Illustration - Diagram Explaining Moral Scrupulosity OCD Symptoms And Behaviors.jpeg,
Illustration - Mosaic Of Small Images Forming Abstract Landscape Shape.jpg,"Illustration - Activation Atlas by Chris Olah, Nick Cammarata, Ludwig Schubert, Gabriel Goh, Michael Petrov, and Shan Carter.jpg",
Illustration - Motion-Blurred Painting of Orange Flowers in a Glass Vase.jpg,Rosen by Gerhard Richter (1994).jpg,
Illustration - Mountain Landscape With Clouds And Silhouetted Trees by Anish.png,Illustration - Mountain Landscape With Illuminated Clouds And Silhouetted Trees.png,
Illustration - Multi-Colored Pen Sketches of Three Faces.jpeg,Illustration - Multi-Colored Pen Sketches of Three Faces.jpeg,
Illustration - Multiple Black Ink Urban Sketches on a Notebook Page.jpg,Illustration - Multiple Black Ink Urban Sketches on a Notebook Page.jpg,
Illustration - Multiple Figure Studies in Black Ink.jpg,Illustration - Multiple Figure Studies in Black Ink.jpg,
Illustration - Multiple Pencil Studies of Human Eyes.png,Illustration - Multiple Pencil Studies of Human Eyes.png,
Illustration - Multiple Women Running Through Fragmented Cityscape with Glitch Effects.jpeg,"Illustration - Multiple Women Running Through Glitchy, Fragmented Cityscape by Nyahist.jpeg",
Illustration - Mural Of Goku As Chef For Taqueria Goku.webp,Illustration - Mural of Goku as Chef for Taqueria Goku.webp,
Illustration - Mural of a Man in Sombrero and Charro Suit Holding a Rifle.jpeg,Illustration - Mural of Man in Sombrero and Charro Suit Holding Rifle.jpeg,
Illustration - Mural of a person in traditional attire holding corn.jpeg,Illustration - Mural of Person in Traditional Attire Holding Corn.jpeg,
Illustration - Mythological Figure Riding Sea Horses Through Waves.jpeg,Illustration - Mythological Figure Riding Sea Horses Through Turbulent Waves.jpeg,
Illustration - Mythological Scene with Reclining Figure and Descending Deity.jpg,Semele by Bon Boullogne (1688-1704).jpg,
Illustration - Nighttime Cityscape with Streetlights and Buildings.png,"Illustration - Nighttime Cityscape with Buildings, Streetlights, and Trees.png",
Illustration - Nintendo Game Boy Pocket Advertisement with Jeans and Underwear.jpg,Illustration - Nintendo Game Boy Pocket Ad with Jeans and Underwear.jpg,
Illustration - Nocturne Painting of a Glowing Porch and Window at Night.webp,Illustration - Nocturne Painting of a Glowing Porch and Window.webp,
Illustration - Nude Woman Embraces Monstrous Tree Figure with Glowing Eyes.jpeg,De Nuce Maga by Vincent Proce (2024).jpeg,
Illustration - Office Chairs Scattered In Front Of A Burning Building.jpeg,Illustration - Office Chairs Scattered Before a Burning Building with Smoke.jpeg,
Illustration - Oil Painting Of A Classical Bust On Dark Background.jpeg,Illustration - Oil Painting of a Classical Bust on Dark Background.jpeg,
Illustration - Oil Painting Of A Green Drink In A Plastic Cup With Logo.jpeg,Baja Blast by Noah Verrier.jpeg,
Illustration - Oil Painting of Pink Roses in a Garden.jpg,Illustration - Oil Painting of Pink Roses in a Garden.jpg,
Illustration - Oil Portrait of a Woman with Dark Curly Hair and White Headband by ALDO.jpg,Grace by Aldo.jpg,
Illustration - Ornate Female Figure With Multiple Eyes And Elaborate Headdress by mogarism.jpg,Illustration - Ornate Figure With Multiple Eyes And Elaborate Headdress.jpg,
"Illustration - Outdoor Installation With Fire, Water, And A Studiologic Keyboard.jpg",Konoyo by Tim Hecker (2018).jpg,
Illustration - Outdoor Sculpture Resembling Torii Gate Made From Speakers.jpg,The Karaoke Torii Gate by Benoît Maubrey (2019).jpg,
Illustration - Outdoor Sculpture of Giant Computer Keyboard Keys on Grassy Hill.jpeg,Illustration - Outdoor Sculpture of Giant Computer Keyboard Keys on Grassy Hill.jpeg,
Illustration - Outline Drawing Of A Dog On A Leash.jpg,Portrait of a Dog by Jonah Yano (2023).jpg,
Illustration - Overhead View Of A Spiral Staircase With Patterned Floor.jpeg,Illustration - Overhead View Of A Spiral Staircase With Patterned Floor.jpeg,
Illustration - Painted Portrait of a Man with Multiple Eyes and Anatomical Sketches.png,Illustration - Painted Portrait of Man with Multiple Eyes and Anatomical Sketches by Michele Petrelli.png,
Illustration - Painting of FBI Tactical Vehicle in Suburban Street with Boy on Bicycle.jpg,Illustration - FBI Tactical Vehicle in Suburban Street with Boy on Bicycle.jpg,
Illustration - Painting of Figures on Horseback Leading a Crowd Under Dark Sky.jpeg,Illustration - Two Figures on Horseback Lead a Crowd Under Dark Sky.jpeg,
Illustration - Painting of Peter Falk as Columbo in a crowd.jpeg,Illustration - Painting of Peter Falk as Columbo in a crowd.jpeg,
Illustration - Painting of Red Rock Desert Cliffs with Small Structure.jpg,Illustration - Painting of a Large Red Rock Cliff with a Small Building.jpg,
Illustration - Painting of Two Figures in a Motel Room.jpg,Illustration - Impressionistic Painting of Two Figures in a Motel Room by Jordan Sullivan.jpg,
Illustration - Painting of a Blonde Girl with Yellow Eyes and a Monster Behind Her.jpg,Illustration - Blonde Girl With Yellow Eyes And Monsters Behind Her.jpg,
Illustration - Painting of a Person with Long Hair at a Table.jpeg,Illustration - Painting of a Person with Long Hair at a Table.jpeg,
Illustration - Painting of a Sleeping Figure Wrapped in a Floral Blanket.jpeg,Illustration - Painting of a Sleeping Figure Under a Floral Blanket.jpeg,
Illustration - Painting of a Street Scene with a Car and Buildings.jpeg,Illustration - Painting of a Sunny Street Scene with a Dark Car.jpeg,
"Illustration - Painting of a Woman in a Bedroom, Seen from Behind.jpg","Illustration - Woman in Underwear Standing in Bedroom, Seen From Behind.jpg",
Illustration - Painting of a crumpled note with 'I Love You' text.jpeg,Illustration - Painting of a Crumpled Note with Handwritten 'I Love You' Text.jpeg,
"Illustration - Painting of a long, arched hallway with perspective.jpeg",Illustration - Painting of a Long Arched Hallway with Strong Perspective.jpeg,
Illustration - Painting of a person sitting in warm light with string lights.jpeg,Illustration - Person Sitting in Warm Light with String Lights.jpeg,
Illustration - Painting of a person sleeping in bed with dog-patterned sheets.jpeg,Illustration - Person Sleeping in Bed with Dog-Patterned Sheets.jpeg,
Illustration - Painting of a woman in a field with a cloudy sky.jpeg,Illustration - Painting of a Woman in a Field with a Cloudy Sky.jpeg,
Illustration - Pale Crouching Figure Beneath Red Wall Hanging With Tiger.jpg,Illustration - Pale Crouching Figure Beneath Red Wall Hanging With Tiger.jpg,
Illustration - Panda Bear Resting on Bookshelf in Library.jpeg,Illustration - Panda Bear Resting on Bookshelf Filled with Red and White Books.jpeg,
Illustration - Parody Title Page of Das Kapital with Modern Text.png,Image - Parody Title Page of Das Kapital with Modern Text.png,
Illustration - Pen And Ink Drawing Of A Warrior With A Katana.png,Miyamoto Musashi by Noriyoshi Ohrai.png,
Illustration - Pen And Marker Sketch Of A Woman's Head With Hatching.jpeg,Illustration - Hatched Pen and Marker Portrait of a Woman's Head.jpeg,
Illustration - Pen-and-Ink Self-Portrait With a Thought Bubble.jpg,Illustration - Pen-and-Ink Self-Portrait of a Man with Glasses and a Thought Bubble by Maxon Crumb.jpg,
"Illustration - Pencil Drawing Instructions: Sharpening, Holding, Strokes, and Sketching a House by A.L. Guptill.jpg","Illustration - Pencil Sharpening, Holding, Strokes, and Step-by-Step House Sketch.jpg",
Illustration - Pencil Drawing of Male Head with Proportional Construction Lines.jpg,Illustration - Pencil Drawing of Male Head with Proportional Construction Lines.jpg,
Illustration - Pencil Drawing of a Fantasy Castle and Bridge on a Hill.jpg,Illustration - Pencil Drawing of a Fantasy Castle and Bridge on a Hill.jpg,
Illustration - Pencil Drawing of a Laughing Woman with Ponytail.jpg,Illustration - Pencil Drawing of a Laughing Woman with Ponytail.jpg,
Illustration - Pencil Drawing of a Woman's Head and Shoulders by Pepe Gonzalez.jpg,Illustration - Pencil Drawing of a Woman's Head and Shoulders by Pepe Gonzalez.jpg,
Illustration - Pencil Sketch Of A Running Cheetah With Motion Blur.jpg,Illustration - Pencil Sketch of Running Cheetah with Motion Blur.jpg,
Illustration - Pencil Sketch of Modern Building Entrance with Parking Sign.jpg,Illustration - Pencil Sketch of Modern Building Entrance with Parking Sign.jpg,
Illustration - Pencil Sketch of Various Fantasy-Sci-Fi Character Designs.png,Illustration - Pencil Sketch of Various Fantasy and Sci-Fi Character Designs.png,
Illustration - Pencil Sketch of an Elderly Man with Turban and Long Beard.png,Illustration - Pencil Sketch of an Elderly Man with Turban and Long Beard.png,
Illustration - Pencil Sketch of an Interior Room with Balcony View.jpg,Illustration - Pencil Sketch of an Interior Room with Balcony View.jpg,
Illustration - People By Pool At Night Under Orange Trees.jpg,Illustration - People By Pool At Night Under Orange Trees by Leonard Koscianski.jpg,
"Illustration - People Gathered Around Retro Computers Displaying Symbols, Lit By Candles.jpeg","Illustration - People Gathered Around Retro Computers Displaying Symbols, Lit By Candles.jpeg",
"Illustration - People In Dimly Lit Cafe, One Reading A Book.jpeg",Reader by Simon Leclerc (2025).jpeg,
Illustration - People Playing Slot Machines in a Casino with Green Light.jpg,Alert Alert by Jordan Sullivan (2020).jpg,
Illustration - Pepe The Frog And Character Staying Cool With Fan And Drinks.gif,Image - Pepe The Frog And Character Drinking In Cool Zone.gif,
Illustration - Person In Brace Position On An Airplane Safety Card.jpg,Illustration - Illustration of a Person in Brace Position on Airplane Safety Card.jpg,
Illustration - Person Lying on Rocky Beach with Seagulls and Crashing Waves.jpg,Ulysses and the Sirens by John William Waterhouse (1890).jpg,
Illustration - Person Playing Online Card Game at Night.jpg,Illustration - Person Playing Online Card Game at Night.jpg,
Illustration - Person Revealing Glowing Heart To Skeleton Under Starry Night Sky.jpeg,Illustration - Person Reveals Glowing Heart To Skeleton Under Starry Sky.jpeg,
Illustration - Person Slumped Over Bloody Desk in Messy Room.jpg,Illustration - Person Slumped Over Bloody Desk in Messy Room.jpg,
Illustration - Person Stretching At Desk In Sunlit Room.jpeg,Illustration - Person Stretching At Desk In Sunlit Room.jpeg,
Illustration - Person Walking Up Stairs Towards Large Cloud in Blue Sky.jpg,Illustration - Person Walking Up Stairs Towards Large Cloud in Blue Sky by Seong Ryul.jpg,
Illustration - Person in White Coat Walking in Rain with Pigeon.jpeg,Illustration - Person in White Coat Walking in Rain with Pigeon.jpeg,
Illustration - Pink Horned Creature With Garbled Text And Fire.png,Image - Pink Horned Creature With Garbled Text And Fire.png,
Illustration - Pixel Art Drawing of a White Character in Blue Jester Outfit Smoking Cigar.png,Illustration - Pixel Art of White Character in Blue Jester Outfit Smoking Cigar.png,
Illustration - Pixel Art Hourglass Icon on Teal Background.png,Illustration - Windows Wait Cursor.png,
Illustration - Pixel Art Illustration of Skeletal Demon and Haloed Figure.png,Illustration - Pixel Art of Skeletal Demon and Haloed Figure.png,
Illustration - Pixel Art Illustration of a Standing Lion with a Mane.png,Illustration - Pixel Art Illustration of a Standing Lion with a Mane.png,
Illustration - Pixel Art Illustration of a Woman with Hair in a Bun.png,Illustration - Pixel Art Illustration of Woman with Hair in Bun.png,
Illustration - Pixel Art Isometric View of Building Interior with Staircase and Figure.png,Illustration - Isometric Pixel Art Building Interior with Staircase and Faint Figure.png,
Illustration - Pixel Art Knight Resting by Bonfire and Sword.gif,Illustration - Pixel Art Knight Resting by Bonfire and Sword.gif,
Illustration - Pixel Art Of Figure In Tunnel And Arched View.png,Illustration - Pixel Art Of Figure In Tunnel And Arched View.png,
Illustration - Pixel Art Potted Plant With Red Flowers.png,Illustration - Pixel Art Potted Plant With Red Flowers.png,
Illustration - Pixel Art Tropical Beach with Palm Trees and Ocean.gif,Illustration - Pixel Art Tropical Beach with Palm Trees and Ocean.gif,
Illustration - Pixel Art of Armored Knight in Computer Window.png,Illustration - Pixel Art Armored Knight in Computer Window on Red Background by John Provencher.png,
Illustration - Pixel Drawing Of A Gray Elephant In A Yellow And Blue Landscape.png,Illustration - Pixel Drawing Of A Gray Elephant In A Yellow And Blue Landscape by Terry A. Davis.png,
Illustration - Pixelated Arm And Hand Reaching Across A Gradient.gif,Illustration - Black And White Pixelated Arm Reaching Out by Mattis Dovier.gif,
Illustration - Pixelated Black And White Image Of A Woman In A Dress.png,Illustration - Pixelated Black And White Image Of A Woman In A Dress.png,
Illustration - Pixelated Figure In Dark Hooded Armor Holding A Sword.jpg,Illustration - Pixelated Figure In Dark Hooded Armor Holding Sword.jpg,
Illustration - Pixelated Green Dragon Creature on Magenta Background.png,Illustration - Pixelated Green Dragon-like Creature on Magenta Background.png,
Illustration - Pixelated Hand With Red And Yellow Highlights On Dark Background.png,Illustration - Pixelated Hand With Red And Yellow Highlights On Dark Background.png,
"Illustration - Pixelated Hands Reaching, Nokia Logo on Green Background.jpeg",Illustration - Pixelated Hands Reaching with Nokia Logo on Green Background.jpeg,
Illustration - Pixelated Painting of a Vintage Red and White Car.jpeg,Illustration - Pixelated Painting of a Vintage Red and White Car.jpeg,
"Illustration - Pixelated, Colorful, Fragmented Figure with 'NOW IS NEVER' Text.gif","Illustration - Pixelated, Colorful, Fragmented Figure with 'NOW IS NEVER' Text.gif",
Illustration - Portrait Of A Man In A Wig And Brown Coat.jpeg,Illustration - Portrait of a Man in Brown Coat and White Wig.jpeg,
Illustration - Portrait Painting Of A Man With White Wig And Blue Coat.jpeg,Illustration - Portrait Painting Of A Man With White Wig And Blue Coat.jpeg,
Illustration - Portrait Painting of a Man in Clerical Attire.jpeg,Illustration - Portrait Painting of a Man in Clerical Attire.jpeg,
Illustration - Portrait of a Man in Red Military Uniform.jpeg,Illustration - Portrait of a Man in Red Military Uniform.jpeg,
Illustration - Portrait of a Woman in Black Dress and White Shawl.jpeg,Illustration - Portrait of a Woman in Black Dress and White Shawl.jpeg,
Illustration - Portrait of a Woman in a White Dress.jpeg,Illustration - Portrait of a Woman in a White Dress.jpeg,
Illustration - Portrait of a Young Man Holding Papers.jpeg,Illustration - Portrait of a Young Man in Brown Coat Holding Papers.jpeg,
Illustration - Portraits of AI Pioneers from Dartmouth Conference.jpeg,Illustration - Dartmouth Conference: The Founding Fathers of AI.jpeg,
Illustration - Princess Peach DJing and Smoking at a Crowded Rave.jpeg,Illustration - Princess Peach DJing and Smoking at a Crowded Rave.jpeg,
Illustration - Promotional Poster for Arca & Jesse Kanda Event at MoMA PS1 by Arca & Jesse Kanda.jpg,Illustration - Two Abstract Red And White Organic Figures On Black Background.jpg,
Illustration - Psychedelic Digital Landscape with Colorful Trees and Abstract Shapes.jpg,Illustration - Psychedelic Digital Landscape with Colorful Trees and Abstract Shapes.jpg,
Illustration - Psychedelic Floral Pattern with Pink and Blue Marbled Background.jpg,Illustration - Psychedelic Floral Pattern with Pink and Blue Marbled Background.jpg,
"Illustration - Psychedelic Illustration of Woman, DNA, Fetus, and Cosmic Elements by Callie Pink.jpg","Illustration - Colorful Psychedelic Woman, Fetus, DNA, and Cosmic Elements.jpg",
Illustration - Psychedelic Illustration of a Fluffy Cat with Blue Eyes.jpg,Illustration - Psychedelic Cat with Blue Eyes and Wavy Background by Louis Wain.jpg,
Illustration - Rabbits and Trees on a Musical Score.jpg,Rabbits between the staves (c. 1540-50).jpg,
Illustration - Realistic Painting of a Large Manila Envelope with Metal Clasp.jpeg,Illustration - Realistic Painting of a Large Manila Envelope with Metal Clasp.jpeg,
Illustration - Red Human Figure with Atomic Orbits Held by Giant Hand.jpeg,Illustration - Red Human Figure with Atomic Orbits Held by Giant Hand.jpeg,
Illustration - Red Pencil Sketch of Nude Woman with Striped Markings Holding Rodent.jpg,Illustration - Red Pencil Sketch of Striped Nude Woman Holding Rodent.jpg,
Illustration - Red-Haired Girl With Glasses At Vintage Computer Desk by pepe_salot.png,Illustration - Red-Haired Girl With Glasses At Vintage Computer Desk by pepe_salot.png,
Illustration - Religious Painting of Figures in Flowing Robes.jpeg,Illustration - Painting of Multiple Figures in Colorful Draped Robes.jpeg,
Illustration - Religious Painting of a Woman with Halo and Angels.jpeg,"Illustration - Religious Painting of Woman with Halo, Angels, and Gold Background.jpeg",
Illustration - Retro-futuristic LaserDisc Promotional Poster.jpeg,Illustration - Retro-futuristic LaserDisc Promotional Poster with a Colorful Disc and Laser Beam.jpeg,
Illustration - River Landscape With Waterfall And Mountains At Sunset.jpeg,Illustration - River Landscape with Waterfall and Mountains at Sunset.jpeg,
Illustration - Road Leading to Mesa Under Orange Sky and Large Sun.jpeg,Illustration - Road Leading to Mesa Under Orange Sky and Large Sun.jpeg,
Illustration - Roblox Character Watches Comet Approach Floating Island With House.jpeg,Illustration - Roblox Character Watches Comet Approach Floating Island With House.jpeg,
Illustration - Sad Robot Surrounded by Derogatory Terms.jpeg,Illustration - Sad Robot Surrounded by Derogatory Terms on White Paper.jpeg,
Illustration - Saint and Monk Before Walled City with Flying Demons.jpg,Saint Francis Expelling the Devils.jpg,
Illustration - Sanskrit Calligraphy In Red And Brown Ink.jpg,Illustration - Sanskrit Calligraphy In Red And Brown Ink.jpg,
Illustration - Satellite View of San Francisco Bay Area by East of Nowhere.jpeg,Illustration - Satellite View of San Francisco Bay Area and Surrounding Landscape by East of Nowhere.jpeg,
Illustration - Scribbled Line Drawing Of A Face.jpg,Illustration - Scribbled Line Drawing Of A Distorted Face.jpg,
Illustration - Seamless Pattern of Green Spotted Frogs and Lizards.jpg,Illustration - Seamless Pattern of Green Spotted Frogs and Lizards on Black.jpg,
"Illustration - Semi-truck, Elephant, Whale Converging On Pioneer Optical Disk With Text.jpg","Illustration - Semi-truck, Elephant, Whale Converging On Pioneer Optical Disk With Text.jpg",
Illustration - Shrek Smoking With Anime Girl Leaning On Shoulder.jpg,Illustration - Monochrome Illustration of Shrek Smoking with Frieren Leaning.jpg,
Illustration - Side Profiles of White Crossover SUVs by Brand.jpeg,Illustration - Side Profiles of White Crossover SUVs by Brand.jpeg,
Illustration - Silhouetted Figure Under Sheet Against Red Industrial Landscape.jpg,Illustration - In The Night by Kii Arens.jpg,
Illustration - Simple Line Drawing Of A Bent-Over Figure.jpeg,Illustration - Simple Line Drawing of Bent-Over Figure.jpeg,
Illustration - Simple Line Drawing Of A Person With Messy Hair And Glasses.png,Illustration - Simple Line Drawing of a Person with Messy Hair and Glasses.png,
Illustration - Simple Line Drawing of Girl at Computer with Big Bow.jpg,Illustration - Line Drawing of Girl at Computer with Big Bow.jpg,
Illustration - Simple Line Drawing of Winged Figure with Clasped Hands.jpeg,Illustration - Simple Line Drawing of Winged Figure with Clasped Hands.jpeg,
Illustration - Sketch Of A Cluttered Interior Room From First-Person Perspective.jpg,the living room by Paul Heaston (2009).jpg,
Illustration - Sketch of a Person with Hair Tied Back.jpg,Illustration - Sketch of a Person with Dark Hair Tied Back.jpg,
Illustration - Sketch of a Person's Head with Grey Rectangle Obscuring Face.gif,Illustration - Sketch of a Person's Head with Grey Rectangle Obscuring Face.gif,
Illustration - Sketchbook Page With Pen And Ink Nature Drawings And Timer.png,Illustration - Sketchbook Page with Pen and Ink Nature Drawings and Timer.png,
Illustration - Sketchbook Page with Various Character Studies and a Ram's Head.jpg,Illustration - Sketchbook Page with Multiple Character Studies and a Ram's Head.jpg,
Illustration - Sketches of Figures in Military Uniforms.jpeg,Illustration - Pencil Sketches of Figures in Military Uniforms.jpeg,
Illustration - Skull-like Sun Setting Over Forest.jpg,Illustration - Skull-like Sun Setting Over Dark Forest.jpg,
Illustration - Sleeping Cat With Small Bird.jpg,Cat and Small Bird by Toshi Yoshida.jpg,
Illustration - Small White House With Red Roof In Green Field.jpeg,"Illustration - Distant White House With Red Roof In Green Field, Circular View.jpeg",
Illustration - Smiling Woman in Striped Shirt with Abstract Background and Kitchen Items.jpeg,Illustration - Smiling Woman in Striped Shirt with Abstract Background and Kitchen Items.jpeg,
Illustration - Sperm Being Injected Into An Egg Cell.jpeg,Illustration - Sperm Being Injected Into An Egg Cell.jpeg,
Illustration - Spiked Crocodilian Monster Holding Two Axes.jpg,Illustration - Black and White Spiked Crocodilian Monster Holding Two Axes.jpg,
Illustration - Spiritual Scene of Buddha-like Figure with Lotus Flowers and Ethereal Beings.jpg,Illustration - Buddha-like Figure with Lotus Flowers and Ethereal Beings.jpg,
Illustration - Split Image Of Tree Rings And Fingerprint.jpg,Illustration - Split Image of Tree Rings and Fingerprint Patterns.jpg,
"Illustration - Stacked Glass Jars With Tree Branches Inside, Against A White Wall.jpg","Illustration - Stacked Glass Jars With Tree Branches Inside, Against A White Wall.jpg",
Illustration - Stick Figures Walking On Colored Lines With Text.jpg,Illustration - It's a Miracle We Ever Met by Hallie Bateman.jpg,
Illustration - Still Life Painting Of Various Bottles And Containers.jpg,Illustration - Still Life Painting of Bottles and Containers in Earth Tones.jpg,
Illustration - Still Life Painting of Bottle and Glass with Muted Colors.jpg,Illustration - Still Life Painting of Bottle and Glass with Muted Colors.jpg,
Illustration - Still Life Painting of Bottles and a Bowl.jpg,Illustration - Still Life Painting of Bottles and a Bowl.jpg,
Illustration - Still Life Painting of Red Grapes.jpeg,Illustration - Still Life Painting of Red Grapes and Leaves.jpeg,
Illustration - Still Life Painting of Various Vessels and Objects.jpg,Illustration - Still Life Painting of Various Vessels and Objects by Giorgio Morandi.jpg,
Illustration - Still Life With Two Vases Of Flowers.jpeg,Illustration - Textured Painting of Two Vases with Colorful Flowers.jpeg,
"Illustration - Still Life with Pears, Apples, and Walnuts on White Cloth.jpg","Illustration - Still Life with Pears, Apples, and Walnuts on White Cloth.jpg",
"Illustration - Still Life with White Vase, Cylindrical Jar, Bowl, Cloth.jpg","Illustration - Still Life with White Vase, Jar, Bowl, Green Block, Yellow Cloth.jpg",
Illustration - Stippled Illustration of Stylized Person with Stars and Concentric Circles.jpg,Illustration - Stippled Illustration of Stylized Person with Stars and Circles.jpg,
"Illustration - Stylized Bamboo Plants, Abstract Shapes, Blue Circle, Halftone Background.png","Illustration - Stylized Bamboo Plants, Abstract Shapes, Blue Circle, Halftone Background.png",
Illustration - Stylized Black And White Abstract Symbol With Central Arch And Rays.jpg,Illustration - Stylized Black And White Abstract Symbol by Sleep Token.jpg,
Illustration - Stylized Black And White Illustration Of Two Figures.png,Illustration - Stylized Black And White Illustration Of Two Figures.png,
Illustration - Stylized Blue City With Angel Statue And Glowing Data Grid.jpeg,Illustration - Stylized Blue City With Angel Statue And Glowing Data Grid.jpeg,
Illustration - Stylized Blue Figures Dancing Under Red Sky.jpg,Illustration - Stylized Blue Figures Dancing Under Red Sky with Onlookers.jpg,
Illustration - Stylized Blue Flowers with Halftone Geometric Background and Pink Painted Element.jpeg,Illustration - Halftone Blue Flowers on Geometric Background with Pink Painted Element.jpeg,
Illustration - Stylized Blue and Green Illustration of Human Head with Internal Structures.jpeg,Illustration - Stylized Blue and Green Human Head with Internal Structures.jpeg,
Illustration - Stylized Broken Heart Illustration with Two Scenes and Caution-Taped Figures.jpg,Illustration - Stylized Broken Heart Illustration with Two Scenes and Caution-Taped Figures.jpg,
Illustration - Stylized City Skyline and Highway with Cars at Dusk.jpeg,Illustration - Stylized City Skyline and Highway with Cars at Dusk.jpeg,
"Illustration - Stylized Coastal Landscape with Wildflowers, Grassy Hills, and Bay.png","Illustration - Stylized Coastal Landscape with Wildflowers, Grassy Hills, and Bay.png",
Illustration - Stylized Eye With Radiating Lines And Cloud Shapes.jpg,Illustration - Stylized Eye With Radiating Lines And Cloud Shapes.jpg,
Illustration - Stylized Female Figure with Flowing Hair and Colorful Stars.jpg,Illustration - Stylized Female Figure with Flowing Hair and Colorful Stars.jpg,
Illustration - Stylized Figure Holding Phone Surrounded By Stars.jpeg,Illustration - Stylized Figure Holding Phone Surrounded By Stars.jpeg,
Illustration - Stylized Figure Picking Cotton with Red Sun and Arrow Sign.jpeg,"Illustration - Stylized Figure Picking Cotton, Red Sun, and Arrow Sign.jpeg",
"Illustration - Stylized Figure With Yellow Hair, Red Eyes, And Red Coat.png","Illustration - Stylized Figure With Yellow Hair, Red Eyes, And Red Coat.png",
"Illustration - Stylized Figures In Room With Arched Window, Textured Print.jpg",Illustration - Stylized Figures In Room With Arched Window.jpg,
Illustration - Stylized Figures in Circular and Mirrored Arrangement.jpeg,Illustration - Stylized Nude Figures in Circular and Mirrored Arrangement.jpeg,
Illustration - Stylized Figures of Horse Riders with Long Shadows.jpeg,Illustration - Stylized Figures of Horse Riders with Long Shadows.jpeg,
Illustration - Stylized Girl Surrounded By Hello Kitty Characters.jpeg,Illustration - Stylized Girl As Tomie Surrounded By Hello Kitty Characters by Junji Ito.jpeg,
Illustration - Stylized Glitchy Head on Blue Background.jpg,Illustration - Stylized Glitchy Head on Blue Background.jpg,
Illustration - Stylized Green and White Pictogram of The Last Supper.jpeg,Illustration - Stylized Green and White Pictogram of The Last Supper.jpeg,
Illustration - Stylized Grey Electronic Musical Instrument Interface with Hexagonal Display.png,Illustration - Stylized Grey Electronic Musical Instrument with Hexagonal Display.png,
Illustration - Stylized Hands Interacting With Electronic Components In Vibrant Colors.jpg,"Illustration - Stylized Hands Interacting With Electronic Components, Vibrant Colors.jpg",
"Illustration - Stylized House, Figures, And Framed Mechanical Drawings On Fabric.jpg","Illustration - Stylized House, Figures, And Framed Mechanical Drawings On Fabric.jpg",
Illustration - Stylized Human Figure Made of Interconnected Lines.jpeg,Illustration - Stylized Human Figure Made of Interconnected Lines on Textured Paper.jpeg,
Illustration - Stylized Illustration Of A Football Stadium Corner With Spectators.jpg,Illustration - Stylized Football Stadium Corner With Player And Many Spectators.jpg,
Illustration - Stylized Illustration Of Man Bending Over With Text.png,Image - Stylized Man Bending Over With Text (You) Lost It.png,
"Illustration - Stylized Illustration of Figures, Buildings, and Fire in Red and Blue.png","Illustration - Stylized Red and Blue Illustration of Figures, Buildings, and Flames by REDMAN ITOSHIMA.png",
"Illustration - Stylized Illustration of Two Figures, Woman Holding FBI Badge by Pigsbliss.jpeg","Illustration - Stylized Illustration of Two Figures, Woman Holding FBI Badge by Pigsbliss.jpeg",
"Illustration - Stylized Landscape with Three Horsemen, Lake, and Mountains.jpg","Illustration - Stylized Landscape with Three Horsemen, Lake, Mountains, and Castle.jpg",
Illustration - Stylized Man With Large Mustache Holding Sword Against Red Background.jpg,Illustration - Stylized Man With Large Mustache Holding Sword Against Red Background.jpg,
Illustration - Stylized Night Scene with Palm Trees and Figures by Raul Lovisoni-Francesco Messina.jpg,Illustration - Prati Bagnati Del Monte Analogo by Raul Lovisoni and Francesco Messina.jpg,
Illustration - Stylized Numbers 1-7 Using Vertical Lines on Grey Background.jpeg,Illustration - Stylized Numbers 1-7 Using Vertical Lines on Grey Background.jpeg,
Illustration - Stylized Office Desk with Computer and Filing Cabinets.webp,"Illustration - Stylized Office Desk with Computer, Filing Cabinets, and Hands.webp",
Illustration - Stylized Person With PlayStation Shirt Looking Into Refrigerator With Kitchen Fire.jpg,"Illustration - Stylized Person In PlayStation Shirt Looks Into Refrigerator, Kitchen Fire.jpg",
Illustration - Stylized Portrait of a Man with Glasses and Orange Jacket.png,Illustration - Stylized Portrait of a Man with Glasses and Orange Jacket.png,
Illustration - Stylized Portrait of a Person with Glasses and Bamboo Background.png,Illustration - Stylized Portrait of Person with Glasses and Bamboo Background.png,
Illustration - Stylized Portrait of a Person with Green Eyes and Orange Garment.png,Illustration - Stylized Portrait of Person with Green Eyes and Orange Garment.png,
Illustration - Stylized Portrait with Topographic Lines and Golden Hues.jpg,Illustration - Stylized Portrait with Topographic Lines and Golden Hues.jpg,
Illustration - Stylized Red Figure With Yellow Goggles And Water Effects.jpg,Illustration - Stylized Red Figure With Yellow Goggles And Water Effects by Sonoko Arai.jpg,
Illustration - Stylized Red Poppies In Three Vases On Red Table.jpeg,Illustration - Stylized Red Poppies In Three Vases On Red Table.jpeg,
"Illustration - Stylized Students Running, Throwing Paper Airplanes Near Train.jpeg","Illustration - Stylized Students Running, Throwing Paper Airplanes Near Train by Shikishima Kuon.jpeg",
Illustration - Stylized Theatrical Set Model with Asian Architectural Elements.jpeg,Image - Stylized Theatrical Set Model with Asian Architectural Elements.jpeg,
Illustration - Stylized View of Long Beach Lighthouse and Memorial Bench.png,Illustration - Stylized View of Lighthouse on Hill with Memorial Bench.png,
Illustration - Stylized Village Church In Mountain Landscape.jpg,Illustration - Stylized Village Scene With Church And Mountains.jpg,
Illustration - Sumi-e Ink Painting of a Black Cat with Green Eyes.jpeg,Hooked Tail by Toshiyuki Enoki (2014).jpeg,
Illustration - Sunlit Bedroom with French Doors and Pink Bedspread.jpg,Illustration - Sunlit Bedroom with Large Window and Pink Bedspread.jpg,
Illustration - Sunlit Interior of a Cafe or Restaurant with Arched Windows.png,Illustration - Sunlit Interior of a Cafe with Arched Windows and Wooden Furniture.png,
Illustration - Surreal Black And White Ink Drawing With Figures Smoking.png,Illustration - Surreal Black And White Ink Drawing Of Smoking Figures.png,
"Illustration - Surreal Collage with Highway, Face, Phone, and Mushroom.jpeg","Illustration - Surreal Collage with Highway, Face, Phone, and Mushroom.jpeg",
Illustration - Surreal Fantasy Landscape with Elaborate Castle and Strange Creatures.jpeg,Illustration - Vibrant Surreal Fantasy Landscape with Elaborate Castle.jpeg,
Illustration - Surreal Illustration of Purple-Skinned Figures and Spiked Vehicle.jpeg,Illustration - Surreal Illustration of Purple-Skinned Figures and Spiked Vehicle.jpeg,
Illustration - Surreal Image Of Dog-Like Creatures And Cosmic Patterns.jpeg,Illustration - Surreal DeepDream Image of Multi-Eyed Dog-Like Creatures in Space by Google DeepDream.jpeg,
Illustration - Surreal Line Drawing of Abstract Figures and Symbols.jpg,"Illustration - Surreal Line Drawing of Abstract Figures, Symbols, and a Crescent Moon.jpg",
"Illustration - Surreal Mixed-Media Sculpture with Melting Flowers, Snails, and Electronic Components by Tetsumi Kudo.jpg","Illustration - Surreal Mixed-Media Sculpture with Melting Flowers, Snails, and Electronic Components by Tetsumi Kudo.jpg",
Illustration - Surrealist Painting with Draped Black Form and Chalk-Drawn Figures.jpeg,Illustration - Surreal Painting with Draped Dark Form and Various Figures.jpeg,
Illustration - Swimming Pool With Palm Trees And Ocean View.jpg,Illustration - Stylized Swimming Pool with Palm Trees and Ocean View by Hiroshi Nagai.jpg,
Illustration - Teal Hatching Illustration of a Woman's Face with Red Lips.jpeg,Illustration - Teal Hatching Illustration of a Woman's Face with Red Lips.jpeg,
Illustration - Text Art Forming Wavy Pattern with 'Haha' and 'Aha'.jpeg,Illustration - Text Art Forming Wavy Patterns with 'Haha' and 'Aha'.jpeg,
Illustration - Textured Painting of a River Landscape with Bridge and Tower.jpeg,Illustration - Textured Painting of a River Landscape with Bridge and Tower.jpeg,
Illustration - The Beastmaster by Renato Casaro.jpg,Illustration - The Beastmaster by Renato Casaro.jpg,
Illustration - The Bride & The Lindorm.jpg,Illustration - The Bride & The Lindorm by Henry Justice Ford.jpg,
Illustration - Three Anime Characters In Pilot Suits Against Golden Background by Yoshiyuki Sadamoto.jpg,Illustration - Three Anime Characters In Pilot Suits Against Golden Background by Yoshiyuki Sadamoto.jpg,
Illustration - Three Fantasy Warriors Fighting a Large Black Feline Beast.jpg,Illustration - Three Fantasy Warriors Fighting a Large Black Feline Beast.jpg,
Illustration - Three Figures Sheltering From Rain Under A Structure.png,Illustration - Three Figures Sheltering From Rain Under A Structure.png,
Illustration - Three Monkey-Like Figures Playing Instruments Amidst Falling Petals.jpg,Illustration - Three Monkey-Like Figures Playing Instruments Amidst Falling Petals.jpg,
Illustration - Three Soldiers Grilling Yakiniku and Drinking Beer.jpeg,Illustration - Three Soldiers Grilling Yakiniku and Drinking Beer.jpeg,
Illustration - Three Women With Black Hair And Red Lips In A Pink Frame.jpg,Illustration - Three Women With Black Hair And Red Lips In Pink Frame.jpg,
"Illustration - Three Women in Flowing Garments, Central Figure Holding Sword.jpeg","Illustration - Three Women in Flowing Garments, Central Figure Holding Sword.jpeg",
Illustration - Tibetan Thangka Painting Of Red Buddha Figure.jpg,Illustration - Tibetan Thangka Painting of Red Amitābha Buddha.jpg,
Illustration - Two Alien-Like Creatures in a Forest with Mechanical Elements.jpeg,Illustration - Two Stylized Alien Creatures in a Forest with Mechanical Details.jpeg,
"Illustration - Two Ancient Figures, One Horned, One Animal-Headed, Holding Weapons.jpg","Illustration - Two Warriors, One Horned, One Wolf-Headed, Holding Weapons by Heinrich Wilhelm Brinckmann Thiersch.jpg",
Illustration - Two Anime-Style Characters Playing Guitars With Cats by Sel.jpg,Illustration - Two Anime-Style Characters Playing Guitars With Cats by Sel.jpg,
Illustration - Two Anthropomorphic Characters Playing on a Playground Structure.jpg,Illustration - Two Anthropomorphic Characters Playing on a Playground Structure.jpg,
Illustration - Two Balaclava-Clad Figures Holding Cats.jpeg,Illustration - Two Balaclava-Clad Figures Holding Cats.jpeg,
Illustration - Two Cartoon Figures On Winding Paths With Text Below.jpeg,Illustration - Two Cartoon Figures on Winding Paths with Text.jpeg,
Illustration - Two Children With Cats In A Junkyard Setting.jpg,Illustration - Two Children And Cats In A Junkyard Setting.jpg,
"Illustration - Two Children With Guitar And Amplifier, One Thanks Other For Music.jpg",Illustration - Cartoon Children Thanking Each Other For Music.jpg,
Illustration - Two Figures Embracing on a Couch in a Stylized Painting.jpg,"Illustration - Two Figures Embracing on a Couch, Stylized Painting.jpg",
Illustration - Two Figures Lighting A Cigarette At Sunset By A Lake.jpg,Illustration - Two Figures Lighting Cigarette At Sunset By Lake.jpg,
Illustration - Two Figures Lighting Cigarette Under Porch at Night.jpeg,Warm-Up by Mel Blue.jpeg,
Illustration - Two Figures Observe A Person In A Room With Eye Monitors by Lunarelles.jpg,Illustration - Two Figures Observe White-Haired Person in Room with Eye Monitors by Lunarelles.jpg,
Illustration - Two Figures On A Planet Under A Floating Cylindrical Structure.jpeg,Ye and Travis Scott at SoFi Stadium by Giorgia Rose (2021).jpeg,
"Illustration - Two Figures Overlooking City, One in Goggles, One in Animal Hat.jpg",Illustration - TEKKONKINKREET by Taiyō Matsumoto.jpg,
Illustration - Two Girls Playing Chess Outdoors With Red Drops.jpg,Illustration - Two Girls Playing Chess Outdoors With Red Drops.jpg,
Illustration - Two Ladybugs Kissing on a Green Swirl.jpeg,Illustration - Two Cartoon Ladybugs Kissing on a Green Swirl.jpeg,
Illustration - Two Male Characters in School Uniforms on a Rooftop by Yoshiyuki Sadamoto.jpg,Illustration - Two Male Characters in School Uniforms on a Rooftop.jpg,
Illustration - Two Men In 1980s Neon Grid Background With Text Overlay.jpeg,Image - Two Men In 1980s Neon Grid Background With Text Overlay.jpeg,
Illustration - Two People Walking on Highway Under Fiery Sunset.jpg,Autozone by Jordan Sullivan (2025).jpg,
Illustration - Two Pixelated Demon-Like Figures Operating a Control Panel.jpeg,Illustration - Two Pixelated Demon Figures Operating a Control Panel.jpeg,
Illustration - Two Scribbled Line Drawings: Intertwined Figures and Morgan Freeman Portrait by Vince Low.jpg,Illustration - Two Scribbled Line Drawings: Intertwined Figures and Male Portrait by Adam Riches.jpg,
Illustration - Two Simple Figures With Small Heads And Large Bodies On Text.jpeg,Illustration - Two Simple Figures With Small Heads And Large Bodies.jpeg,
Illustration - Two Students Sharing Earbuds on a Bench at Sunset.png,Illustration - Denji and Asa Sharing Earbuds on a Bench at Sunset by Dollllls2.png,
Illustration - Two Stylized Black Cats on a Pink Background.jpg,Illustration - Two Stylized Black Cats on a Pink Background.jpg,
Illustration - Two Stylized Figures Outlined in Neon Colors with Text.jpg,Illustration - Two Stylized Figures Outlined in Neon Colors with Text.jpg,
Illustration - Two Stylized Figures Relaxing On A Beach by Pure Graphics.jpeg,Illustration - Two Stylized Figures Relaxing On A Beach.jpeg,
Illustration - Two Stylized Figures With Pink Pig Toy And Cake.jpeg,Illustration - Two Stylized Figures With Pink Pig Toy And Cake.jpeg,
Illustration - Two Stylized Figures in Dynamic Pose from a Book.jpeg,Illustration - Two Stylized Figures in Dynamic Pose from a Book.jpeg,
"Illustration - Two Stylized Figures, One With Coffee Cup Head, Kneeling Before Scroll.jpg",Illustration - Two Stylized Figures Kneeling Before Japanese Calligraphy Scroll.jpg,
Illustration - Two Stylized Pink-Haired Figures With Robotic Hands by Ichiro Tanida.jpg,Illustration - Two Stylized Pink-Haired Figures With Robotic Hands by Ichiro Tanida.jpg,
Illustration - Two Women In Coats On Deck With City Skyline by alis.jpg,Illustration - Two Women in Coats on Deck with City Skyline by Alis.jpg,
Illustration - Two Women Walking Past Church's Chicken Restaurant.jpg,The Dive by Joshua Budich (2022).jpg,
"Illustration - Two-Panel Sketch: Hooded Figure on Peak, Then Path with Faces.jpg","Illustration - Two-Panel Sketch: Hooded Figure on Peak, Then Path with Faces.jpg",
Illustration - Typographic Portrait of a Person with a Flat Top Haircut.jpeg,Illustration - Typographic Portrait of a Person with a Flat Top Haircut.jpeg,
"Illustration - Ueber den Schachspieler des Herrn von Kempelen und dessen Nachbildung, Plate III by Joseph Friedrich von Racknitz.jpg","Illustration - Ueber den Schachspieler des Herrn von Kempelen und dessen Nachbildung, Plate III by Joseph Friedrich von Racknitz.jpg",
Illustration - Untitled (10).jpeg,Illustration - Impasto Painting of Superman Lying Down.jpeg,
Illustration - Untitled (11).jpeg,Illustration - Abstract Composition with Geometric and Organic Shapes on Yellow and Brown Backgrounds.jpeg,
Illustration - Untitled (12).jpeg,"Illustration - Abstract Woven Painting with Red, Orange, Blue, and Silver Squares.jpeg",
Illustration - Untitled (13).jpeg,Illustration - Man in Military Uniform Standing in a Camp Setting.jpeg,
Illustration - Untitled (14).jpeg,Malcolm with Keffiyeh by Safia Latif.jpeg,
Illustration - Untitled (2) copy.jpeg,Illustration - Stylized Figures in Yellow and White Around Black Sports Car.jpeg,
Illustration - Untitled (2) copy.jpg,Illustration - Abstract Black And White Figure With Jagged Lines.jpg,
Illustration - Untitled (2).jpeg,Illustration - Framed Oil Painting of a Person with Striped Head Covering.jpeg,
Illustration - Untitled (2).jpg,Illustration - Close-Up of Embossed Buddhist Deity with Gold Jewelry and Halo.jpg,
Illustration - Untitled (3) copy.jpeg,Illustration - Abstract Organic Painting with Swirling Lines and Earthy Tones.jpeg,
Illustration - Untitled (3) copy.jpg,Illustration - Figure Spray-Painting 'TWIST' on a Train Front by Barry McGee.jpg,
Illustration - Untitled (3).jpeg,Illustration - Abstract Painting of Flags and a Child-like Figure.jpeg,
Illustration - Untitled (3).jpg,Illustration - Portrait of a Red-Haired Woman With Glasses Looking Over Shoulder.jpg,
Illustration - Untitled (4) copy.jpeg,Illustration - Abstract Vertical Rainbow Lines Over Textured Wavy Landscape.jpeg,
Illustration - Untitled (4).jpeg,"Illustration - Surreal Painting with Figures, Crabs, Violin, and Playing Cards.jpeg",
Illustration - Untitled (4).jpg,Illustration - Oil Painting of Young Man with Dark Hair and Dramatic Lighting.jpg,
Illustration - Untitled (5).jpeg,Illustration - Abstract Sketch of Deconstructed Form with Vertical Lines.jpeg,
Illustration - Untitled (5).jpg,"Illustration - Black Dog Looking Into Mirror, Reflection Visible.jpg",
Illustration - Untitled (6).jpeg,"Illustration - Abstract Geometric Painting with Blue, Grey, White, and Black Shapes.jpeg",
Illustration - Untitled (6).jpg,Illustration - Silhouette of Person in Forest Looking at Spiral Pattern.jpg,
Illustration - Untitled (7).jpeg,"Illustration - Landscape Painting of Lake, Trees, Mountains, and Sheep.jpeg",
Illustration - Untitled (8).jpeg,Illustration - Misty Mountain Valley with Prominent Tree in Foreground.jpeg,
Illustration - Untitled (9).jpeg,Illustration - Abstract Painting of Red Figure Overlaid on Old Map with Green Foliage.jpeg,
Illustration - Untitled by Amber W. P.jpeg,Illustration - Charcoal Drawing of a Reclining Figure.jpeg,
Illustration - Untitled by B. Johnson.jpeg,Illustration - Two Adults And Child In Ornate Interior.jpeg,
Illustration - Untitled by Benita Mulak.jpg,Illustration - Portrait Of A Woman With Dark Hair And White Blouse.jpg,
Illustration - Untitled by C. Clark.jpeg,Illustration - Textured Portrait Of A Person Smoking A Cigar.jpeg,
Illustration - Untitled by C. H. Wauters.jpg,Illustration - Village By Water Under Cloudy Sky With Animals.jpg,
Illustration - Untitled by Cranio D.A.jpg,Illustration - Graffiti-covered Casio Digital Watch with Paint Splatters by Cranio D.A.jpg,
Illustration - Untitled by Ernest Strauhal.png,"Illustration - Abstract Wavy Lines with Orange, Pink, and Teal Colors.png",
Illustration - Untitled by Eugene Von Bruenchenhein (2).jpeg,Illustration - Symmetrical Abstract Geometric Drawing with Lines and Dots on Grid by Eugene Von Bruenchenhein.jpeg,
Illustration - Untitled by Eugene Von Bruenchenhein (3).jpeg,Illustration - Abstract Geometric Drawing with Lines and Dots by Eugene Von Bruenchenhein.jpeg,
Illustration - Untitled by Eugene Von Bruenchenhein.jpeg,Illustration - Complex Symmetrical Geometric Design on Grid Paper with Lines and Dots.jpeg,
Illustration - Untitled by G.C. Quinn.jpeg,Illustration - Lighthouse And Buildings Under A Blue Sky.jpeg,
Illustration - Untitled by Giorgio Morandi.jpg,Illustration - Still Life With Bottles And Containers by Giorgio Morandi.jpg,
Illustration - Untitled by H. Dawson.jpeg,Illustration - Abstract Geometric Forms in Red and Brown Hues.jpeg,
Illustration - Untitled by Hiroshi Nagai.jpg,"Illustration - Stylized Landscape with Fields, Trees, Road, and Purple Sky by Hiroshi Nagai.jpg",
Illustration - Untitled by Joey Richardson.jpeg,"Illustration - Abstract Painting with Vibrant Blue, Orange, Yellow, and Pink Hues by Joey Richardson.jpeg",
Illustration - Untitled by Joseph Raphael.jpeg,"Illustration - Impressionistic Landscape Painting with Trees, Fields, and a Figure by Joseph Raphael.jpeg",
Illustration - Untitled by Lee Bontecou.jpg,Illustration - Untitled by Lee Bontecou.jpg,
Illustration - Untitled by Marcel Bonvillain.jpg,Illustration - Portrait Of A Woman In Yellow Shawl And Pearls.jpg,
Illustration - Untitled by Michael Berryhill.webp,Illustration - Colorful Abstract Still Life Painting of Flowers in Basket.webp,
Illustration - Untitled by Pablo Amaringo (2).jpg,Illustration - Vibrant Jungle Scene with Mythical Figures and Shamanic Elements by Pablo Amaringo.jpg,
Illustration - Untitled by Pablo Amaringo.jpg,"Illustration - Three Figures Amidst Vibrant, Patterned Jungle Landscape with Birds.jpg",
Illustration - Untitled by Paul Wackers.jpeg,Illustration - Abstract Geometric Drawing Of Crystal-Like Forms.jpeg,
Illustration - Untitled by Philip Pearlstein.jpeg,Illustration - Portrait of a Man with Glasses and a Bow Tie by Philip Pearlstein.jpeg,
Illustration - Untitled by Shone.95.jpeg,Illustration - Painting of a Grand Theft Auto IV explosion scene by Shone.jpeg,
Illustration - Untitled by Victor Ramirez.jpeg,Illustration - Abstract Geometric Painting With Various Colored Shapes.jpeg,
Illustration - Untitled by Wilhelm Koke.jpeg,Illustration - Mountainous Landscape with Figures and Oxen at Sunset.jpeg,
Illustration - Untitled by Zdzisław Beksiński.jpeg,Illustration - Untitled by Zdzisław Beksiński.jpeg,
Illustration - Untitled by Zdzisław Beksiński.jpg,Illustration - Surreal Painting of Skeletal Figures and Limbs in a Room by Zdzisław Beksiński.jpg,
Illustration - Untitled by Zdzisław Beksiński.png,Illustration - Hooded Blue Figure Kneeling Before Ornate Object In Dark Room by Zdzisław Beksiński.png,
Illustration - Untitled copy 2.jpeg,Konoyo (2018).jpeg,
Illustration - Untitled copy.jpeg,Illustration - Oil Painting of Computer Monitor Displaying Counter-Strike Game by Lucian Prună.jpeg,
Illustration - Untitled copy.jpg,Morning by Caspar David Friedrich (c. 1820).jpg,
Illustration - Untitled.jpeg,Illustration - Abstract Blue Shapes on Dark Canvas.jpeg,
Illustration - Untitled.jpg,"Illustration - Vibrant Surreal Cityscape With Figures, Cats, And Japanese Advertisements.jpg",
Illustration - Vibrant Abstract Digital Art with Splatter Effect.jpeg,Illustration - Vibrant Abstract Digital Art with Colorful Splatter Effect.jpeg,
Illustration - Vibrant Geometric Textile with Abstract Patterns and Fuchsia Border.jpeg,Illustration - Vibrant Geometric Textile with Abstract Patterns and Fuchsia Border.jpeg,
Illustration - Vibrant Illustration of In-N-Out Burger with Classic Cars.jpeg,Illustration - Vibrant Illustration of In-N-Out Burger with Classic Cars.jpeg,
Illustration - Vibrant Landscape Painting of Mountains and Wildflowers.jpg,Meadows Ridge by Gordon Mortensen.jpg,
Illustration - Vibrant Painting of Intertwined Mythical Creatures and Grotesque Forms.jpg,Illustration - Vibrant Painting of Intertwined Mythical Creatures and Grotesque Forms by Aaron Johnson.jpg,
Illustration - Vibrant Painting of Sunset Sky with Orange and Purple Clouds.png,Illustration - Vibrant Painting of Sunset Sky with Orange and Purple Clouds.png,
"Illustration - Vibrant Spring Meadow with Rabbits, Birds, and Flowers.jpg","Illustration - Vibrant Spring Meadow with Rabbits, Birds, and Flowers.jpg",
"Illustration - Vibrant Still Life with Flowers, Candle, and Gift in Distorted Arch.jpg","Illustration - Vibrant Still Life with Flowers, Candle, Gift, and Distorted Arch.jpg",
Illustration - Video Game Character Appears Behind Player In Room.jpg,Illustration - Video Game Character Appears Behind Player In Room.jpg,
Illustration - Vin Diesel Meme About AI Generated Art.jpg,Image - Black And White Vin Diesel Meme About AI Art.jpg,
Illustration - Vintage Botanical Illustration of Red Poppies from a Series.jpg,Illustration - Vintage Illustration of Two Red Poppies.jpg,
Illustration - Vintage Botanical Illustration of a Nasturtium Flower.jpg,Illustration - Vintage Illustration of an Orange Nasturtium Flower.jpg,
Illustration - Vintage Winston Cigarettes Advertisement with Smoking Figures and Riverboat Scene.jpeg,Illustration - Vintage Winston Cigarettes Advertisement with Smoking Figures and Riverboat.jpeg,
"Illustration - Visualizing Sums, Integrals, and Flux with Cows.jpg",Image - Mathematical Symbols Paired with Different Renderings of a Cow.jpg,
Illustration - Volcano Erupting With Plume Of Smoke And Ash.png,Illustration - Volcano Erupting With Large Plume Of Smoke And Ash.png,
Illustration - Warm-Toned Bedroom Interior with Open Door and Golden Light.jpeg,Illustration - Warm-Toned Bedroom Interior With Open Door And Golden Light.jpeg,
Illustration - Watercolor Painting of Orange and Yellow Flowers with Green Leaves.jpeg,Illustration - Watercolor Painting of Orange and Yellow Flowers with Green Leaves by ACAMA.jpeg,
Illustration - Watercolor Sketch of a Cafe Interior with People.jpeg,Illustration - Watercolor Sketch of a Cafe Interior with Baristas and Customers.jpeg,
Illustration - Watercolor and Ink Character Design Sketches for Neon Genesis Evangelion by Yoshiyuki Sadamoto.jpg,Illustration - Watercolor and Ink Character Design Sketches for Evangelion by Yoshiyuki Sadamoto.jpg,
Illustration - Watercolor and Ink Sketch of Parisian Rooftops with Sacré-Cœur.jpg,Illustration - Watercolor and Ink Sketch of Parisian Rooftops with Sacré-Cœur.jpg,
Illustration - Watercolor of a Lone Pine Tree Over Misty Mountains.jpg,Illustration - Watercolor Painting of a Pine Tree and Misty Mountains.jpg,
Illustration - Wheel-Shaped Space Station Orbiting Earth.jpeg,Illustration - Concept Art of a Wheel-Shaped Space Station Orbiting Earth by Orbital Assembly Corporation.jpeg,
Illustration - White Line Drawing Resembling Mechanical Blueprint On Blue Background.jpg,Illustration - Symmetrical White Line Drawing Resembling Blueprint on Blue Background with 'AKAYR'.jpg,
"Illustration - Wikipedia Logo with Connecting People, Connecting Knowledge Slogan.png",Illustration - Stylized Black Hands Enclosing Green Shape With Text Below.png,
Illustration - Winged Figure Kneeling On Clouds With All-Seeing Eye Above.jpeg,Illustration - Winged Figure Kneeling On Clouds With All-Seeing Eye Above.jpeg,
Illustration - Winter Light Through a Doorway with Bare Branch Shadows.jpg,Shadows on Door by Line Holtegaard.jpg,
Illustration - Wireframe 3D Model of a Classical Sculpture Head and Neck.jpg,Illustration - Wireframe 3D Model of Classical Sculpture Head.jpg,
Illustration - Woman And Cat Walking Towards House In Colorful Garden.jpeg,Illustration - Woman And Cat Walking Towards White House In Colorful Garden.jpeg,
Illustration - Woman Covering Boy's Eyes in a Garden.jpg,Illustration - Woman Covering Boy's Eyes in a Garden.jpg,
Illustration - Woman In Red Bathing Suit On Pier With Men Swimming.jpg,Illustration - Woman in Red Bathing Suit on Pier with Men Swimming.jpg,
Illustration - Woman Kicking Soccer Ball on Revista de Revistas Cover by Roberto Bral.jpeg,Illustration - Woman Kicking Soccer Ball on Revista de Revistas Cover.jpeg,
Illustration - Woman With Long Hair Holding Black Cat With Red Eyes.jpeg,Illustration - Stylized Woman With Red Accents Cradling Black Cat.jpeg,
Illustration - Woman With Red Hair And Turtleneck In Retro Style.jpg,Illustration - Illustration of a Woman With Red Hair And Turtleneck.jpg,
Illustration - Woman at Piano with Cat in a Sunlit Room.jpeg,Illustration - Woman at Piano with Cat in Sunlit Room.jpeg,
Illustration - Woman in Blue Dress Looking in Mirror with Black Cat.webp,The Bathroom by Olivier Neuray (2025).webp,
Illustration - Woman in Hooded Coat with Subway Map and Earphones.jpeg,Moscow Prayer by Andrei Shatilov (2018).jpeg,
Illustration - Woman with Long Hair Holding Flowers in a Blue and Green Setting.jpg,Illustration - Woman with Long Hair Holding Flowers in Blue-Green Setting.jpg,
Illustration - Woman's Eyes In Keffiyeh Over Driving Gray Sedan.jpeg,Illustration - Composite Image of Woman's Eyes in Keffiyeh Over Drifting Car.jpeg,
"Illustration - Woman's Face With Red, Orange, And Green Color Blocking.jpeg","Illustration - Woman's Face With Red, Orange, And Green Color Blocking.jpeg",
Illustration - Young Woman Smoking on Bed in Cluttered Room.jpg,Illustration - Young Woman Smoking on Bed in Cluttered Room.jpg,
Illustration - Édouard Manet's 'The Suicide' with an 18th-century quote.jpg,Illustration - Painting of a Suicide with an 18th-Century Quote Below.jpg,
Image - Abstract Painting of a Nude Figure.jpg,Illustration - Abstract Painting of a Standing Nude Figure.jpg,
Image - Abstract Pattern Of Vertical Lines And Central Oval Shape.jpeg,Illustration - Abstract Pattern of Vertical Lines and Central Oval Shape.jpeg,
Image - Abstract Still Life Painting Of Bottles And Vessels.jpg,Illustration - Abstract Still Life Painting Of Bottles And Vessels.jpg,
Image - Black And White Collage Of Headlines About Millennials Killing Industries by theindiealto.jpg,Illustration - Black and White Collage of Headlines About Millennials Killing Industries by theindiealto.jpg,
Image - Black And White Image Of Two Figures In Outdoor Gear With Text.jpg,Illustration - Black And White Image Of Two Figures In Outdoor Gear With Text.jpg,
Image - Cartoon Cat Sleeping Under Quilt With Psychedelic Background.jpg,Illustration - Cartoon Cat Sleeping Under Quilt With Psychedelic Background.jpg,
Image - Cat With Muscular Human Arms Standing On Patio.jpg,Image - Cat with Muscular Human Arms Standing on Patio.jpg,
Image - Close-Up Of Face With Coca-Cola Can And Red Line.jpeg,Illustration - Close-Up Of Face With Red Line And Coca-Cola Can.jpeg,
"Image - Collage of Album Covers and Art Recreations, Featuring Dorian Electra.jpeg",Image - Collage of Album Covers and Art Recreations Featuring Dorian Electra.jpeg,
"Image - Collage of Handwritten Notes, Sketches, and Diagrams on Lined Paper.jpeg","Illustration - Collage of Handwritten Notes, Sketches, Diagrams, and Drawings on Lined Paper.jpeg",
Image - Collage of Satellite Maps and Processed Geographic Data.jpg,Illustration - Collage of Satellite Maps and Processed Geographic Data.jpg,
"Image - Collage of Vintage Technology, Media, and Information Graphics.jpeg","Illustration - Collage of Vintage Technology, Media, and Information Graphics.jpeg",
Image - Comparison of Baker Street Underground Station in 1863 and 2022.jpeg,"Image - Comparison of Baker Street Underground Station, 1863 and 2022.jpeg",
Image - Comparison of Original and AI-Generated Godzilla vs. Kong Images.jpeg,Screenshot - Comparison of Original and AI-Generated Godzilla vs. Kong Scenes.jpeg,
Image - Composite Image of Dark Dripping Head and Grayscale Man's Neck.jpg,Image - Composite Image of Dark Dripping Head and Grayscale Man's Neck.jpg,
"Image - Digital Collage of Glitched Screens, Data Displays, and Medical Imagery with Crosshair.jpg","Illustration - Digital Collage of Glitched Screens, Data Displays, Medical Imagery, Crosshair.jpg",
Image - Dithered Noise Pattern With Greenish-Grey Shapes.png,Illustration - Dithered Noise Pattern With Greenish-Grey Shapes.png,
"Image - Drawing of a Laptop, Microphone, and Apple Charger.jpeg","Illustration - Drawing of a Laptop, Microphone, and Apple Charger.jpeg",
Image - Ethnolinguistic Map of Africa with People and Languages by National Geographic.jpg,Illustration - Ethnolinguistic Map of Africa with People and Languages by Richard M. Powers.jpg,
Image - Exhibition Poster for Joseph Beuys's 'Coyote' Performance.jpg,Coyote by Joseph Beuys (1974).jpg,
"Image - Four Portraits of Celebrities: Cary Grant, Marilyn Monroe, Katherine Hepburn (2).jpg",Illustration - Four Illustrated Portraits of Different Individuals in Various Styles.jpg,
"Image - Four Portraits of Celebrities: Cary Grant, Marilyn Monroe, Katherine Hepburn.jpg","Document - Four Portraits of Cary Grant, Marilyn Monroe, and Katherine Hepburn.jpg",
Image - Framed Painting Of Horseman In Desert Landscape.jpeg,Illustration - Framed Painting Of Horseman In Desert Landscape.jpeg,
Image - Generative Digital Art: Abstract Pink and White Particle Flow.jpg,Illustration - Abstract Pink and White Particle Forms on Black Background.jpg,
Image - Graphic Design Collage of Björk with Pixelated Elements.jpeg,Illustration - Graphic Design Collage of Björk with Pixelated Elements.jpeg,
Image - Grid of Hundreds of Small Abstract Brightly Colored Images.jpeg,Illustration - Grid of Hundreds of Small Abstract Brightly Colored Artworks.jpeg,
Image - Grid of M&M's Characters and Various Music Album Covers.jpg,Image - Grid of M&M's Characters and Various Music Album Covers.jpg,
"Image - Grid of ten book covers, each featuring a woman in a field.png",Illustration - Grid of Ten Book Covers Featuring Woman in Field.png,
Image - Landscape Painting with Figures Fishing and Boating on a Lake.jpeg,Illustration - Landscape Painting with Figures Fishing and Boating on a Lake.jpeg,
"Image - Lined paper with handwritten text, doodles, and yellow sticky notes.jpeg","Document - Lined Paper with Handwritten Text, Doodles, and Sticky Notes.jpeg",
Image - Man in Sunglasses Profile Next to Tetsuo Hara Quote.jpg,Illustration - Man in Sunglasses Profile Next to Tetsuo Hara Quote by Tetsuo Hara.jpg,
Image - Meme Featuring Distorted Drawings On Official Documents With Text Overlay.jpeg,Image - Distorted Scribble Drawings Overlaid on Documents with Text.jpeg,
"Image - Moodboard featuring fashion accessories, apparel, and electronics. by blurple2k.jpg","Illustration - Moodboard Featuring Fashion Accessories, Apparel, And Electronics by blurple2k.jpg",
Image - Oil Painting of Reclining Figure with Expressive Brushstrokes.jpeg,Illustration - Abstract Oil Painting of Reclining Figure.jpeg,
Image - Oil Painting of a Lake Landscape at Sunset with Ducks.jpeg,Illustration - Oil Painting of a Lake Landscape at Sunset with Ducks.jpeg,
Image - Oil Painting of a Mountain Landscape with a Figure.jpg,Illustration - Dark-Clad Figure in Mountainous Landscape with Distant Buildings.jpg,
Image - Painting Of A Black Dog Looking At Its Reflection.jpg,Illustration - Black Dog Looking At Its Reflection In A Mirror.jpg,
Image - Processed Image of a Cat's Head with Limited Color Palette.png,Image - Processed Image of a Cat's Head with Limited Color Palette.png,
Image - Quote Graphic by Morgan Housel on Excel and Word.jpeg,Illustration - Morgan Housel Quote Graphic on Excel and Word.jpeg,
Image - Record Album Back Cover with Woman in Red Dress.jpeg,Document - Back Cover of Album with Four Poses of Woman in Red Dress by Alessandra Mussolini.jpeg,
"Image - Six Cat Artworks by Louis Wain, Varying Styles by Louis Wain.png",Illustration - Six Cat Artworks Showing Progressive Stylistic Changes by Louis Wain.png,
Image - Solid Black Image.gif,Image - Solid Black Rectangle.gif,
Image - Split Image: Picasso Self-Portrait and Abstract Head Drawing.jpg,"First (1896) and Last (1972) Self-Portrait by Pablo Picasso (1896, 1972).jpg",
Image - Still Life Painting Of Various Objects On Shelves.jpeg,Illustration - Still Life Painting Of Diverse Objects On Wooden Shelves.jpeg,
Image - Surreal Sepia Image of Giant Bearded Figure and Crowd.jpg,Illustration - Surreal Sepia Image of Giant Bearded Figure and Crowd.jpg,
Image - Tangled Wires on an Electronic Patch Panel.jpeg,Photograph - Tangled Wires on an Electronic Patch Panel.jpeg,
Image - Textile Art Depicting Boat Hull Reflected In Rippling Water.jpg,Illustration - Textile Art of Boat Hull Reflected in Rippling Water.jpg,
Image - Typed Text Arrangement On Pink Background With Poetic Phrases.jpg,Illustration - Poetic Typed Text Arrangement on Pink Background.jpg,
Image - Vintage Illustration of Man Collapsed on Chair with Humorous Caption.jpg,Image - Man Kneeling on Overturned Chair with Humorous Text.jpg,
Image - Woven Textile Depicting Steps And Railing Submerged In Blue Water.jpg,Pt. Defiance Steps by Cecilia Blomberg.jpg,
Lady in Black by Robert Henri.jpeg,Illustration - Full-Length Portrait Of A Woman In A Black Dress.jpeg,
Memory obstructing Joy.jpeg,"Illustration - Abstract Etching of Interconnected Spheres, Roots, and Radiating Lines.jpeg",
Minimal Grid Drawing by Jan Roehr.jpg,Illustration - Grid Of Repeated Curved Marks On Light Background.jpg,
Nasa-spiders-drugs-experiment (7).jpg,Diagram - Diagram of Spider Webs Spun Under Influence of Various Chemicals.jpg,
Offering Flowers to the Gods by Theodoros Ralli.jpg,Illustration - Woman Offering Flowers To Incense Burner In Classical Setting.jpg,
Paradise of Amida Buddha (Sukhavati) (794-1185).jpg,Paradise of Amida Buddha (Amitabha) (794-1185).jpg,
Parsifal Libretto Cover Design by Peter Hoffer.jpg,Illustration - Line Drawing of Figure with Staff and Dove.jpg,
Portrait of Paquius Proculus and His Wife (c. 79 AD).jpg,Portrait of Terentius Neo (c. 79 AD).jpg,
Screenshot - 3D Modeling Software Interface with Human Figure Model.jpeg,Screenshot - 3D Modeling Software Interface with Human Figure Model.jpeg,
Screenshot - 3D Rendered Spiral Object With Axis Widget.png,Screenshot - 3D Rendered Spiral Object Composed of Repeating Elements with Axis Widget.png,
Screenshot - 3D Software Interface With Geometric Shapes And Speaker Icons.png,Screenshot - 3D Software Interface With Geometric Shapes And Speaker Icons.png,
Screenshot - 4chan Thread About Timothee Chalamet as Bob Dylan.png,Screenshot - Online Forum Screenshot Showing Person Holding Musical Instrument Case.png,
Screenshot - AI Chat Showing Classic And Jailbreak Responses To A Query.png,Screenshot - AI Chatbot Displaying Classic And Jailbreak Responses.png,
Screenshot - AI Image Generation Parameters from ComfyUI.png,Screenshot - AI Image Generation Parameters and Setup Information.png,
Screenshot - About Adobe Photoshop 1.0.7 Dialog On Macintosh.png,"Screenshot - About Adobe Photoshop 1.0.7 Dialog on Macintosh Desktop by Thomas Knoll, John Knoll, Steve Guttman, Russell Brown.png",
Screenshot - Academic Article Search Results Page.jpeg,Screenshot - Academic Article Search Results Page.jpeg,
Screenshot - Adobe Dimensions 3.0 Interface Displaying Wireframe 3D Models by Adobe.png,Screenshot - Screenshot of Adobe Dimensions 3.0 Interface Displaying Wireframe 3D Models.png,
Screenshot - Adobe Genuine Service Alert For Photoshop.jpg,Screenshot - Adobe Genuine Service Alert Window For Old Photoshop Version.jpg,
Screenshot - Adult Helping Child Wear Virtual Reality Headset on Couch.png,Screenshot - Adult Helping Child Wear Virtual Reality Headset on Couch.png,
Screenshot - Aerial View of Agricultural Fields and Urban Area in Khartoum by Google - Maxar Technologies.jpg,Screenshot - Aerial View of Agricultural Fields and Urban Area.jpg,
Screenshot - Aerial View of Lollapalooza Festival and Chicago Skyline.jpeg,Screenshot - Aerial View of Chappell Roan's Performance at Lollapalooza.jpeg,
Screenshot - Aerial View of Police Officers on Modern Patio with Pool.jpeg,Screenshot - Aerial View of Police Officers on Modern Patio with Pool by KTLA.jpeg,
Screenshot - Ami Mizuno and Luna with a basketball by Toei Animation.jpg,Screenshot - Ami Mizuno In Gym Clothes Holding A Basketball With Luna by Toei Animation.jpg,
Screenshot - Animated Blue Dragon Lighting a Cigar by Toei Animation.jpg,Screenshot - Animated Blue Dragon Lighting a Cigar by Toei Animation.jpg,
Screenshot - Apple Store Employees Using Paper Due To System Outage by Michael Billig.png,Screenshot - Store Employees Process Transactions Manually With Paper Forms.png,
Screenshot - Apple Vision Pro Interface In Outdoor Setting.png,Screenshot - Apple Vision Pro Interface Displayed Over Outdoor Parking Lot Scene.png,
Screenshot - Augmented Reality Overlay During Robotic Surgery in Operating Room.png,Screenshot - Augmented Reality Overlay During Robotic Surgery.png,
Screenshot - Bing Chat Analyzing CAPTCHA With Words 'Overlooks' And 'Inquiry'.jpeg,Screenshot - Screenshot of Bing Chat Analyzing a CAPTCHA with Words.jpeg,
Screenshot - Black And White Photo Of Young Thomas Pynchon With Quote.png,Screenshot - Black And White Photo Of Young Thomas Pynchon With Quote.png,
Screenshot - Blender 4.2.1 LTS Interface With Two Face Sketches.png,Screenshot - Blender 4.2.1 LTS Interface Displaying Two Face Sketches.png,
Screenshot - Blender Software Interface Displaying a Sketch of a Face.png,Screenshot - Blender Software Interface Displaying Wireframe Sketch of a Face.png,
Screenshot - Chat Interface Showing Service Discontinuation and Server Shutdown Messages.jpeg,Screenshot - Chat Interface Showing Service Discontinuation and Server Shutdown Messages.jpeg,
Screenshot - Chatbot Interface Displaying Simple Sunset Illustration.jpeg,Screenshot - Chatbot Interface Displaying Simple Sunset Illustration Using Basic Shapes.jpeg,
Screenshot - Child Wearing VR Headset Points While Sitting With Adult.png,Screenshot - Child Wearing VR Headset Points While Sitting With Adult.png,
Screenshot - Cillian Murphy as Oppenheimer Speaking with Subtitles.jpeg,Screenshot - Man in Suit Speaking with Subtitles to Another Person.jpeg,
Screenshot - Colorful Wireframe 3D Model of a Room.png,Screenshot - Colorful Wireframe 3D Model of a Bedroom Interior.png,
Screenshot - Complex Modular Synthesizer Software Interface With Many Connections.png,Screenshot - Complex Modular Synthesizer Software Interface With Many Connections.png,
Screenshot - Computer Screen Displaying Text With Inset Of Hands Using Ergonomic Devices.png,"Screenshot - Computer Screen Displaying Text, Inset Of Hands Using Ergonomic Devices.png",
"Screenshot - Definitions of Knowledge, Ethics, Vision, Valor, Empathy-Love.jpeg","Screenshot - Definitions of Knowledge, Ethics, Vision, Valor, Empathy-Love.jpeg",
Screenshot - Digital Audio Synthesizer Interface Labeled Serum 98.png,Screenshot - Digital Audio Synthesizer Software Interface With Waveforms And Keyboard.png,
Screenshot - Digital Audio Workstation Interface with Tracks and Effects.jpeg,"Screenshot - Digital Audio Workstation Interface with Tracks, Effects, and Mixer Controls.jpeg",
Screenshot - Digital Dress-Up Game Interface Featuring Sailor Moon Character And Outfits by Avi.png,Screenshot - Screenshot of a Sailor Moon dress-up game interface. by Avi.png,
Screenshot - Digital Image with Text Overlay on Orange Background.jpeg,Image - White Text on Orange Textured Background with Illegible Symbols.jpeg,
Screenshot - Digital Painting Software Interface Showing Stylized Female Face.jpeg,Screenshot - Screenshot of Digital Painting Software Interface with Stylized Female Face.jpeg,
Screenshot - Elderly Bearded Man Interviewed Outdoors In Snowy Landscape With Subtitles.png,Screenshot - Elderly Bearded Monk Interviewed Outdoors In Snowy Landscape With Subtitles.png,
Screenshot - Gameplay Screenshot from Persona 5 Royal Featuring Tanaka Character by Atlus.jpg,Screenshot - Video Game Scene With Character In Sunglasses And Speech Bubble.jpg,
Screenshot - Ghost in the Shell by Mamoru Oshii.jpeg,"Screenshot - Two Men, One With White Face Paint, Holding Laptop by Iain Softley.jpeg",
Screenshot - Glitchy Digital Interface With Abstract Figures And Text Windows.jpg,Screenshot - Glitchy Digital Interface With Abstract Figures And Text Windows.jpg,
Screenshot - Google Images Search Results Showing Crab Nebula and The Fall of the Damned.png,Screenshot - Google Images Search Results Showing Crab Nebula and The Fall of the Damned.png,
Screenshot - Headshot Of A Young Man With Glasses.png,Screenshot - Headshot Of A Young Man Wearing Glasses.png,
Screenshot - Heart rate when my wife asked for a divorce [OC].jpeg,Screenshot - Heart rate when my wife asked for a divorce [OC] by u-PM_ME_YOUR_RECOMMEND.jpeg,
Screenshot - House (Hausu) by Nobuhiko Obayashi.png,Screenshot - Woman in Kimono with Cat-like Figure Behind Her by Nobuhiko Obayashi.png,
Screenshot - In-Game Chat Log with Korean and English Text.jpg,Screenshot - In-Game Chat Log with Korean and English Text.jpg,
Screenshot - Isometric Grid Puzzle Video Game Interface with Digital Displays.jpg,Screenshot - Isometric Grid Puzzle Video Game Interface with Digital Displays on Blue.jpg,
Screenshot - Japanese Weather Report With Presenter And Digital Tunnel Effect Display.jpeg,Screenshot - Japanese Weather Presenter With Digital Tunnel Effect On Screen.jpeg,
Screenshot - Jennifer Connelly Crying While Holding a Phone.jpg,Screenshot - Requiem for a Dream by Darren Aronofsky.jpg,
Screenshot - King Baldwin IV in Mask and Robes by Ridley Scott.jpg,Screenshot - Masked King Baldwin IV in White Robes on Throne.jpg,
Screenshot - Life of Pi Film VFX Breakdown with Man in Lifeboat.png,Screenshot - Man in Lifeboat on Green Screen Water with Grid Sky.png,
Screenshot - Link from The Faces of Evil Cutscene by Animation Magic.jpg,Screenshot - Animated Character With Blonde Hair And Pointy Ears Gesturing.jpg,
Screenshot - List of qualities intelligence should be paired with.jpeg,Screenshot - List of Qualities Intelligence Should Be Paired With.jpeg,
Screenshot - Low-Poly 3D City Street with Pink Car and Street View UI.jpg,Screenshot - Low-Poly 3D City Street with Pink Car and Street View UI.jpg,
"Screenshot - Mads Mikkelsen in Four Poses: Thinking, Smoking, Drinking.jpg","Screenshot - Mads Mikkelsen Thinking, Smoking, and Drinking Wine.jpg",
Screenshot - Maggie Simpson Watching TV in The Shinning Parody by Matt Groening.jpeg,Screenshot - Maggie Simpson Watching TV in a Liminal Hallway by Matt Groening.jpeg,
Screenshot - Magibook Ad Simplifying The Great Gatsby Text by u-Magibook.jpeg,Screenshot - Screenshot of Magibook Ad Simplifying The Great Gatsby Text.jpeg,
Screenshot - Main Characters from The Wizard of Oz Film.jpg,"Screenshot - Dorothy, Tin Man, Scarecrow, and Cowardly Lion by Victor Fleming.jpg",
Screenshot - Man In Suit Looking At Laptop Above Demanding Text About Deleuze.jpg,Screenshot - Man In Suit Looking At Laptop Above Demanding Text.jpg,
Screenshot - Man With Confused Expression Against Gray Background.png,Screenshot - Man With Confused Expression Against Gray Background by Limmy.png,
Screenshot - Mario and Penguin with 'You Cheated' Dialogue by Nintendo.jpeg,Screenshot - Mario and Penguin with 'You Cheated' Dialogue by Nintendo.jpeg,
Screenshot - Mark Zuckerberg and Jesse Eisenberg on Saturday Night Live stage.webp,Screenshot - Mark Zuckerberg and Jesse Eisenberg on Saturday Night Live Stage.webp,
Screenshot - Max-MSP Patcher and Video Player Displaying LandMap.jpg,Screenshot - Screenshot of a Visual Programming Environment and a Video Player Displaying a Landscape.jpg,
Screenshot - Media Offline Message In Multiple Languages.png,Screenshot - Media Offline Message Displayed In Multiple Languages.png,
Screenshot - Meme of Man Hanging Onto 'Boing!' Delivery Truck.jpeg,Image - Man Hanging Onto Back Of 'Boing!' Delivery Truck.jpeg,
Screenshot - Men In A Club Holding Stacks Of Money.png,"Screenshot - Men In A Club Holding Stacks Of Money, One Wearing Goggles.png",
Screenshot - Microsoft Paint Screenshot of Bliss Wallpaper with Seated Figure.png,Screenshot - Microsoft Paint Screenshot of Pixel Art Landscape with Seated Figure.png,
Screenshot - Mixed Reality Interface with Virtual Screens and Tropical Background.jpeg,Screenshot - Mixed Reality Interface with Virtual Screens and Tropical Beach Background.jpeg,
Screenshot - Monochrome Graphics Software Interface with Abstract Drawing.png,Screenshot - Monochrome Graphics Software Interface with Abstract Drawing and Menus.png,
Screenshot - Mountain Dew Can In Dome With AI Technology Text.jpg,Screenshot - Screenshot of Mountain Dew AI Technology Promotion with Panopticon.jpg,
Screenshot - North American Smoke Forecast Map Showing Vertically Integrated Smoke by NOAA.png,Screenshot - North American Smoke Forecast Map with Vertically Integrated Smoke Data.png,
Screenshot - Online Forum Discussion About Music Software.jpg,Screenshot - Screenshot of an Online Forum Discussion About Music Software.jpg,
Screenshot - Person In Long Coat And Hat Walking Through Barren Landscape.png,Screenshot - Person In Long Coat And Hat Walking Through Barren Landscape.png,
Screenshot - Person In Mask And Hoodie Looking Through Vehicle Partition.webp,Screenshot - Person in Mask and Hoodie Looks Through Police Vehicle Partition.webp,
Screenshot - Person Wearing Hat With Text On Omegle.png,Screenshot - Screenshot of a Person on Omegle Wearing a Hat With Text.png,
Screenshot - Person's Face With Facial Landmark Tracking Dots.png,Screenshot - Person's Face With Blue Facial Landmark Tracking Dots.png,
Screenshot - Pingu Reading Newspaper Next To Record Player And Chair by Otmar Gutmann.gif,Screenshot - Pingu Reading Newspaper Next To Record Player And Chair by Otmar Gutmann.gif,
Screenshot - Pixelated Anime Character With Dialogue Box Against Orange Sky.jpeg,Screenshot - Pixelated Anime Character Lyn With Dialogue Box Against Orange Sky.jpeg,
Screenshot - Pixelated Armored Figure With Spear And Shield In Computer Window.png,Screenshot - Pixelated Armored Figure With Spear And Shield In Computer Window.png,
Screenshot - Pixelated Knight in Retro Computer Window.jpeg,Illustration - Pixelated Knight in Retro Computer Window.jpeg,
Screenshot - Presentation Slide About Roblox Dating Experiences and Relationships.jpeg,Screenshot - Presentation Slide About Roblox Dating Experiences With Speaker.jpeg,
Screenshot - Reddit Post About HP Printer Blocking Non-HP Ink.jpg,Screenshot - Reddit Post Showing HP Printer Blocking Non-HP Ink.jpg,
Screenshot - Reddit Post Discussing The Matrix Resurrections.png,Screenshot - Reddit Post Discussing A Movie's Intentional Badness.png,
Screenshot - Reddit Post Displaying Abstract Generative Art With Swirling Lines.jpeg,Screenshot - Screenshot of Reddit Post Displaying Abstract Generative Art.jpeg,
Screenshot - Retro Computer Emulator Displaying Green Pixelated Portrait.jpg,Screenshot - Green Pixelated Portrait of Lain in MEKA Emulator.jpg,
Screenshot - Robert De Niro as Travis Bickle Lying on Couch by Martin Scorsese.png,Screenshot - Taxi Driver by Martin Scorsese.png,
Screenshot - Screenshot Of Numerical Data And Code Reference.jpg,Screenshot - Screenshot Of Numerical Data And Code Reference.jpg,
Screenshot - Screenshot Of Text And Symbols In A Digital Interface.jpg,"Screenshot - Screenshot Of Text, Binary Code, And Symbols In A Digital Interface.jpg",
Screenshot - Screenshot of Abstract White Lines on Purple Background.png,Screenshot - Screenshot of Abstract White Lines on Purple Background.png,
Screenshot - Screenshot of News Article on Vacant Homes and Homelessness.jpeg,Screenshot - Screenshot of News Article About Vacant Homes and Homelessness.jpeg,
Screenshot - Screenshot of Pixelated Cloaked Figure in Window Frame.jpeg,Screenshot - Pixelated Cloaked Figure Holding Sword in Window Frame.jpeg,
Screenshot - Screenshot of Sketchbook with Two Male Portrait Drawings and Person.png,Screenshot - Screenshot of Sketchbook with Two Male Portrait Drawings and Person.png,
Screenshot - Screenshot of Wikipedia Page for 'This Man' with Drawing.jpg,Screenshot - Screenshot of Wikipedia Page Featuring 'This Man' Drawing.jpg,
Screenshot - Screenshot of a 3D modeling environment with geometric shapes.png,Screenshot - Screenshot of a 3D Modeling Environment with Geometric Shapes.png,
Screenshot - Screenshot of a Generative Drawing with Three Swirling Forms.png,Screenshot - Screenshot of Generative Drawing with Three Swirling Forms.png,
Screenshot - Screenshot of a MacPaint-like program with abstract coiled shapes and 'HI MAC' text.png,Screenshot - Screenshot of a MacPaint-like Program With Coiled Shapes and 'HI MAC' Text.png,
Screenshot - Screenshot of a Pixelated Human Silhouette.jpeg,Screenshot - Screenshot of a Pixelated Human Silhouette in a Window.jpeg,
Screenshot - Screenshot of a Thermal Image of a Pomeranian Dog.jpeg,Screenshot - Screenshot of a Thermal Image of a Pomeranian Dog.jpeg,
Screenshot - Screenshot of a Webpage Titled 'Digital Omnivore'.jpg,Screenshot - Cuddling With Multiple Devices.jpg,
Screenshot - Screenshot of a document describing the Euthanasia Coaster with a diagram.png,Screenshot - Screenshot of Text Describing Euthanasia Coaster with Diagram.png,
Screenshot - Screenshot of a drawing program displaying abstract vaporwave-style pixel art.jpeg,Screenshot - Screenshot of a Drawing Program Displaying Abstract Pixel Art.jpeg,
Screenshot - Screenshot of a game development environment with abstract textured planes.png,Screenshot - Screenshot of Game Development Environment with Abstract Textured Planes.png,
Screenshot - Screenshot of a messaging app with redacted chat bubbles.png,Screenshot - Screenshot of a Messaging App with Redacted Chat Bubbles.png,
Screenshot - Screenshot of a person performing a pose on a social media app.jpg,Screenshot - Screenshot of a Person Performing a Flexible Pose on Social Media.jpg,
Screenshot - Silhouetted Figures On Horseback Against Dark Blue Sky.png,Screenshot - Silhouetted Figures On Horseback Against Dark Blue Sky.png,
Screenshot - Silhouettes Of Horse Riders Against A Cloudy Sky.png,Screenshot - Silhouettes of Horse Riders Against a Cloudy Sky.png,
Screenshot - Simple Drawing Of City With Cars And Buildings.jpg,Screenshot - Screenshot of Simple Line Drawing of City with Buildings and Cars.jpg,
Screenshot - Soccer Player On Field With Ball And Santander Banner.jpg,Screenshot - Soccer Player On Field With Ball And Santander Banner.jpg,
Screenshot - Social Media Feed Showing News Headlines About Amazon and Jeff Bezos.png,Screenshot - Social Media Feed Showing News Headlines About Amazon and Jeff Bezos.png,
Screenshot - Social Media Post Featuring ASCII Art And Engagement Metrics.jpeg,Screenshot - Social Media Post Featuring ASCII Art Character.jpeg,
Screenshot - Social Media Post Featuring Vanilla Ice in American Flag Jacket by Frasier Payne.jpeg,Screenshot - Social Media Post Featuring Vanilla Ice in American Flag Jacket.jpeg,
Screenshot - Social Media Post With Text And Suburban Street Photograph.png,Screenshot - Social Media Post With Text And Suburban Street Photograph.png,
Screenshot - Social Media Post by Osman: 'All Those Ghost Signatures Tell A Sad Story.' by osman.png,Screenshot - Screenshot of a Social Media Post by User 'osman'.png,
Screenshot - Soundscape Editor Digital Audio Workstation Interface.jpg,Screenshot - Soundscape Editor Digital Audio Workstation Interface with Waveforms and Controls.jpg,
Screenshot - Stylized Human Head Within Geometric Wireframe Structure.png,Illustration - Golden Stylized Human Head in Geometric Wireframe.png,
Screenshot - Surreal Abstract Drawing Displayed in Microsoft Paint Interface.jpeg,Screenshot - Surreal Abstract Drawing Displayed in Microsoft Paint.jpeg,
"Screenshot - Text ""(You)"" Underlined on a Light Background.png",Screenshot - Underlined Text '(You)' on Light Background.png,
"Screenshot - Text About Consciousness, Neural Activity, And Pseudoscience.jpeg","Screenshot - Text About Consciousness, Neural Activity, And Pseudoscience.jpeg",
Screenshot - Text About Vostok Station Incident In 1959.jpg,Screenshot - Text Describing Vostok Station Chess Incident.jpg,
Screenshot - Text Describing An Ideal Social Order.png,Screenshot - Screenshot of Text Describing an Ideal Social Order.png,
Screenshot - Text Describing The Killing Of Tim McLean.jpg,Screenshot - Text Describing The Killing Of Tim McLean.jpg,
Screenshot - The Joker From Batman: The Animated Series.jpg,Screenshot - The Joker Sitting With Hands Clasped From Batman: The Animated Series.jpg,
Screenshot - Three Blurred Virtual Avatars with Usernames Below.jpeg,Screenshot - Three Virtual Avatars with Usernames in Apple Vision Pro Interface.jpeg,
Screenshot - Three Panels Showing Skateboarders In A Cel-Shaded Video Game.png,Screenshot - Three Cel-Shaded Video Game Panels Featuring Skateboarders In Urban Settings.png,
"Screenshot - Twitter Post Showing Man Holding ""REAL NIGGA"" Sign on Roadside by Alonzo Merriweather.jpg",Screenshot - Screenshot of a Twitter Post Showing Man Holding Sign by Alonzo Merriweather.jpg,
Screenshot - Twitter Post by Abraham Ash with Cartoon of Man Writing.png,Screenshot - Twitter Post with Cartoon of Man Writing.png,
Screenshot - Two Avatars On Motorcycle Near Tropical Island Helipad.jpg,Screenshot - Two Avatars On Motorcycle Near Tropical Island Helipad.jpg,
Screenshot - Two Facebook Profiles With Matching Kissing Photos.jpeg,Screenshot - Two Facebook Profiles With Matching Kissing Photos.jpeg,
"Screenshot - Two People In A Room, One Lying On Chair (2).jpeg","Screenshot - Stephen McDaniel And Interrogator In A Room, One Lying On Chair.jpeg",
"Screenshot - Two People In A Room, One Lying On Chair.jpeg","Screenshot - Man Lying Backwards On Chair, Another Person Watches.jpeg",
Screenshot - Unity Engine Screenshot Showing 3D Scene With Camera Object.png,Screenshot - Unity Engine Screenshot Showing 3D Scene With Camera Object.png,
Screenshot - View of Earth from Space with Clouds and Stars by Stanley Kubrick.jpeg,Screenshot - Close-up View of Earth from Space with Clouds and Stars.jpeg,
"Screenshot - Vintage Spreadsheet Displaying Items, Costs, Subtotal, And Total.png","Screenshot - Vintage Green Text Spreadsheet Displaying Items, Costs, And Totals.png",
"Screenshot - Virtual Newsroom With Multiple Screens Displaying Weather, News, And Celestial Data.jpeg",Screenshot - Virtual Newsroom With Multiple Data Screens And Avatar.jpeg,
Screenshot - Virtual Newsroom With Panels About Israel-Gaza Conflict.jpeg,Screenshot - Virtual Newsroom Interface With Panels About Israel-Gaza Conflict.jpeg,
Screenshot - Virtual Room With Russia-Ukraine News Panels.jpeg,Screenshot - Virtual Room With Russia-Ukraine News Panels And Map.jpeg,
Screenshot - Virtual World Environment With Dome Buildings And UI Elements.jpeg,Screenshot - Virtual World Environment With Dome Buildings And UI Elements.jpeg,
Screenshot - Webpage About Bunkers In Albania And Their Uses.jpg,Screenshot - Screenshot of a Webpage About Bunkers in Albania.jpg,
Screenshot - Wikipedia Page About Danger Triangle Of The Face.jpeg,Screenshot - Close-Up Of Face With Red Triangle Over Nose And Mouth.jpeg,
Screenshot - Wikipedia Page About Extreme Ironing With Photo.jpg,Screenshot - Text About Extreme Ironing With Photo Of Person Ironing On Cliff.jpg,
Screenshot - Wikipedia Page Showing World War II POW Death Rates Table.jpeg,Screenshot - Screenshot of Wikipedia Page Showing World War II POW Death Rates.jpeg,
Screenshot - Windows Media Player Showing Abstract Visualization And Radio Information.jpg,Screenshot - Windows Media Player Displaying Red Abstract Sound Visualization And Radio Information by Microsoft.jpg,
Screenshot - Yale University School of Art Website with Cookie Monster Image.png,Screenshot - Screenshot of Yale University School of Art Website with Cookie Monster.png,
Screenshot - YouTube Comment About Data Centers.png,Screenshot - YouTube Comment About Data Centers by @jeremykoleske7853.png,
Screenshot - YouTube Policy Question About Altered Or Synthetic Content.png,Screenshot - YouTube Policy Question About Altered Or Synthetic Content.png,
Screenshot - YouTube Video Thumbnail Of Two Bishops Firing Energy Beams by GMHikaru.png,Screenshot - YouTube Video Thumbnail of Two Bishops Firing Energy Beams by GMHikaru.png,
"Studies of Pierre Renoir, His Mother Aline, and Others by Pierre-Auguste Renoir.jpg","Studies of Pierre Renoir; His Mother, Aline Charigot; Nudes; and Landscape by Pierre-Auguste Renoir (c. 1890-1895).jpg",
Taima Mandala.jpg,Taima Mandala (1615–1868).jpg,
Taima Mandala: Amida Welcomes Chūjō-hime to the Western Paradise (c. 763 AD).jpg,Taima Temple Mandala: Amida Welcomes Chūjōhime to the Western Paradise (c. 763).jpg,
The Animator's Survival Kit by Richard Williams.png,"Document - Compilation of Educational Information, Including Art School Details and Career Data.png",
Two Men in Western Attire by James Montgomery Flagg.jpg,"Illustration - Two Men in Western Attire, Pen and Ink Drawing by James Montgomery Flagg.jpg",
Walk on the Beach by Joaquin Sorolla.jpeg,Walk on the Beach by Joaquin Sorolla.jpeg,
Woman Bending Over a Mat in an Interior by Théodore Ralli.jpg,Illustration - Person Bending Over Mat In Interior.jpg,
portrait-of-iranian-shiite-muslim-men-with-their-faces-hidden-by-a-H9CBAG.jpg,Photograph - Two Veiled Men Holding Hands Standing Barefoot Against Wall.jpg,
portrait-of-iranian-shiite-muslim-men-with-their-faces-hidden-by-a-H9CBAJ.jpg,Photograph - Two Men with Faces Covered by Black Veils.jpg,
